date,cash_$,invested_$,equity_$,open_positions,deposited_$
2003-11-26,1530.0,270.0,1800.0,1,1800.0
2003-11-27,1530.0,270.0,1800.0,1,1800.0
2003-11-28,1530.0,270.0,1800.0,1,1800.0
2003-11-29,1530.0,270.0,1800.0,1,1800.0
2003-11-30,1530.0,270.0,1800.0,1,1800.0
2003-12-01,1730.0,270.0,2000.0,1,2000.0
2003-12-02,1730.0,270.0,2000.0,1,2000.0
2003-12-03,1730.0,270.0,2000.0,1,2000.0
2003-12-04,1730.0,270.0,2000.0,1,2000.0
2003-12-05,1730.0,270.0,2000.0,1,2000.0
2003-12-06,1730.0,270.0,2000.0,1,2000.0
2003-12-07,1730.0,270.0,2000.0,1,2000.0
2003-12-08,1730.0,270.0,2000.0,1,2000.0
2003-12-09,1730.0,270.0,2000.0,1,2000.0
2003-12-10,1730.0,270.0,2000.0,1,2000.0
2003-12-11,1730.0,270.0,2000.0,1,2000.0
2003-12-12,1730.0,270.0,2000.0,1,2000.0
2003-12-13,1730.0,270.0,2000.0,1,2000.0
2003-12-14,1730.0,270.0,2000.0,1,2000.0
2003-12-15,1730.0,270.0,2000.0,1,2000.0
2003-12-16,1730.0,270.0,2000.0,1,2000.0
2003-12-17,1730.0,270.0,2000.0,1,2000.0
2003-12-18,1730.0,270.0,2000.0,1,2000.0
2003-12-19,1730.0,270.0,2000.0,1,2000.0
2003-12-20,1730.0,270.0,2000.0,1,2000.0
2003-12-21,1730.0,270.0,2000.0,1,2000.0
2003-12-22,1730.0,270.0,2000.0,1,2000.0
2003-12-23,1730.0,270.0,2000.0,1,2000.0
2003-12-24,1730.0,270.0,2000.0,1,2000.0
2003-12-25,1730.0,270.0,2000.0,1,2000.0
2003-12-26,2003.51,0.0,2003.51,0,2000.0
2003-12-27,2003.51,0.0,2003.51,0,2000.0
2003-12-28,2003.51,0.0,2003.51,0,2000.0
2003-12-29,2003.51,0.0,2003.51,0,2000.0
2003-12-30,2003.51,0.0,2003.51,0,2000.0
2003-12-31,2003.51,0.0,2003.51,0,2000.0
2004-01-01,2203.51,0.0,2203.51,0,2200.0
2004-01-02,2203.51,0.0,2203.51,0,2200.0
2004-01-03,2203.51,0.0,2203.51,0,2200.0
2004-01-04,2203.51,0.0,2203.51,0,2200.0
2004-01-05,2203.51,0.0,2203.51,0,2200.0
2004-01-06,2203.51,0.0,2203.51,0,2200.0
2004-01-07,2203.51,0.0,2203.51,0,2200.0
2004-01-08,2203.51,0.0,2203.51,0,2200.0
2004-01-09,2203.51,0.0,2203.51,0,2200.0
2004-01-10,2203.51,0.0,2203.51,0,2200.0
2004-01-11,2203.51,0.0,2203.51,0,2200.0
2004-01-12,2203.51,0.0,2203.51,0,2200.0
2004-01-13,2203.51,0.0,2203.51,0,2200.0
2004-01-14,2203.51,0.0,2203.51,0,2200.0
2004-01-15,2203.51,0.0,2203.51,0,2200.0
2004-01-16,2203.51,0.0,2203.51,0,2200.0
2004-01-17,2203.51,0.0,2203.51,0,2200.0
2004-01-18,2203.51,0.0,2203.51,0,2200.0
2004-01-19,2203.51,0.0,2203.51,0,2200.0
2004-01-20,2203.51,0.0,2203.51,0,2200.0
2004-01-21,2203.51,0.0,2203.51,0,2200.0
2004-01-22,2203.51,0.0,2203.51,0,2200.0
2004-01-23,2203.51,0.0,2203.51,0,2200.0
2004-01-24,2203.51,0.0,2203.51,0,2200.0
2004-01-25,2203.51,0.0,2203.51,0,2200.0
2004-01-26,2203.51,0.0,2203.51,0,2200.0
2004-01-27,2203.51,0.0,2203.51,0,2200.0
2004-01-28,2203.51,0.0,2203.51,0,2200.0
2004-01-29,2203.51,0.0,2203.51,0,2200.0
2004-01-30,1828.91,374.6,2203.51,1,2200.0
2004-01-31,1828.91,374.6,2203.51,1,2200.0
2004-02-01,2028.91,374.6,2403.51,1,2400.0
2004-02-02,2028.91,374.6,2403.51,1,2400.0
2004-02-03,2028.91,374.6,2403.51,1,2400.0
2004-02-04,2028.91,374.6,2403.51,1,2400.0
2004-02-05,2028.91,374.6,2403.51,1,2400.0
2004-02-06,2028.91,374.6,2403.51,1,2400.0
2004-02-07,2028.91,374.6,2403.51,1,2400.0
2004-02-08,2028.91,374.6,2403.51,1,2400.0
2004-02-09,2028.91,374.6,2403.51,1,2400.0
2004-02-10,2028.91,374.6,2403.51,1,2400.0
2004-02-11,2028.91,374.6,2403.51,1,2400.0
2004-02-12,2028.91,374.6,2403.51,1,2400.0
2004-02-13,2028.91,374.6,2403.51,1,2400.0
2004-02-14,2028.91,374.6,2403.51,1,2400.0
2004-02-15,2028.91,374.6,2403.51,1,2400.0
2004-02-16,2028.91,374.6,2403.51,1,2400.0
2004-02-17,2028.91,374.6,2403.51,1,2400.0
2004-02-18,2028.91,374.6,2403.51,1,2400.0
2004-02-19,2028.91,374.6,2403.51,1,2400.0
2004-02-20,2028.91,374.6,2403.51,1,2400.0
2004-02-21,2028.91,374.6,2403.51,1,2400.0
2004-02-22,2028.91,374.6,2403.51,1,2400.0
2004-02-23,2028.91,374.6,2403.51,1,2400.0
2004-02-24,2028.91,374.6,2403.51,1,2400.0
2004-02-25,2028.91,374.6,2403.51,1,2400.0
2004-02-26,2028.91,374.6,2403.51,1,2400.0
2004-02-27,2028.91,374.6,2403.51,1,2400.0
2004-02-28,2028.91,374.6,2403.51,1,2400.0
2004-02-29,2028.91,374.6,2403.51,1,2400.0
2004-03-01,2616.51,0.0,2616.51,0,2600.0
2004-03-02,2616.51,0.0,2616.51,0,2600.0
2004-03-03,2616.51,0.0,2616.51,0,2600.0
2004-03-04,2616.51,0.0,2616.51,0,2600.0
2004-03-05,2616.51,0.0,2616.51,0,2600.0
2004-03-06,2616.51,0.0,2616.51,0,2600.0
2004-03-07,2616.51,0.0,2616.51,0,2600.0
2004-03-08,2616.51,0.0,2616.51,0,2600.0
2004-03-09,2616.51,0.0,2616.51,0,2600.0
2004-03-10,2616.51,0.0,2616.51,0,2600.0
2004-03-11,2616.51,0.0,2616.51,0,2600.0
2004-03-12,2616.51,0.0,2616.51,0,2600.0
2004-03-13,2616.51,0.0,2616.51,0,2600.0
2004-03-14,2616.51,0.0,2616.51,0,2600.0
2004-03-15,2616.51,0.0,2616.51,0,2600.0
2004-03-16,2616.51,0.0,2616.51,0,2600.0
2004-03-17,2616.51,0.0,2616.51,0,2600.0
2004-03-18,2616.51,0.0,2616.51,0,2600.0
2004-03-19,2616.51,0.0,2616.51,0,2600.0
2004-03-20,2616.51,0.0,2616.51,0,2600.0
2004-03-21,2616.51,0.0,2616.51,0,2600.0
2004-03-22,2616.51,0.0,2616.51,0,2600.0
2004-03-23,2616.51,0.0,2616.51,0,2600.0
2004-03-24,2616.51,0.0,2616.51,0,2600.0
2004-03-25,2616.51,0.0,2616.51,0,2600.0
2004-03-26,2616.51,0.0,2616.51,0,2600.0
2004-03-27,2616.51,0.0,2616.51,0,2600.0
2004-03-28,2616.51,0.0,2616.51,0,2600.0
2004-03-29,2616.51,0.0,2616.51,0,2600.0
2004-03-30,2616.51,0.0,2616.51,0,2600.0
2004-03-31,2616.51,0.0,2616.51,0,2600.0
2004-04-01,2816.51,0.0,2816.51,0,2800.0
2004-04-02,2816.51,0.0,2816.51,0,2800.0
2004-04-03,2816.51,0.0,2816.51,0,2800.0
2004-04-04,2816.51,0.0,2816.51,0,2800.0
2004-04-05,2816.51,0.0,2816.51,0,2800.0
2004-04-06,2816.51,0.0,2816.51,0,2800.0
2004-04-07,2816.51,0.0,2816.51,0,2800.0
2004-04-08,2816.51,0.0,2816.51,0,2800.0
2004-04-09,2816.51,0.0,2816.51,0,2800.0
2004-04-10,2816.51,0.0,2816.51,0,2800.0
2004-04-11,2816.51,0.0,2816.51,0,2800.0
2004-04-12,2816.51,0.0,2816.51,0,2800.0
2004-04-13,2816.51,0.0,2816.51,0,2800.0
2004-04-14,2816.51,0.0,2816.51,0,2800.0
2004-04-15,2816.51,0.0,2816.51,0,2800.0
2004-04-16,2816.51,0.0,2816.51,0,2800.0
2004-04-17,2816.51,0.0,2816.51,0,2800.0
2004-04-18,2816.51,0.0,2816.51,0,2800.0
2004-04-19,2816.51,0.0,2816.51,0,2800.0
2004-04-20,2816.51,0.0,2816.51,0,2800.0
2004-04-21,2816.51,0.0,2816.51,0,2800.0
2004-04-22,2816.51,0.0,2816.51,0,2800.0
2004-04-23,2816.51,0.0,2816.51,0,2800.0
2004-04-24,2816.51,0.0,2816.51,0,2800.0
2004-04-25,2816.51,0.0,2816.51,0,2800.0
2004-04-26,2816.51,0.0,2816.51,0,2800.0
2004-04-27,2337.7,478.81,2816.51,1,2800.0
2004-04-28,1774.4,1042.11,2816.51,2,2800.0
2004-04-29,788.62,2027.89,2816.51,4,2800.0
2004-04-30,788.62,2027.89,2816.51,4,2800.0
2004-05-01,988.62,2027.89,3016.51,4,3000.0
2004-05-02,988.62,2027.89,3016.51,4,3000.0
2004-05-03,988.62,2027.89,3016.51,4,3000.0
2004-05-04,988.62,2027.89,3016.51,4,3000.0
2004-05-05,988.62,2027.89,3016.51,4,3000.0
2004-05-06,988.62,2027.89,3016.51,4,3000.0
2004-05-07,988.62,2027.89,3016.51,4,3000.0
2004-05-08,988.62,2027.89,3016.51,4,3000.0
2004-05-09,988.62,2027.89,3016.51,4,3000.0
2004-05-10,988.62,2027.89,3016.51,4,3000.0
2004-05-11,988.62,2027.89,3016.51,4,3000.0
2004-05-12,988.62,2027.89,3016.51,4,3000.0
2004-05-13,988.62,2027.89,3016.51,4,3000.0
2004-05-14,988.62,2027.89,3016.51,4,3000.0
2004-05-15,988.62,2027.89,3016.51,4,3000.0
2004-05-16,988.62,2027.89,3016.51,4,3000.0
2004-05-17,988.62,2027.89,3016.51,4,3000.0
2004-05-18,988.62,2027.89,3016.51,4,3000.0
2004-05-19,988.62,2027.89,3016.51,4,3000.0
2004-05-20,988.62,2027.89,3016.51,4,3000.0
2004-05-21,988.62,2027.89,3016.51,4,3000.0
2004-05-22,988.62,2027.89,3016.51,4,3000.0
2004-05-23,988.62,2027.89,3016.51,4,3000.0
2004-05-24,988.62,2027.89,3016.51,4,3000.0
2004-05-25,988.62,2027.89,3016.51,4,3000.0
2004-05-26,988.62,2027.89,3016.51,4,3000.0
2004-05-27,956.05,2062.18,3018.23,4,3000.0
2004-05-28,898.09,2098.12,2996.21,4,3000.0
2004-05-29,898.09,2098.12,2996.21,4,3000.0
2004-05-30,898.09,2098.12,2996.21,4,3000.0
2004-05-31,898.09,2098.12,2996.21,4,3000.0
2004-06-01,2053.28,1112.34,3165.62,2,3200.0
2004-06-02,2053.28,1112.34,3165.62,2,3200.0
2004-06-03,2053.28,1112.34,3165.62,2,3200.0
2004-06-04,2053.28,1112.34,3165.62,2,3200.0
2004-06-05,2053.28,1112.34,3165.62,2,3200.0
2004-06-06,2053.28,1112.34,3165.62,2,3200.0
2004-06-07,2053.28,1112.34,3165.62,2,3200.0
2004-06-08,2053.28,1112.34,3165.62,2,3200.0
2004-06-09,2053.28,1112.34,3165.62,2,3200.0
2004-06-10,2712.44,513.1,3225.54,1,3200.0
2004-06-11,2712.44,513.1,3225.54,1,3200.0
2004-06-12,2712.44,513.1,3225.54,1,3200.0
2004-06-13,2712.44,513.1,3225.54,1,3200.0
2004-06-14,2712.44,513.1,3225.54,1,3200.0
2004-06-15,2712.44,513.1,3225.54,1,3200.0
2004-06-16,2712.44,513.1,3225.54,1,3200.0
2004-06-17,2712.44,513.1,3225.54,1,3200.0
2004-06-18,2712.44,513.1,3225.54,1,3200.0
2004-06-19,2712.44,513.1,3225.54,1,3200.0
2004-06-20,2712.44,513.1,3225.54,1,3200.0
2004-06-21,2712.44,513.1,3225.54,1,3200.0
2004-06-22,2712.44,513.1,3225.54,1,3200.0
2004-06-23,2712.44,513.1,3225.54,1,3200.0
2004-06-24,2712.44,513.1,3225.54,1,3200.0
2004-06-25,2712.44,513.1,3225.54,1,3200.0
2004-06-26,2712.44,513.1,3225.54,1,3200.0
2004-06-27,2712.44,513.1,3225.54,1,3200.0
2004-06-28,3236.17,0.0,3236.17,0,3200.0
2004-06-29,3236.17,0.0,3236.17,0,3200.0
2004-06-30,3236.17,0.0,3236.17,0,3200.0
2004-07-01,3436.17,0.0,3436.17,0,3400.0
2004-07-02,3436.17,0.0,3436.17,0,3400.0
2004-07-03,3436.17,0.0,3436.17,0,3400.0
2004-07-04,3436.17,0.0,3436.17,0,3400.0
2004-07-05,3436.17,0.0,3436.17,0,3400.0
2004-07-06,3436.17,0.0,3436.17,0,3400.0
2004-07-07,3436.17,0.0,3436.17,0,3400.0
2004-07-08,3436.17,0.0,3436.17,0,3400.0
2004-07-09,3436.17,0.0,3436.17,0,3400.0
2004-07-10,3436.17,0.0,3436.17,0,3400.0
2004-07-11,3436.17,0.0,3436.17,0,3400.0
2004-07-12,3436.17,0.0,3436.17,0,3400.0
2004-07-13,3436.17,0.0,3436.17,0,3400.0
2004-07-14,3436.17,0.0,3436.17,0,3400.0
2004-07-15,3436.17,0.0,3436.17,0,3400.0
2004-07-16,3436.17,0.0,3436.17,0,3400.0
2004-07-17,3436.17,0.0,3436.17,0,3400.0
2004-07-18,3436.17,0.0,3436.17,0,3400.0
2004-07-19,3436.17,0.0,3436.17,0,3400.0
2004-07-20,3436.17,0.0,3436.17,0,3400.0
2004-07-21,3436.17,0.0,3436.17,0,3400.0
2004-07-22,3436.17,0.0,3436.17,0,3400.0
2004-07-23,3436.17,0.0,3436.17,0,3400.0
2004-07-24,3436.17,0.0,3436.17,0,3400.0
2004-07-25,3436.17,0.0,3436.17,0,3400.0
2004-07-26,3436.17,0.0,3436.17,0,3400.0
2004-07-27,3436.17,0.0,3436.17,0,3400.0
2004-07-28,2267.87,1168.3,3436.17,2,3400.0
2004-07-29,893.4,2542.76,3436.17,4,3400.0
2004-07-30,948.38,2556.51,3504.89,4,3400.0
2004-07-31,948.38,2556.51,3504.89,4,3400.0
2004-08-01,1148.38,2556.51,3704.89,4,3600.0
2004-08-02,1148.38,2556.51,3704.89,4,3600.0
2004-08-03,1148.38,2556.51,3704.89,4,3600.0
2004-08-04,1148.38,2556.51,3704.89,4,3600.0
2004-08-05,1148.38,2556.51,3704.89,4,3600.0
2004-08-06,1148.38,2556.51,3704.89,4,3600.0
2004-08-07,1148.38,2556.51,3704.89,4,3600.0
2004-08-08,1148.38,2556.51,3704.89,4,3600.0
2004-08-09,1148.38,2556.51,3704.89,4,3600.0
2004-08-10,1148.38,2556.51,3704.89,4,3600.0
2004-08-11,1148.38,2556.51,3704.89,4,3600.0
2004-08-12,1148.38,2556.51,3704.89,4,3600.0
2004-08-13,1148.38,2556.51,3704.89,4,3600.0
2004-08-14,1148.38,2556.51,3704.89,4,3600.0
2004-08-15,1148.38,2556.51,3704.89,4,3600.0
2004-08-16,1148.38,2556.51,3704.89,4,3600.0
2004-08-17,1148.38,2556.51,3704.89,4,3600.0
2004-08-18,1148.38,2556.51,3704.89,4,3600.0
2004-08-19,1148.38,2556.51,3704.89,4,3600.0
2004-08-20,1148.38,2556.51,3704.89,4,3600.0
2004-08-21,1148.38,2556.51,3704.89,4,3600.0
2004-08-22,1148.38,2556.51,3704.89,4,3600.0
2004-08-23,1148.38,2556.51,3704.89,4,3600.0
2004-08-24,1148.38,2556.51,3704.89,4,3600.0
2004-08-25,1148.38,2556.51,3704.89,4,3600.0
2004-08-26,1148.38,2556.51,3704.89,4,3600.0
2004-08-27,2328.36,1388.21,3716.57,2,3600.0
2004-08-28,2328.36,1388.21,3716.57,2,3600.0
2004-08-29,2328.36,1388.21,3716.57,2,3600.0
2004-08-30,3659.19,0.0,3659.19,0,3600.0
2004-08-31,3659.19,0.0,3659.19,0,3600.0
2004-09-01,3859.19,0.0,3859.19,0,3800.0
2004-09-02,3859.19,0.0,3859.19,0,3800.0
2004-09-03,3859.19,0.0,3859.19,0,3800.0
2004-09-04,3859.19,0.0,3859.19,0,3800.0
2004-09-05,3859.19,0.0,3859.19,0,3800.0
2004-09-06,3859.19,0.0,3859.19,0,3800.0
2004-09-07,3859.19,0.0,3859.19,0,3800.0
2004-09-08,3859.19,0.0,3859.19,0,3800.0
2004-09-09,3859.19,0.0,3859.19,0,3800.0
2004-09-10,3859.19,0.0,3859.19,0,3800.0
2004-09-11,3859.19,0.0,3859.19,0,3800.0
2004-09-12,3859.19,0.0,3859.19,0,3800.0
2004-09-13,3859.19,0.0,3859.19,0,3800.0
2004-09-14,3859.19,0.0,3859.19,0,3800.0
2004-09-15,3859.19,0.0,3859.19,0,3800.0
2004-09-16,3859.19,0.0,3859.19,0,3800.0
2004-09-17,3859.19,0.0,3859.19,0,3800.0
2004-09-18,3859.19,0.0,3859.19,0,3800.0
2004-09-19,3859.19,0.0,3859.19,0,3800.0
2004-09-20,3859.19,0.0,3859.19,0,3800.0
2004-09-21,3859.19,0.0,3859.19,0,3800.0
2004-09-22,3859.19,0.0,3859.19,0,3800.0
2004-09-23,3859.19,0.0,3859.19,0,3800.0
2004-09-24,3859.19,0.0,3859.19,0,3800.0
2004-09-25,3859.19,0.0,3859.19,0,3800.0
2004-09-26,3859.19,0.0,3859.19,0,3800.0
2004-09-27,3280.31,578.88,3859.19,1,3800.0
2004-09-28,3280.31,578.88,3859.19,1,3800.0
2004-09-29,2508.47,1350.72,3859.19,2,3800.0
2004-09-30,2508.47,1350.72,3859.19,2,3800.0
2004-10-01,2708.47,1350.72,4059.19,2,4000.0
2004-10-02,2708.47,1350.72,4059.19,2,4000.0
2004-10-03,2708.47,1350.72,4059.19,2,4000.0
2004-10-04,2708.47,1350.72,4059.19,2,4000.0
2004-10-05,2708.47,1350.72,4059.19,2,4000.0
2004-10-06,2708.47,1350.72,4059.19,2,4000.0
2004-10-07,2708.47,1350.72,4059.19,2,4000.0
2004-10-08,2708.47,1350.72,4059.19,2,4000.0
2004-10-09,2708.47,1350.72,4059.19,2,4000.0
2004-10-10,2708.47,1350.72,4059.19,2,4000.0
2004-10-11,2708.47,1350.72,4059.19,2,4000.0
2004-10-12,2708.47,1350.72,4059.19,2,4000.0
2004-10-13,2708.47,1350.72,4059.19,2,4000.0
2004-10-14,2708.47,1350.72,4059.19,2,4000.0
2004-10-15,2708.47,1350.72,4059.19,2,4000.0
2004-10-16,2708.47,1350.72,4059.19,2,4000.0
2004-10-17,2708.47,1350.72,4059.19,2,4000.0
2004-10-18,2708.47,1350.72,4059.19,2,4000.0
2004-10-19,2708.47,1350.72,4059.19,2,4000.0
2004-10-20,3557.49,578.88,4136.37,1,4000.0
2004-10-21,3557.49,578.88,4136.37,1,4000.0
2004-10-22,3557.49,578.88,4136.37,1,4000.0
2004-10-23,3557.49,578.88,4136.37,1,4000.0
2004-10-24,3557.49,578.88,4136.37,1,4000.0
2004-10-25,3557.49,578.88,4136.37,1,4000.0
2004-10-26,3557.49,578.88,4136.37,1,4000.0
2004-10-27,4147.6,0.0,4147.6,0,4000.0
2004-10-28,4147.6,0.0,4147.6,0,4000.0
2004-10-29,4147.6,0.0,4147.6,0,4000.0
2004-10-30,4147.6,0.0,4147.6,0,4000.0
2004-10-31,4147.6,0.0,4147.6,0,4000.0
2004-11-01,4347.6,0.0,4347.6,0,4200.0
2004-11-02,4347.6,0.0,4347.6,0,4200.0
2004-11-03,4347.6,0.0,4347.6,0,4200.0
2004-11-04,4347.6,0.0,4347.6,0,4200.0
2004-11-05,4347.6,0.0,4347.6,0,4200.0
2004-11-06,4347.6,0.0,4347.6,0,4200.0
2004-11-07,4347.6,0.0,4347.6,0,4200.0
2004-11-08,4347.6,0.0,4347.6,0,4200.0
2004-11-09,4347.6,0.0,4347.6,0,4200.0
2004-11-10,4347.6,0.0,4347.6,0,4200.0
2004-11-11,4347.6,0.0,4347.6,0,4200.0
2004-11-12,4347.6,0.0,4347.6,0,4200.0
2004-11-13,4347.6,0.0,4347.6,0,4200.0
2004-11-14,4347.6,0.0,4347.6,0,4200.0
2004-11-15,4347.6,0.0,4347.6,0,4200.0
2004-11-16,4347.6,0.0,4347.6,0,4200.0
2004-11-17,4347.6,0.0,4347.6,0,4200.0
2004-11-18,4347.6,0.0,4347.6,0,4200.0
2004-11-19,4347.6,0.0,4347.6,0,4200.0
2004-11-20,4347.6,0.0,4347.6,0,4200.0
2004-11-21,4347.6,0.0,4347.6,0,4200.0
2004-11-22,4347.6,0.0,4347.6,0,4200.0
2004-11-23,4347.6,0.0,4347.6,0,4200.0
2004-11-24,4347.6,0.0,4347.6,0,4200.0
2004-11-25,4347.6,0.0,4347.6,0,4200.0
2004-11-26,4347.6,0.0,4347.6,0,4200.0
2004-11-27,4347.6,0.0,4347.6,0,4200.0
2004-11-28,4347.6,0.0,4347.6,0,4200.0
2004-11-29,4347.6,0.0,4347.6,0,4200.0
2004-11-30,4347.6,0.0,4347.6,0,4200.0
2004-12-01,4547.6,0.0,4547.6,0,4400.0
2004-12-02,4547.6,0.0,4547.6,0,4400.0
2004-12-03,4547.6,0.0,4547.6,0,4400.0
2004-12-04,4547.6,0.0,4547.6,0,4400.0
2004-12-05,4547.6,0.0,4547.6,0,4400.0
2004-12-06,4547.6,0.0,4547.6,0,4400.0
2004-12-07,4547.6,0.0,4547.6,0,4400.0
2004-12-08,4547.6,0.0,4547.6,0,4400.0
2004-12-09,4547.6,0.0,4547.6,0,4400.0
2004-12-10,4547.6,0.0,4547.6,0,4400.0
2004-12-11,4547.6,0.0,4547.6,0,4400.0
2004-12-12,4547.6,0.0,4547.6,0,4400.0
2004-12-13,4547.6,0.0,4547.6,0,4400.0
2004-12-14,4547.6,0.0,4547.6,0,4400.0
2004-12-15,4547.6,0.0,4547.6,0,4400.0
2004-12-16,4547.6,0.0,4547.6,0,4400.0
2004-12-17,4547.6,0.0,4547.6,0,4400.0
2004-12-18,4547.6,0.0,4547.6,0,4400.0
2004-12-19,4547.6,0.0,4547.6,0,4400.0
2004-12-20,4547.6,0.0,4547.6,0,4400.0
2004-12-21,4547.6,0.0,4547.6,0,4400.0
2004-12-22,4547.6,0.0,4547.6,0,4400.0
2004-12-23,4547.6,0.0,4547.6,0,4400.0
2004-12-24,4547.6,0.0,4547.6,0,4400.0
2004-12-25,4547.6,0.0,4547.6,0,4400.0
2004-12-26,4547.6,0.0,4547.6,0,4400.0
2004-12-27,4547.6,0.0,4547.6,0,4400.0
2004-12-28,4547.6,0.0,4547.6,0,4400.0
2004-12-29,4547.6,0.0,4547.6,0,4400.0
2004-12-30,4547.6,0.0,4547.6,0,4400.0
2004-12-31,4547.6,0.0,4547.6,0,4400.0
2005-01-01,4747.6,0.0,4747.6,0,4600.0
2005-01-02,4747.6,0.0,4747.6,0,4600.0
2005-01-03,4747.6,0.0,4747.6,0,4600.0
2005-01-04,4747.6,0.0,4747.6,0,4600.0
2005-01-05,4747.6,0.0,4747.6,0,4600.0
2005-01-06,4747.6,0.0,4747.6,0,4600.0
2005-01-07,4747.6,0.0,4747.6,0,4600.0
2005-01-08,4747.6,0.0,4747.6,0,4600.0
2005-01-09,4747.6,0.0,4747.6,0,4600.0
2005-01-10,4747.6,0.0,4747.6,0,4600.0
2005-01-11,4747.6,0.0,4747.6,0,4600.0
2005-01-12,4747.6,0.0,4747.6,0,4600.0
2005-01-13,4747.6,0.0,4747.6,0,4600.0
2005-01-14,4747.6,0.0,4747.6,0,4600.0
2005-01-15,4747.6,0.0,4747.6,0,4600.0
2005-01-16,4747.6,0.0,4747.6,0,4600.0
2005-01-17,4747.6,0.0,4747.6,0,4600.0
2005-01-18,4747.6,0.0,4747.6,0,4600.0
2005-01-19,4747.6,0.0,4747.6,0,4600.0
2005-01-20,4747.6,0.0,4747.6,0,4600.0
2005-01-21,4747.6,0.0,4747.6,0,4600.0
2005-01-22,4747.6,0.0,4747.6,0,4600.0
2005-01-23,4747.6,0.0,4747.6,0,4600.0
2005-01-24,4747.6,0.0,4747.6,0,4600.0
2005-01-25,4747.6,0.0,4747.6,0,4600.0
2005-01-26,3940.51,807.09,4747.6,1,4600.0
2005-01-27,3940.51,807.09,4747.6,1,4600.0
2005-01-28,3940.51,807.09,4747.6,1,4600.0
2005-01-29,3940.51,807.09,4747.6,1,4600.0
2005-01-30,3940.51,807.09,4747.6,1,4600.0
2005-01-31,1566.71,3180.89,4747.6,4,4600.0
2005-02-01,1766.71,3180.89,4947.6,4,4800.0
2005-02-02,1766.71,3180.89,4947.6,4,4800.0
2005-02-03,1766.71,3180.89,4947.6,4,4800.0
2005-02-04,1766.71,3180.89,4947.6,4,4800.0
2005-02-05,1766.71,3180.89,4947.6,4,4800.0
2005-02-06,1766.71,3180.89,4947.6,4,4800.0
2005-02-07,1766.71,3180.89,4947.6,4,4800.0
2005-02-08,1766.71,3180.89,4947.6,4,4800.0
2005-02-09,1766.71,3180.89,4947.6,4,4800.0
2005-02-10,1766.71,3180.89,4947.6,4,4800.0
2005-02-11,1766.71,3180.89,4947.6,4,4800.0
2005-02-12,1766.71,3180.89,4947.6,4,4800.0
2005-02-13,1766.71,3180.89,4947.6,4,4800.0
2005-02-14,1766.71,3180.89,4947.6,4,4800.0
2005-02-15,2550.06,2468.75,5018.81,3,4800.0
2005-02-16,2550.06,2468.75,5018.81,3,4800.0
2005-02-17,2550.06,2468.75,5018.81,3,4800.0
2005-02-18,2550.06,2468.75,5018.81,3,4800.0
2005-02-19,2550.06,2468.75,5018.81,3,4800.0
2005-02-20,2550.06,2468.75,5018.81,3,4800.0
2005-02-21,2550.06,2468.75,5018.81,3,4800.0
2005-02-22,2550.06,2468.75,5018.81,3,4800.0
2005-02-23,2550.06,2468.75,5018.81,3,4800.0
2005-02-24,3437.86,1661.66,5099.52,2,4800.0
2005-02-25,3437.86,1661.66,5099.52,2,4800.0
2005-02-26,3437.86,1661.66,5099.52,2,4800.0
2005-02-27,3437.86,1661.66,5099.52,2,4800.0
2005-02-28,3437.86,1661.66,5099.52,2,4800.0
2005-03-01,3637.86,1661.66,5299.52,2,5000.0
2005-03-02,5363.16,0.0,5363.16,0,5000.0
2005-03-03,5363.16,0.0,5363.16,0,5000.0
2005-03-04,5363.16,0.0,5363.16,0,5000.0
2005-03-05,5363.16,0.0,5363.16,0,5000.0
2005-03-06,5363.16,0.0,5363.16,0,5000.0
2005-03-07,5363.16,0.0,5363.16,0,5000.0
2005-03-08,5363.16,0.0,5363.16,0,5000.0
2005-03-09,5363.16,0.0,5363.16,0,5000.0
2005-03-10,5363.16,0.0,5363.16,0,5000.0
2005-03-11,5363.16,0.0,5363.16,0,5000.0
2005-03-12,5363.16,0.0,5363.16,0,5000.0
2005-03-13,5363.16,0.0,5363.16,0,5000.0
2005-03-14,5363.16,0.0,5363.16,0,5000.0
2005-03-15,5363.16,0.0,5363.16,0,5000.0
2005-03-16,5363.16,0.0,5363.16,0,5000.0
2005-03-17,5363.16,0.0,5363.16,0,5000.0
2005-03-18,5363.16,0.0,5363.16,0,5000.0
2005-03-19,5363.16,0.0,5363.16,0,5000.0
2005-03-20,5363.16,0.0,5363.16,0,5000.0
2005-03-21,5363.16,0.0,5363.16,0,5000.0
2005-03-22,5363.16,0.0,5363.16,0,5000.0
2005-03-23,5363.16,0.0,5363.16,0,5000.0
2005-03-24,5363.16,0.0,5363.16,0,5000.0
2005-03-25,5363.16,0.0,5363.16,0,5000.0
2005-03-26,5363.16,0.0,5363.16,0,5000.0
2005-03-27,5363.16,0.0,5363.16,0,5000.0
2005-03-28,5363.16,0.0,5363.16,0,5000.0
2005-03-29,5363.16,0.0,5363.16,0,5000.0
2005-03-30,4558.69,804.47,5363.16,1,5000.0
2005-03-31,3217.9,2145.27,5363.16,2,5000.0
2005-04-01,3417.9,2145.27,5563.16,2,5200.0
2005-04-02,3417.9,2145.27,5563.16,2,5200.0
2005-04-03,3417.9,2145.27,5563.16,2,5200.0
2005-04-04,3417.9,2145.27,5563.16,2,5200.0
2005-04-05,3417.9,2145.27,5563.16,2,5200.0
2005-04-06,3417.9,2145.27,5563.16,2,5200.0
2005-04-07,3417.9,2145.27,5563.16,2,5200.0
2005-04-08,3417.9,2145.27,5563.16,2,5200.0
2005-04-09,3417.9,2145.27,5563.16,2,5200.0
2005-04-10,3417.9,2145.27,5563.16,2,5200.0
2005-04-11,3417.9,2145.27,5563.16,2,5200.0
2005-04-12,3417.9,2145.27,5563.16,2,5200.0
2005-04-13,3417.9,2145.27,5563.16,2,5200.0
2005-04-14,3417.9,2145.27,5563.16,2,5200.0
2005-04-15,3417.9,2145.27,5563.16,2,5200.0
2005-04-16,3417.9,2145.27,5563.16,2,5200.0
2005-04-17,3417.9,2145.27,5563.16,2,5200.0
2005-04-18,3417.9,2145.27,5563.16,2,5200.0
2005-04-19,3417.9,2145.27,5563.16,2,5200.0
2005-04-20,3417.9,2145.27,5563.16,2,5200.0
2005-04-21,3417.9,2145.27,5563.16,2,5200.0
2005-04-22,3417.9,2145.27,5563.16,2,5200.0
2005-04-23,3417.9,2145.27,5563.16,2,5200.0
2005-04-24,3417.9,2145.27,5563.16,2,5200.0
2005-04-25,3417.9,2145.27,5563.16,2,5200.0
2005-04-26,3417.9,2145.27,5563.16,2,5200.0
2005-04-27,3417.9,2145.27,5563.16,2,5200.0
2005-04-28,3417.9,2145.27,5563.16,2,5200.0
2005-04-29,3417.9,2145.27,5563.16,2,5200.0
2005-04-30,3417.9,2145.27,5563.16,2,5200.0
2005-05-01,3617.9,2145.27,5763.16,2,5400.0
2005-05-02,4356.81,1340.79,5697.6,1,5400.0
2005-05-03,4356.81,1340.79,5697.6,1,5400.0
2005-05-04,4356.81,1340.79,5697.6,1,5400.0
2005-05-05,4356.81,1340.79,5697.6,1,5400.0
2005-05-06,4356.81,1340.79,5697.6,1,5400.0
2005-05-07,4356.81,1340.79,5697.6,1,5400.0
2005-05-08,4356.81,1340.79,5697.6,1,5400.0
2005-05-09,5898.72,0.0,5898.72,0,5400.0
2005-05-10,5898.72,0.0,5898.72,0,5400.0
2005-05-11,5898.72,0.0,5898.72,0,5400.0
2005-05-12,5898.72,0.0,5898.72,0,5400.0
2005-05-13,5898.72,0.0,5898.72,0,5400.0
2005-05-14,5898.72,0.0,5898.72,0,5400.0
2005-05-15,5898.72,0.0,5898.72,0,5400.0
2005-05-16,5898.72,0.0,5898.72,0,5400.0
2005-05-17,5898.72,0.0,5898.72,0,5400.0
2005-05-18,5898.72,0.0,5898.72,0,5400.0
2005-05-19,5898.72,0.0,5898.72,0,5400.0
2005-05-20,5898.72,0.0,5898.72,0,5400.0
2005-05-21,5898.72,0.0,5898.72,0,5400.0
2005-05-22,5898.72,0.0,5898.72,0,5400.0
2005-05-23,5898.72,0.0,5898.72,0,5400.0
2005-05-24,5898.72,0.0,5898.72,0,5400.0
2005-05-25,5898.72,0.0,5898.72,0,5400.0
2005-05-26,5898.72,0.0,5898.72,0,5400.0
2005-05-27,5898.72,0.0,5898.72,0,5400.0
2005-05-28,5898.72,0.0,5898.72,0,5400.0
2005-05-29,5898.72,0.0,5898.72,0,5400.0
2005-05-30,5898.72,0.0,5898.72,0,5400.0
2005-05-31,5898.72,0.0,5898.72,0,5400.0
2005-06-01,6098.72,0.0,6098.72,0,5600.0
2005-06-02,6098.72,0.0,6098.72,0,5600.0
2005-06-03,6098.72,0.0,6098.72,0,5600.0
2005-06-04,6098.72,0.0,6098.72,0,5600.0
2005-06-05,6098.72,0.0,6098.72,0,5600.0
2005-06-06,6098.72,0.0,6098.72,0,5600.0
2005-06-07,6098.72,0.0,6098.72,0,5600.0
2005-06-08,6098.72,0.0,6098.72,0,5600.0
2005-06-09,6098.72,0.0,6098.72,0,5600.0
2005-06-10,6098.72,0.0,6098.72,0,5600.0
2005-06-11,6098.72,0.0,6098.72,0,5600.0
2005-06-12,6098.72,0.0,6098.72,0,5600.0
2005-06-13,6098.72,0.0,6098.72,0,5600.0
2005-06-14,6098.72,0.0,6098.72,0,5600.0
2005-06-15,6098.72,0.0,6098.72,0,5600.0
2005-06-16,6098.72,0.0,6098.72,0,5600.0
2005-06-17,6098.72,0.0,6098.72,0,5600.0
2005-06-18,6098.72,0.0,6098.72,0,5600.0
2005-06-19,6098.72,0.0,6098.72,0,5600.0
2005-06-20,6098.72,0.0,6098.72,0,5600.0
2005-06-21,6098.72,0.0,6098.72,0,5600.0
2005-06-22,6098.72,0.0,6098.72,0,5600.0
2005-06-23,6098.72,0.0,6098.72,0,5600.0
2005-06-24,6098.72,0.0,6098.72,0,5600.0
2005-06-25,6098.72,0.0,6098.72,0,5600.0
2005-06-26,6098.72,0.0,6098.72,0,5600.0
2005-06-27,6098.72,0.0,6098.72,0,5600.0
2005-06-28,6098.72,0.0,6098.72,0,5600.0
2005-06-29,6098.72,0.0,6098.72,0,5600.0
2005-06-30,6098.72,0.0,6098.72,0,5600.0
2005-07-01,6298.72,0.0,6298.72,0,5800.0
2005-07-02,6298.72,0.0,6298.72,0,5800.0
2005-07-03,6298.72,0.0,6298.72,0,5800.0
2005-07-04,6298.72,0.0,6298.72,0,5800.0
2005-07-05,6298.72,0.0,6298.72,0,5800.0
2005-07-06,6298.72,0.0,6298.72,0,5800.0
2005-07-07,6298.72,0.0,6298.72,0,5800.0
2005-07-08,6298.72,0.0,6298.72,0,5800.0
2005-07-09,6298.72,0.0,6298.72,0,5800.0
2005-07-10,6298.72,0.0,6298.72,0,5800.0
2005-07-11,6298.72,0.0,6298.72,0,5800.0
2005-07-12,6298.72,0.0,6298.72,0,5800.0
2005-07-13,6298.72,0.0,6298.72,0,5800.0
2005-07-14,6298.72,0.0,6298.72,0,5800.0
2005-07-15,6298.72,0.0,6298.72,0,5800.0
2005-07-16,6298.72,0.0,6298.72,0,5800.0
2005-07-17,6298.72,0.0,6298.72,0,5800.0
2005-07-18,6298.72,0.0,6298.72,0,5800.0
2005-07-19,6298.72,0.0,6298.72,0,5800.0
2005-07-20,6298.72,0.0,6298.72,0,5800.0
2005-07-21,6298.72,0.0,6298.72,0,5800.0
2005-07-22,6298.72,0.0,6298.72,0,5800.0
2005-07-23,6298.72,0.0,6298.72,0,5800.0
2005-07-24,6298.72,0.0,6298.72,0,5800.0
2005-07-25,6298.72,0.0,6298.72,0,5800.0
2005-07-26,6298.72,0.0,6298.72,0,5800.0
2005-07-27,6298.72,0.0,6298.72,0,5800.0
2005-07-28,6298.72,0.0,6298.72,0,5800.0
2005-07-29,6298.72,0.0,6298.72,0,5800.0
2005-07-30,6298.72,0.0,6298.72,0,5800.0
2005-07-31,6298.72,0.0,6298.72,0,5800.0
2005-08-01,6498.72,0.0,6498.72,0,6000.0
2005-08-02,6498.72,0.0,6498.72,0,6000.0
2005-08-03,6498.72,0.0,6498.72,0,6000.0
2005-08-04,6498.72,0.0,6498.72,0,6000.0
2005-08-05,6498.72,0.0,6498.72,0,6000.0
2005-08-06,6498.72,0.0,6498.72,0,6000.0
2005-08-07,6498.72,0.0,6498.72,0,6000.0
2005-08-08,6498.72,0.0,6498.72,0,6000.0
2005-08-09,6498.72,0.0,6498.72,0,6000.0
2005-08-10,6498.72,0.0,6498.72,0,6000.0
2005-08-11,6498.72,0.0,6498.72,0,6000.0
2005-08-12,6498.72,0.0,6498.72,0,6000.0
2005-08-13,6498.72,0.0,6498.72,0,6000.0
2005-08-14,6498.72,0.0,6498.72,0,6000.0
2005-08-15,6498.72,0.0,6498.72,0,6000.0
2005-08-16,6498.72,0.0,6498.72,0,6000.0
2005-08-17,6498.72,0.0,6498.72,0,6000.0
2005-08-18,6498.72,0.0,6498.72,0,6000.0
2005-08-19,6498.72,0.0,6498.72,0,6000.0
2005-08-20,6498.72,0.0,6498.72,0,6000.0
2005-08-21,6498.72,0.0,6498.72,0,6000.0
2005-08-22,6498.72,0.0,6498.72,0,6000.0
2005-08-23,6498.72,0.0,6498.72,0,6000.0
2005-08-24,6498.72,0.0,6498.72,0,6000.0
2005-08-25,6498.72,0.0,6498.72,0,6000.0
2005-08-26,6498.72,0.0,6498.72,0,6000.0
2005-08-27,6498.72,0.0,6498.72,0,6000.0
2005-08-28,6498.72,0.0,6498.72,0,6000.0
2005-08-29,4289.15,2209.56,6498.72,2,6000.0
2005-08-30,2209.56,4289.15,6498.72,4,6000.0
2005-08-31,2209.56,4289.15,6498.72,4,6000.0
2005-09-01,2409.56,4289.15,6698.72,4,6200.0
2005-09-02,2409.56,4289.15,6698.72,4,6200.0
2005-09-03,2409.56,4289.15,6698.72,4,6200.0
2005-09-04,2409.56,4289.15,6698.72,4,6200.0
2005-09-05,2409.56,4289.15,6698.72,4,6200.0
2005-09-06,2409.56,4289.15,6698.72,4,6200.0
2005-09-07,2409.56,4289.15,6698.72,4,6200.0
2005-09-08,2409.56,4289.15,6698.72,4,6200.0
2005-09-09,2409.56,4289.15,6698.72,4,6200.0
2005-09-10,2409.56,4289.15,6698.72,4,6200.0
2005-09-11,2409.56,4289.15,6698.72,4,6200.0
2005-09-12,2409.56,4289.15,6698.72,4,6200.0
2005-09-13,2409.56,4289.15,6698.72,4,6200.0
2005-09-14,2409.56,4289.15,6698.72,4,6200.0
2005-09-15,2409.56,4289.15,6698.72,4,6200.0
2005-09-16,2409.56,4289.15,6698.72,4,6200.0
2005-09-17,2409.56,4289.15,6698.72,4,6200.0
2005-09-18,2409.56,4289.15,6698.72,4,6200.0
2005-09-19,2409.56,4289.15,6698.72,4,6200.0
2005-09-20,2409.56,4289.15,6698.72,4,6200.0
2005-09-21,2409.56,4289.15,6698.72,4,6200.0
2005-09-22,2409.56,4289.15,6698.72,4,6200.0
2005-09-23,2409.56,4289.15,6698.72,4,6200.0
2005-09-24,2409.56,4289.15,6698.72,4,6200.0
2005-09-25,2409.56,4289.15,6698.72,4,6200.0
2005-09-26,2409.56,4289.15,6698.72,4,6200.0
2005-09-27,2409.56,4289.15,6698.72,4,6200.0
2005-09-28,4578.58,2079.59,6658.17,2,6200.0
2005-09-29,6716.02,0.0,6716.02,0,6200.0
2005-09-30,6716.02,0.0,6716.02,0,6200.0
2005-10-01,6916.02,0.0,6916.02,0,6400.0
2005-10-02,6916.02,0.0,6916.02,0,6400.0
2005-10-03,6916.02,0.0,6916.02,0,6400.0
2005-10-04,6916.02,0.0,6916.02,0,6400.0
2005-10-05,6916.02,0.0,6916.02,0,6400.0
2005-10-06,6916.02,0.0,6916.02,0,6400.0
2005-10-07,6916.02,0.0,6916.02,0,6400.0
2005-10-08,6916.02,0.0,6916.02,0,6400.0
2005-10-09,6916.02,0.0,6916.02,0,6400.0
2005-10-10,6916.02,0.0,6916.02,0,6400.0
2005-10-11,6916.02,0.0,6916.02,0,6400.0
2005-10-12,6916.02,0.0,6916.02,0,6400.0
2005-10-13,6916.02,0.0,6916.02,0,6400.0
2005-10-14,6916.02,0.0,6916.02,0,6400.0
2005-10-15,6916.02,0.0,6916.02,0,6400.0
2005-10-16,6916.02,0.0,6916.02,0,6400.0
2005-10-17,6916.02,0.0,6916.02,0,6400.0
2005-10-18,6916.02,0.0,6916.02,0,6400.0
2005-10-19,6916.02,0.0,6916.02,0,6400.0
2005-10-20,6916.02,0.0,6916.02,0,6400.0
2005-10-21,6916.02,0.0,6916.02,0,6400.0
2005-10-22,6916.02,0.0,6916.02,0,6400.0
2005-10-23,6916.02,0.0,6916.02,0,6400.0
2005-10-24,6916.02,0.0,6916.02,0,6400.0
2005-10-25,6916.02,0.0,6916.02,0,6400.0
2005-10-26,6916.02,0.0,6916.02,0,6400.0
2005-10-27,6916.02,0.0,6916.02,0,6400.0
2005-10-28,6916.02,0.0,6916.02,0,6400.0
2005-10-29,6916.02,0.0,6916.02,0,6400.0
2005-10-30,6916.02,0.0,6916.02,0,6400.0
2005-10-31,6916.02,0.0,6916.02,0,6400.0
2005-11-01,7116.02,0.0,7116.02,0,6600.0
2005-11-02,7116.02,0.0,7116.02,0,6600.0
2005-11-03,7116.02,0.0,7116.02,0,6600.0
2005-11-04,7116.02,0.0,7116.02,0,6600.0
2005-11-05,7116.02,0.0,7116.02,0,6600.0
2005-11-06,7116.02,0.0,7116.02,0,6600.0
2005-11-07,7116.02,0.0,7116.02,0,6600.0
2005-11-08,7116.02,0.0,7116.02,0,6600.0
2005-11-09,7116.02,0.0,7116.02,0,6600.0
2005-11-10,7116.02,0.0,7116.02,0,6600.0
2005-11-11,7116.02,0.0,7116.02,0,6600.0
2005-11-12,7116.02,0.0,7116.02,0,6600.0
2005-11-13,7116.02,0.0,7116.02,0,6600.0
2005-11-14,7116.02,0.0,7116.02,0,6600.0
2005-11-15,7116.02,0.0,7116.02,0,6600.0
2005-11-16,7116.02,0.0,7116.02,0,6600.0
2005-11-17,7116.02,0.0,7116.02,0,6600.0
2005-11-18,7116.02,0.0,7116.02,0,6600.0
2005-11-19,7116.02,0.0,7116.02,0,6600.0
2005-11-20,7116.02,0.0,7116.02,0,6600.0
2005-11-21,7116.02,0.0,7116.02,0,6600.0
2005-11-22,7116.02,0.0,7116.02,0,6600.0
2005-11-23,7116.02,0.0,7116.02,0,6600.0
2005-11-24,7116.02,0.0,7116.02,0,6600.0
2005-11-25,7116.02,0.0,7116.02,0,6600.0
2005-11-26,7116.02,0.0,7116.02,0,6600.0
2005-11-27,7116.02,0.0,7116.02,0,6600.0
2005-11-28,7116.02,0.0,7116.02,0,6600.0
2005-11-29,7116.02,0.0,7116.02,0,6600.0
2005-11-30,7116.02,0.0,7116.02,0,6600.0
2005-12-01,7316.02,0.0,7316.02,0,6800.0
2005-12-02,7316.02,0.0,7316.02,0,6800.0
2005-12-03,7316.02,0.0,7316.02,0,6800.0
2005-12-04,7316.02,0.0,7316.02,0,6800.0
2005-12-05,7316.02,0.0,7316.02,0,6800.0
2005-12-06,7316.02,0.0,7316.02,0,6800.0
2005-12-07,7316.02,0.0,7316.02,0,6800.0
2005-12-08,7316.02,0.0,7316.02,0,6800.0
2005-12-09,7316.02,0.0,7316.02,0,6800.0
2005-12-10,7316.02,0.0,7316.02,0,6800.0
2005-12-11,7316.02,0.0,7316.02,0,6800.0
2005-12-12,7316.02,0.0,7316.02,0,6800.0
2005-12-13,7316.02,0.0,7316.02,0,6800.0
2005-12-14,7316.02,0.0,7316.02,0,6800.0
2005-12-15,7316.02,0.0,7316.02,0,6800.0
2005-12-16,7316.02,0.0,7316.02,0,6800.0
2005-12-17,7316.02,0.0,7316.02,0,6800.0
2005-12-18,7316.02,0.0,7316.02,0,6800.0
2005-12-19,7316.02,0.0,7316.02,0,6800.0
2005-12-20,7316.02,0.0,7316.02,0,6800.0
2005-12-21,7316.02,0.0,7316.02,0,6800.0
2005-12-22,6218.62,1097.4,7316.02,1,6800.0
2005-12-23,6218.62,1097.4,7316.02,1,6800.0
2005-12-24,6218.62,1097.4,7316.02,1,6800.0
2005-12-25,6218.62,1097.4,7316.02,1,6800.0
2005-12-26,6218.62,1097.4,7316.02,1,6800.0
2005-12-27,6218.62,1097.4,7316.02,1,6800.0
2005-12-28,6218.62,1097.4,7316.02,1,6800.0
2005-12-29,4755.42,2560.61,7316.02,2,6800.0
2005-12-30,4755.42,2560.61,7316.02,2,6800.0
2005-12-31,4755.42,2560.61,7316.02,2,6800.0
2006-01-01,4955.42,2560.61,7516.02,2,7000.0
2006-01-02,4955.42,2560.61,7516.02,2,7000.0
2006-01-03,4955.42,2560.61,7516.02,2,7000.0
2006-01-04,4955.42,2560.61,7516.02,2,7000.0
2006-01-05,4955.42,2560.61,7516.02,2,7000.0
2006-01-06,4955.42,2560.61,7516.02,2,7000.0
2006-01-07,4955.42,2560.61,7516.02,2,7000.0
2006-01-08,4955.42,2560.61,7516.02,2,7000.0
2006-01-09,6166.4,1463.2,7629.61,1,7000.0
2006-01-10,6166.4,1463.2,7629.61,1,7000.0
2006-01-11,6166.4,1463.2,7629.61,1,7000.0
2006-01-12,6166.4,1463.2,7629.61,1,7000.0
2006-01-13,6166.4,1463.2,7629.61,1,7000.0
2006-01-14,6166.4,1463.2,7629.61,1,7000.0
2006-01-15,6166.4,1463.2,7629.61,1,7000.0
2006-01-16,6166.4,1463.2,7629.61,1,7000.0
2006-01-17,6166.4,1463.2,7629.61,1,7000.0
2006-01-18,6166.4,1463.2,7629.61,1,7000.0
2006-01-19,6166.4,1463.2,7629.61,1,7000.0
2006-01-20,6166.4,1463.2,7629.61,1,7000.0
2006-01-21,6166.4,1463.2,7629.61,1,7000.0
2006-01-22,6166.4,1463.2,7629.61,1,7000.0
2006-01-23,6166.4,1463.2,7629.61,1,7000.0
2006-01-24,6166.4,1463.2,7629.61,1,7000.0
2006-01-25,6166.4,1463.2,7629.61,1,7000.0
2006-01-26,6166.4,1463.2,7629.61,1,7000.0
2006-01-27,6166.4,1463.2,7629.61,1,7000.0
2006-01-28,6166.4,1463.2,7629.61,1,7000.0
2006-01-29,6166.4,1463.2,7629.61,1,7000.0
2006-01-30,7723.1,0.0,7723.1,0,7000.0
2006-01-31,7723.1,0.0,7723.1,0,7000.0
2006-02-01,7923.1,0.0,7923.1,0,7200.0
2006-02-02,7923.1,0.0,7923.1,0,7200.0
2006-02-03,7923.1,0.0,7923.1,0,7200.0
2006-02-04,7923.1,0.0,7923.1,0,7200.0
2006-02-05,7923.1,0.0,7923.1,0,7200.0
2006-02-06,7923.1,0.0,7923.1,0,7200.0
2006-02-07,7923.1,0.0,7923.1,0,7200.0
2006-02-08,7923.1,0.0,7923.1,0,7200.0
2006-02-09,7923.1,0.0,7923.1,0,7200.0
2006-02-10,7923.1,0.0,7923.1,0,7200.0
2006-02-11,7923.1,0.0,7923.1,0,7200.0
2006-02-12,7923.1,0.0,7923.1,0,7200.0
2006-02-13,7923.1,0.0,7923.1,0,7200.0
2006-02-14,7923.1,0.0,7923.1,0,7200.0
2006-02-15,7923.1,0.0,7923.1,0,7200.0
2006-02-16,7923.1,0.0,7923.1,0,7200.0
2006-02-17,7923.1,0.0,7923.1,0,7200.0
2006-02-18,7923.1,0.0,7923.1,0,7200.0
2006-02-19,7923.1,0.0,7923.1,0,7200.0
2006-02-20,7923.1,0.0,7923.1,0,7200.0
2006-02-21,7923.1,0.0,7923.1,0,7200.0
2006-02-22,7923.1,0.0,7923.1,0,7200.0
2006-02-23,7923.1,0.0,7923.1,0,7200.0
2006-02-24,7923.1,0.0,7923.1,0,7200.0
2006-02-25,7923.1,0.0,7923.1,0,7200.0
2006-02-26,7923.1,0.0,7923.1,0,7200.0
2006-02-27,7923.1,0.0,7923.1,0,7200.0
2006-02-28,7923.1,0.0,7923.1,0,7200.0
2006-03-01,8123.1,0.0,8123.1,0,7400.0
2006-03-02,8123.1,0.0,8123.1,0,7400.0
2006-03-03,8123.1,0.0,8123.1,0,7400.0
2006-03-04,8123.1,0.0,8123.1,0,7400.0
2006-03-05,8123.1,0.0,8123.1,0,7400.0
2006-03-06,8123.1,0.0,8123.1,0,7400.0
2006-03-07,8123.1,0.0,8123.1,0,7400.0
2006-03-08,8123.1,0.0,8123.1,0,7400.0
2006-03-09,8123.1,0.0,8123.1,0,7400.0
2006-03-10,8123.1,0.0,8123.1,0,7400.0
2006-03-11,8123.1,0.0,8123.1,0,7400.0
2006-03-12,8123.1,0.0,8123.1,0,7400.0
2006-03-13,8123.1,0.0,8123.1,0,7400.0
2006-03-14,8123.1,0.0,8123.1,0,7400.0
2006-03-15,8123.1,0.0,8123.1,0,7400.0
2006-03-16,8123.1,0.0,8123.1,0,7400.0
2006-03-17,8123.1,0.0,8123.1,0,7400.0
2006-03-18,8123.1,0.0,8123.1,0,7400.0
2006-03-19,8123.1,0.0,8123.1,0,7400.0
2006-03-20,8123.1,0.0,8123.1,0,7400.0
2006-03-21,8123.1,0.0,8123.1,0,7400.0
2006-03-22,8123.1,0.0,8123.1,0,7400.0
2006-03-23,8123.1,0.0,8123.1,0,7400.0
2006-03-24,8123.1,0.0,8123.1,0,7400.0
2006-03-25,8123.1,0.0,8123.1,0,7400.0
2006-03-26,8123.1,0.0,8123.1,0,7400.0
2006-03-27,8123.1,0.0,8123.1,0,7400.0
2006-03-28,8123.1,0.0,8123.1,0,7400.0
2006-03-29,8123.1,0.0,8123.1,0,7400.0
2006-03-30,8123.1,0.0,8123.1,0,7400.0
2006-03-31,8123.1,0.0,8123.1,0,7400.0
2006-04-01,8323.1,0.0,8323.1,0,7600.0
2006-04-02,8323.1,0.0,8323.1,0,7600.0
2006-04-03,8323.1,0.0,8323.1,0,7600.0
2006-04-04,8323.1,0.0,8323.1,0,7600.0
2006-04-05,8323.1,0.0,8323.1,0,7600.0
2006-04-06,8323.1,0.0,8323.1,0,7600.0
2006-04-07,8323.1,0.0,8323.1,0,7600.0
2006-04-08,8323.1,0.0,8323.1,0,7600.0
2006-04-09,8323.1,0.0,8323.1,0,7600.0
2006-04-10,8323.1,0.0,8323.1,0,7600.0
2006-04-11,8323.1,0.0,8323.1,0,7600.0
2006-04-12,8323.1,0.0,8323.1,0,7600.0
2006-04-13,8323.1,0.0,8323.1,0,7600.0
2006-04-14,8323.1,0.0,8323.1,0,7600.0
2006-04-15,8323.1,0.0,8323.1,0,7600.0
2006-04-16,8323.1,0.0,8323.1,0,7600.0
2006-04-17,8323.1,0.0,8323.1,0,7600.0
2006-04-18,8323.1,0.0,8323.1,0,7600.0
2006-04-19,8323.1,0.0,8323.1,0,7600.0
2006-04-20,8323.1,0.0,8323.1,0,7600.0
2006-04-21,8323.1,0.0,8323.1,0,7600.0
2006-04-22,8323.1,0.0,8323.1,0,7600.0
2006-04-23,8323.1,0.0,8323.1,0,7600.0
2006-04-24,8323.1,0.0,8323.1,0,7600.0
2006-04-25,8323.1,0.0,8323.1,0,7600.0
2006-04-26,8323.1,0.0,8323.1,0,7600.0
2006-04-27,8323.1,0.0,8323.1,0,7600.0
2006-04-28,8323.1,0.0,8323.1,0,7600.0
2006-04-29,8323.1,0.0,8323.1,0,7600.0
2006-04-30,8323.1,0.0,8323.1,0,7600.0
2006-05-01,8523.1,0.0,8523.1,0,7800.0
2006-05-02,8523.1,0.0,8523.1,0,7800.0
2006-05-03,8523.1,0.0,8523.1,0,7800.0
2006-05-04,8523.1,0.0,8523.1,0,7800.0
2006-05-05,8523.1,0.0,8523.1,0,7800.0
2006-05-06,8523.1,0.0,8523.1,0,7800.0
2006-05-07,8523.1,0.0,8523.1,0,7800.0
2006-05-08,8523.1,0.0,8523.1,0,7800.0
2006-05-09,8523.1,0.0,8523.1,0,7800.0
2006-05-10,8523.1,0.0,8523.1,0,7800.0
2006-05-11,8523.1,0.0,8523.1,0,7800.0
2006-05-12,8523.1,0.0,8523.1,0,7800.0
2006-05-13,8523.1,0.0,8523.1,0,7800.0
2006-05-14,8523.1,0.0,8523.1,0,7800.0
2006-05-15,8523.1,0.0,8523.1,0,7800.0
2006-05-16,8523.1,0.0,8523.1,0,7800.0
2006-05-17,8523.1,0.0,8523.1,0,7800.0
2006-05-18,8523.1,0.0,8523.1,0,7800.0
2006-05-19,8523.1,0.0,8523.1,0,7800.0
2006-05-20,8523.1,0.0,8523.1,0,7800.0
2006-05-21,8523.1,0.0,8523.1,0,7800.0
2006-05-22,8523.1,0.0,8523.1,0,7800.0
2006-05-23,8523.1,0.0,8523.1,0,7800.0
2006-05-24,8523.1,0.0,8523.1,0,7800.0
2006-05-25,8523.1,0.0,8523.1,0,7800.0
2006-05-26,7074.18,1448.93,8523.1,1,7800.0
2006-05-27,7074.18,1448.93,8523.1,1,7800.0
2006-05-28,7074.18,1448.93,8523.1,1,7800.0
2006-05-29,7074.18,1448.93,8523.1,1,7800.0
2006-05-30,5795.71,2727.39,8523.1,2,7800.0
2006-05-31,3068.32,5454.79,8523.1,4,7800.0
2006-06-01,3268.32,5454.79,8723.1,4,8000.0
2006-06-02,3268.32,5454.79,8723.1,4,8000.0
2006-06-03,3268.32,5454.79,8723.1,4,8000.0
2006-06-04,3268.32,5454.79,8723.1,4,8000.0
2006-06-05,3268.32,5454.79,8723.1,4,8000.0
2006-06-06,3268.32,5454.79,8723.1,4,8000.0
2006-06-07,4862.14,4005.86,8868.0,3,8000.0
2006-06-08,4862.14,4005.86,8868.0,3,8000.0
2006-06-09,4862.14,4005.86,8868.0,3,8000.0
2006-06-10,4862.14,4005.86,8868.0,3,8000.0
2006-06-11,4862.14,4005.86,8868.0,3,8000.0
2006-06-12,4862.14,4005.86,8868.0,3,8000.0
2006-06-13,4862.14,4005.86,8868.0,3,8000.0
2006-06-14,4862.14,4005.86,8868.0,3,8000.0
2006-06-15,4862.14,4005.86,8868.0,3,8000.0
2006-06-16,4862.14,4005.86,8868.0,3,8000.0
2006-06-17,4862.14,4005.86,8868.0,3,8000.0
2006-06-18,4862.14,4005.86,8868.0,3,8000.0
2006-06-19,4862.14,4005.86,8868.0,3,8000.0
2006-06-20,4862.14,4005.86,8868.0,3,8000.0
2006-06-21,4862.14,4005.86,8868.0,3,8000.0
2006-06-22,4862.14,4005.86,8868.0,3,8000.0
2006-06-23,4862.14,4005.86,8868.0,3,8000.0
2006-06-24,4862.14,4005.86,8868.0,3,8000.0
2006-06-25,4862.14,4005.86,8868.0,3,8000.0
2006-06-26,6269.05,2556.93,8825.98,2,8000.0
2006-06-27,6269.05,2556.93,8825.98,2,8000.0
2006-06-28,6269.05,2556.93,8825.98,2,8000.0
2006-06-29,4768.23,4123.97,8892.2,3,8000.0
2006-06-30,6133.51,2845.51,8979.01,2,8000.0
2006-07-01,6333.51,2845.51,9179.01,2,8200.0
2006-07-02,6333.51,2845.51,9179.01,2,8200.0
2006-07-03,6333.51,2845.51,9179.01,2,8200.0
2006-07-04,6333.51,2845.51,9179.01,2,8200.0
2006-07-05,6333.51,2845.51,9179.01,2,8200.0
2006-07-06,6333.51,2845.51,9179.01,2,8200.0
2006-07-07,6333.51,2845.51,9179.01,2,8200.0
2006-07-08,6333.51,2845.51,9179.01,2,8200.0
2006-07-09,6333.51,2845.51,9179.01,2,8200.0
2006-07-10,6333.51,2845.51,9179.01,2,8200.0
2006-07-11,6333.51,2845.51,9179.01,2,8200.0
2006-07-12,6333.51,2845.51,9179.01,2,8200.0
2006-07-13,6333.51,2845.51,9179.01,2,8200.0
2006-07-14,6333.51,2845.51,9179.01,2,8200.0
2006-07-15,6333.51,2845.51,9179.01,2,8200.0
2006-07-16,6333.51,2845.51,9179.01,2,8200.0
2006-07-17,6333.51,2845.51,9179.01,2,8200.0
2006-07-18,6333.51,2845.51,9179.01,2,8200.0
2006-07-19,6333.51,2845.51,9179.01,2,8200.0
2006-07-20,6333.51,2845.51,9179.01,2,8200.0
2006-07-21,6333.51,2845.51,9179.01,2,8200.0
2006-07-22,6333.51,2845.51,9179.01,2,8200.0
2006-07-23,6333.51,2845.51,9179.01,2,8200.0
2006-07-24,6333.51,2845.51,9179.01,2,8200.0
2006-07-25,4497.7,4681.31,9179.01,3,8200.0
2006-07-26,2937.27,6241.74,9179.01,4,8200.0
2006-07-27,0.0,9179.01,9179.01,6,8200.0
2006-07-28,0.0,9179.01,9179.01,6,8200.0
2006-07-29,0.0,9179.01,9179.01,6,8200.0
2006-07-30,0.0,9179.01,9179.01,6,8200.0
2006-07-31,2836.27,6333.51,9169.77,4,8200.0
2006-08-01,5055.65,4497.7,9553.35,3,8400.0
2006-08-02,5055.65,4497.7,9553.35,3,8400.0
2006-08-03,5055.65,4497.7,9553.35,3,8400.0
2006-08-04,5055.65,4497.7,9553.35,3,8400.0
2006-08-05,5055.65,4497.7,9553.35,3,8400.0
2006-08-06,5055.65,4497.7,9553.35,3,8400.0
2006-08-07,5055.65,4497.7,9553.35,3,8400.0
2006-08-08,5055.65,4497.7,9553.35,3,8400.0
2006-08-09,5055.65,4497.7,9553.35,3,8400.0
2006-08-10,5055.65,4497.7,9553.35,3,8400.0
2006-08-11,5055.65,4497.7,9553.35,3,8400.0
2006-08-12,5055.65,4497.7,9553.35,3,8400.0
2006-08-13,5055.65,4497.7,9553.35,3,8400.0
2006-08-14,5055.65,4497.7,9553.35,3,8400.0
2006-08-15,5055.65,4497.7,9553.35,3,8400.0
2006-08-16,5055.65,4497.7,9553.35,3,8400.0
2006-08-17,5055.65,4497.7,9553.35,3,8400.0
2006-08-18,5055.65,4497.7,9553.35,3,8400.0
2006-08-19,5055.65,4497.7,9553.35,3,8400.0
2006-08-20,5055.65,4497.7,9553.35,3,8400.0
2006-08-21,5055.65,4497.7,9553.35,3,8400.0
2006-08-22,5055.65,4497.7,9553.35,3,8400.0
2006-08-23,5055.65,4497.7,9553.35,3,8400.0
2006-08-24,5055.65,4497.7,9553.35,3,8400.0
2006-08-25,6573.01,2937.27,9510.28,2,8400.0
2006-08-26,6573.01,2937.27,9510.28,2,8400.0
2006-08-27,6573.01,2937.27,9510.28,2,8400.0
2006-08-28,6413.31,3018.03,9431.34,2,8400.0
2006-08-29,4809.99,4621.36,9431.34,3,8400.0
2006-08-30,4809.99,4621.36,9431.34,3,8400.0
2006-08-31,3024.73,6566.95,9591.68,4,8400.0
2006-09-01,3224.73,6566.95,9791.68,4,8600.0
2006-09-02,3224.73,6566.95,9791.68,4,8600.0
2006-09-03,3224.73,6566.95,9791.68,4,8600.0
2006-09-04,3224.73,6566.95,9791.68,4,8600.0
2006-09-05,3224.73,6566.95,9791.68,4,8600.0
2006-09-06,3224.73,6566.95,9791.68,4,8600.0
2006-09-07,3224.73,6566.95,9791.68,4,8600.0
2006-09-08,3224.73,6566.95,9791.68,4,8600.0
2006-09-09,3224.73,6566.95,9791.68,4,8600.0
2006-09-10,3224.73,6566.95,9791.68,4,8600.0
2006-09-11,3224.73,6566.95,9791.68,4,8600.0
2006-09-12,3224.73,6566.95,9791.68,4,8600.0
2006-09-13,3224.73,6566.95,9791.68,4,8600.0
2006-09-14,3224.73,6566.95,9791.68,4,8600.0
2006-09-15,3224.73,6566.95,9791.68,4,8600.0
2006-09-16,3224.73,6566.95,9791.68,4,8600.0
2006-09-17,3224.73,6566.95,9791.68,4,8600.0
2006-09-18,3224.73,6566.95,9791.68,4,8600.0
2006-09-19,3224.73,6566.95,9791.68,4,8600.0
2006-09-20,3224.73,6566.95,9791.68,4,8600.0
2006-09-21,3224.73,6566.95,9791.68,4,8600.0
2006-09-22,3224.73,6566.95,9791.68,4,8600.0
2006-09-23,3224.73,6566.95,9791.68,4,8600.0
2006-09-24,3224.73,6566.95,9791.68,4,8600.0
2006-09-25,3224.73,6566.95,9791.68,4,8600.0
2006-09-26,3224.73,6566.95,9791.68,4,8600.0
2006-09-27,4630.23,5152.25,9782.48,3,8600.0
2006-09-28,6312.12,3548.92,9861.05,2,8600.0
2006-09-29,6312.12,3548.92,9861.05,2,8600.0
2006-09-30,6312.12,3548.92,9861.05,2,8600.0
2006-10-01,6512.12,3548.92,10061.05,2,8800.0
2006-10-02,10266.97,0.0,10266.97,0,8800.0
2006-10-03,10266.97,0.0,10266.97,0,8800.0
2006-10-04,10266.97,0.0,10266.97,0,8800.0
2006-10-05,10266.97,0.0,10266.97,0,8800.0
2006-10-06,10266.97,0.0,10266.97,0,8800.0
2006-10-07,10266.97,0.0,10266.97,0,8800.0
2006-10-08,10266.97,0.0,10266.97,0,8800.0
2006-10-09,10266.97,0.0,10266.97,0,8800.0
2006-10-10,10266.97,0.0,10266.97,0,8800.0
2006-10-11,10266.97,0.0,10266.97,0,8800.0
2006-10-12,10266.97,0.0,10266.97,0,8800.0
2006-10-13,10266.97,0.0,10266.97,0,8800.0
2006-10-14,10266.97,0.0,10266.97,0,8800.0
2006-10-15,10266.97,0.0,10266.97,0,8800.0
2006-10-16,10266.97,0.0,10266.97,0,8800.0
2006-10-17,10266.97,0.0,10266.97,0,8800.0
2006-10-18,10266.97,0.0,10266.97,0,8800.0
2006-10-19,10266.97,0.0,10266.97,0,8800.0
2006-10-20,10266.97,0.0,10266.97,0,8800.0
2006-10-21,10266.97,0.0,10266.97,0,8800.0
2006-10-22,10266.97,0.0,10266.97,0,8800.0
2006-10-23,10266.97,0.0,10266.97,0,8800.0
2006-10-24,10266.97,0.0,10266.97,0,8800.0
2006-10-25,10266.97,0.0,10266.97,0,8800.0
2006-10-26,10266.97,0.0,10266.97,0,8800.0
2006-10-27,10266.97,0.0,10266.97,0,8800.0
2006-10-28,10266.97,0.0,10266.97,0,8800.0
2006-10-29,10266.97,0.0,10266.97,0,8800.0
2006-10-30,10266.97,0.0,10266.97,0,8800.0
2006-10-31,10266.97,0.0,10266.97,0,8800.0
2006-11-01,10466.97,0.0,10466.97,0,9000.0
2006-11-02,10466.97,0.0,10466.97,0,9000.0
2006-11-03,10466.97,0.0,10466.97,0,9000.0
2006-11-04,10466.97,0.0,10466.97,0,9000.0
2006-11-05,10466.97,0.0,10466.97,0,9000.0
2006-11-06,10466.97,0.0,10466.97,0,9000.0
2006-11-07,10466.97,0.0,10466.97,0,9000.0
2006-11-08,10466.97,0.0,10466.97,0,9000.0
2006-11-09,10466.97,0.0,10466.97,0,9000.0
2006-11-10,10466.97,0.0,10466.97,0,9000.0
2006-11-11,10466.97,0.0,10466.97,0,9000.0
2006-11-12,10466.97,0.0,10466.97,0,9000.0
2006-11-13,10466.97,0.0,10466.97,0,9000.0
2006-11-14,10466.97,0.0,10466.97,0,9000.0
2006-11-15,10466.97,0.0,10466.97,0,9000.0
2006-11-16,10466.97,0.0,10466.97,0,9000.0
2006-11-17,10466.97,0.0,10466.97,0,9000.0
2006-11-18,10466.97,0.0,10466.97,0,9000.0
2006-11-19,10466.97,0.0,10466.97,0,9000.0
2006-11-20,10466.97,0.0,10466.97,0,9000.0
2006-11-21,10466.97,0.0,10466.97,0,9000.0
2006-11-22,10466.97,0.0,10466.97,0,9000.0
2006-11-23,10466.97,0.0,10466.97,0,9000.0
2006-11-24,10466.97,0.0,10466.97,0,9000.0
2006-11-25,10466.97,0.0,10466.97,0,9000.0
2006-11-26,10466.97,0.0,10466.97,0,9000.0
2006-11-27,10466.97,0.0,10466.97,0,9000.0
2006-11-28,10466.97,0.0,10466.97,0,9000.0
2006-11-29,10466.97,0.0,10466.97,0,9000.0
2006-11-30,10466.97,0.0,10466.97,0,9000.0
2006-12-01,10666.97,0.0,10666.97,0,9200.0
2006-12-02,10666.97,0.0,10666.97,0,9200.0
2006-12-03,10666.97,0.0,10666.97,0,9200.0
2006-12-04,10666.97,0.0,10666.97,0,9200.0
2006-12-05,10666.97,0.0,10666.97,0,9200.0
2006-12-06,10666.97,0.0,10666.97,0,9200.0
2006-12-07,10666.97,0.0,10666.97,0,9200.0
2006-12-08,10666.97,0.0,10666.97,0,9200.0
2006-12-09,10666.97,0.0,10666.97,0,9200.0
2006-12-10,10666.97,0.0,10666.97,0,9200.0
2006-12-11,10666.97,0.0,10666.97,0,9200.0
2006-12-12,10666.97,0.0,10666.97,0,9200.0
2006-12-13,10666.97,0.0,10666.97,0,9200.0
2006-12-14,10666.97,0.0,10666.97,0,9200.0
2006-12-15,10666.97,0.0,10666.97,0,9200.0
2006-12-16,10666.97,0.0,10666.97,0,9200.0
2006-12-17,10666.97,0.0,10666.97,0,9200.0
2006-12-18,10666.97,0.0,10666.97,0,9200.0
2006-12-19,10666.97,0.0,10666.97,0,9200.0
2006-12-20,10666.97,0.0,10666.97,0,9200.0
2006-12-21,10666.97,0.0,10666.97,0,9200.0
2006-12-22,10666.97,0.0,10666.97,0,9200.0
2006-12-23,10666.97,0.0,10666.97,0,9200.0
2006-12-24,10666.97,0.0,10666.97,0,9200.0
2006-12-25,10666.97,0.0,10666.97,0,9200.0
2006-12-26,10666.97,0.0,10666.97,0,9200.0
2006-12-27,10666.97,0.0,10666.97,0,9200.0
2006-12-28,10666.97,0.0,10666.97,0,9200.0
2006-12-29,10666.97,0.0,10666.97,0,9200.0
2006-12-30,10666.97,0.0,10666.97,0,9200.0
2006-12-31,10666.97,0.0,10666.97,0,9200.0
2007-01-01,10866.97,0.0,10866.97,0,9400.0
2007-01-02,10866.97,0.0,10866.97,0,9400.0
2007-01-03,10866.97,0.0,10866.97,0,9400.0
2007-01-04,10866.97,0.0,10866.97,0,9400.0
2007-01-05,10866.97,0.0,10866.97,0,9400.0
2007-01-06,10866.97,0.0,10866.97,0,9400.0
2007-01-07,10866.97,0.0,10866.97,0,9400.0
2007-01-08,10866.97,0.0,10866.97,0,9400.0
2007-01-09,10866.97,0.0,10866.97,0,9400.0
2007-01-10,10866.97,0.0,10866.97,0,9400.0
2007-01-11,10866.97,0.0,10866.97,0,9400.0
2007-01-12,10866.97,0.0,10866.97,0,9400.0
2007-01-13,10866.97,0.0,10866.97,0,9400.0
2007-01-14,10866.97,0.0,10866.97,0,9400.0
2007-01-15,10866.97,0.0,10866.97,0,9400.0
2007-01-16,10866.97,0.0,10866.97,0,9400.0
2007-01-17,10866.97,0.0,10866.97,0,9400.0
2007-01-18,10866.97,0.0,10866.97,0,9400.0
2007-01-19,10866.97,0.0,10866.97,0,9400.0
2007-01-20,10866.97,0.0,10866.97,0,9400.0
2007-01-21,10866.97,0.0,10866.97,0,9400.0
2007-01-22,10866.97,0.0,10866.97,0,9400.0
2007-01-23,10866.97,0.0,10866.97,0,9400.0
2007-01-24,10866.97,0.0,10866.97,0,9400.0
2007-01-25,10866.97,0.0,10866.97,0,9400.0
2007-01-26,10866.97,0.0,10866.97,0,9400.0
2007-01-27,10866.97,0.0,10866.97,0,9400.0
2007-01-28,10866.97,0.0,10866.97,0,9400.0
2007-01-29,10866.97,0.0,10866.97,0,9400.0
2007-01-30,10866.97,0.0,10866.97,0,9400.0
2007-01-31,10866.97,0.0,10866.97,0,9400.0
2007-02-01,11066.97,0.0,11066.97,0,9600.0
2007-02-02,11066.97,0.0,11066.97,0,9600.0
2007-02-03,11066.97,0.0,11066.97,0,9600.0
2007-02-04,11066.97,0.0,11066.97,0,9600.0
2007-02-05,11066.97,0.0,11066.97,0,9600.0
2007-02-06,11066.97,0.0,11066.97,0,9600.0
2007-02-07,11066.97,0.0,11066.97,0,9600.0
2007-02-08,11066.97,0.0,11066.97,0,9600.0
2007-02-09,11066.97,0.0,11066.97,0,9600.0
2007-02-10,11066.97,0.0,11066.97,0,9600.0
2007-02-11,11066.97,0.0,11066.97,0,9600.0
2007-02-12,11066.97,0.0,11066.97,0,9600.0
2007-02-13,11066.97,0.0,11066.97,0,9600.0
2007-02-14,11066.97,0.0,11066.97,0,9600.0
2007-02-15,11066.97,0.0,11066.97,0,9600.0
2007-02-16,11066.97,0.0,11066.97,0,9600.0
2007-02-17,11066.97,0.0,11066.97,0,9600.0
2007-02-18,11066.97,0.0,11066.97,0,9600.0
2007-02-19,11066.97,0.0,11066.97,0,9600.0
2007-02-20,11066.97,0.0,11066.97,0,9600.0
2007-02-21,11066.97,0.0,11066.97,0,9600.0
2007-02-22,11066.97,0.0,11066.97,0,9600.0
2007-02-23,11066.97,0.0,11066.97,0,9600.0
2007-02-24,11066.97,0.0,11066.97,0,9600.0
2007-02-25,11066.97,0.0,11066.97,0,9600.0
2007-02-26,11066.97,0.0,11066.97,0,9600.0
2007-02-27,11066.97,0.0,11066.97,0,9600.0
2007-02-28,11066.97,0.0,11066.97,0,9600.0
2007-03-01,11266.97,0.0,11266.97,0,9800.0
2007-03-02,11266.97,0.0,11266.97,0,9800.0
2007-03-03,11266.97,0.0,11266.97,0,9800.0
2007-03-04,11266.97,0.0,11266.97,0,9800.0
2007-03-05,11266.97,0.0,11266.97,0,9800.0
2007-03-06,11266.97,0.0,11266.97,0,9800.0
2007-03-07,11266.97,0.0,11266.97,0,9800.0
2007-03-08,11266.97,0.0,11266.97,0,9800.0
2007-03-09,11266.97,0.0,11266.97,0,9800.0
2007-03-10,11266.97,0.0,11266.97,0,9800.0
2007-03-11,11266.97,0.0,11266.97,0,9800.0
2007-03-12,11266.97,0.0,11266.97,0,9800.0
2007-03-13,11266.97,0.0,11266.97,0,9800.0
2007-03-14,11266.97,0.0,11266.97,0,9800.0
2007-03-15,11266.97,0.0,11266.97,0,9800.0
2007-03-16,11266.97,0.0,11266.97,0,9800.0
2007-03-17,11266.97,0.0,11266.97,0,9800.0
2007-03-18,11266.97,0.0,11266.97,0,9800.0
2007-03-19,11266.97,0.0,11266.97,0,9800.0
2007-03-20,11266.97,0.0,11266.97,0,9800.0
2007-03-21,11266.97,0.0,11266.97,0,9800.0
2007-03-22,11266.97,0.0,11266.97,0,9800.0
2007-03-23,11266.97,0.0,11266.97,0,9800.0
2007-03-24,11266.97,0.0,11266.97,0,9800.0
2007-03-25,11266.97,0.0,11266.97,0,9800.0
2007-03-26,11266.97,0.0,11266.97,0,9800.0
2007-03-27,11266.97,0.0,11266.97,0,9800.0
2007-03-28,11266.97,0.0,11266.97,0,9800.0
2007-03-29,11266.97,0.0,11266.97,0,9800.0
2007-03-30,11266.97,0.0,11266.97,0,9800.0
2007-03-31,11266.97,0.0,11266.97,0,9800.0
2007-04-01,11466.97,0.0,11466.97,0,10000.0
2007-04-02,11466.97,0.0,11466.97,0,10000.0
2007-04-03,11466.97,0.0,11466.97,0,10000.0
2007-04-04,11466.97,0.0,11466.97,0,10000.0
2007-04-05,11466.97,0.0,11466.97,0,10000.0
2007-04-06,11466.97,0.0,11466.97,0,10000.0
2007-04-07,11466.97,0.0,11466.97,0,10000.0
2007-04-08,11466.97,0.0,11466.97,0,10000.0
2007-04-09,11466.97,0.0,11466.97,0,10000.0
2007-04-10,11466.97,0.0,11466.97,0,10000.0
2007-04-11,11466.97,0.0,11466.97,0,10000.0
2007-04-12,11466.97,0.0,11466.97,0,10000.0
2007-04-13,11466.97,0.0,11466.97,0,10000.0
2007-04-14,11466.97,0.0,11466.97,0,10000.0
2007-04-15,11466.97,0.0,11466.97,0,10000.0
2007-04-16,11466.97,0.0,11466.97,0,10000.0
2007-04-17,11466.97,0.0,11466.97,0,10000.0
2007-04-18,11466.97,0.0,11466.97,0,10000.0
2007-04-19,11466.97,0.0,11466.97,0,10000.0
2007-04-20,11466.97,0.0,11466.97,0,10000.0
2007-04-21,11466.97,0.0,11466.97,0,10000.0
2007-04-22,11466.97,0.0,11466.97,0,10000.0
2007-04-23,11466.97,0.0,11466.97,0,10000.0
2007-04-24,11466.97,0.0,11466.97,0,10000.0
2007-04-25,11466.97,0.0,11466.97,0,10000.0
2007-04-26,11466.97,0.0,11466.97,0,10000.0
2007-04-27,11466.97,0.0,11466.97,0,10000.0
2007-04-28,11466.97,0.0,11466.97,0,10000.0
2007-04-29,11466.97,0.0,11466.97,0,10000.0
2007-04-30,11466.97,0.0,11466.97,0,10000.0
2007-05-01,11666.97,0.0,11666.97,0,10200.0
2007-05-02,11666.97,0.0,11666.97,0,10200.0
2007-05-03,11666.97,0.0,11666.97,0,10200.0
2007-05-04,11666.97,0.0,11666.97,0,10200.0
2007-05-05,11666.97,0.0,11666.97,0,10200.0
2007-05-06,11666.97,0.0,11666.97,0,10200.0
2007-05-07,11666.97,0.0,11666.97,0,10200.0
2007-05-08,11666.97,0.0,11666.97,0,10200.0
2007-05-09,11666.97,0.0,11666.97,0,10200.0
2007-05-10,11666.97,0.0,11666.97,0,10200.0
2007-05-11,11666.97,0.0,11666.97,0,10200.0
2007-05-12,11666.97,0.0,11666.97,0,10200.0
2007-05-13,11666.97,0.0,11666.97,0,10200.0
2007-05-14,11666.97,0.0,11666.97,0,10200.0
2007-05-15,11666.97,0.0,11666.97,0,10200.0
2007-05-16,11666.97,0.0,11666.97,0,10200.0
2007-05-17,11666.97,0.0,11666.97,0,10200.0
2007-05-18,11666.97,0.0,11666.97,0,10200.0
2007-05-19,11666.97,0.0,11666.97,0,10200.0
2007-05-20,11666.97,0.0,11666.97,0,10200.0
2007-05-21,11666.97,0.0,11666.97,0,10200.0
2007-05-22,11666.97,0.0,11666.97,0,10200.0
2007-05-23,11666.97,0.0,11666.97,0,10200.0
2007-05-24,11666.97,0.0,11666.97,0,10200.0
2007-05-25,11666.97,0.0,11666.97,0,10200.0
2007-05-26,11666.97,0.0,11666.97,0,10200.0
2007-05-27,11666.97,0.0,11666.97,0,10200.0
2007-05-28,11666.97,0.0,11666.97,0,10200.0
2007-05-29,11666.97,0.0,11666.97,0,10200.0
2007-05-30,11666.97,0.0,11666.97,0,10200.0
2007-05-31,11666.97,0.0,11666.97,0,10200.0
2007-06-01,11866.97,0.0,11866.97,0,10400.0
2007-06-02,11866.97,0.0,11866.97,0,10400.0
2007-06-03,11866.97,0.0,11866.97,0,10400.0
2007-06-04,11866.97,0.0,11866.97,0,10400.0
2007-06-05,11866.97,0.0,11866.97,0,10400.0
2007-06-06,11866.97,0.0,11866.97,0,10400.0
2007-06-07,11866.97,0.0,11866.97,0,10400.0
2007-06-08,11866.97,0.0,11866.97,0,10400.0
2007-06-09,11866.97,0.0,11866.97,0,10400.0
2007-06-10,11866.97,0.0,11866.97,0,10400.0
2007-06-11,11866.97,0.0,11866.97,0,10400.0
2007-06-12,11866.97,0.0,11866.97,0,10400.0
2007-06-13,11866.97,0.0,11866.97,0,10400.0
2007-06-14,11866.97,0.0,11866.97,0,10400.0
2007-06-15,11866.97,0.0,11866.97,0,10400.0
2007-06-16,11866.97,0.0,11866.97,0,10400.0
2007-06-17,11866.97,0.0,11866.97,0,10400.0
2007-06-18,11866.97,0.0,11866.97,0,10400.0
2007-06-19,11866.97,0.0,11866.97,0,10400.0
2007-06-20,11866.97,0.0,11866.97,0,10400.0
2007-06-21,11866.97,0.0,11866.97,0,10400.0
2007-06-22,11866.97,0.0,11866.97,0,10400.0
2007-06-23,11866.97,0.0,11866.97,0,10400.0
2007-06-24,11866.97,0.0,11866.97,0,10400.0
2007-06-25,11866.97,0.0,11866.97,0,10400.0
2007-06-26,11866.97,0.0,11866.97,0,10400.0
2007-06-27,11866.97,0.0,11866.97,0,10400.0
2007-06-28,11866.97,0.0,11866.97,0,10400.0
2007-06-29,11866.97,0.0,11866.97,0,10400.0
2007-06-30,11866.97,0.0,11866.97,0,10400.0
2007-07-01,12066.97,0.0,12066.97,0,10600.0
2007-07-02,12066.97,0.0,12066.97,0,10600.0
2007-07-03,12066.97,0.0,12066.97,0,10600.0
2007-07-04,12066.97,0.0,12066.97,0,10600.0
2007-07-05,12066.97,0.0,12066.97,0,10600.0
2007-07-06,12066.97,0.0,12066.97,0,10600.0
2007-07-07,12066.97,0.0,12066.97,0,10600.0
2007-07-08,12066.97,0.0,12066.97,0,10600.0
2007-07-09,12066.97,0.0,12066.97,0,10600.0
2007-07-10,12066.97,0.0,12066.97,0,10600.0
2007-07-11,12066.97,0.0,12066.97,0,10600.0
2007-07-12,12066.97,0.0,12066.97,0,10600.0
2007-07-13,12066.97,0.0,12066.97,0,10600.0
2007-07-14,12066.97,0.0,12066.97,0,10600.0
2007-07-15,12066.97,0.0,12066.97,0,10600.0
2007-07-16,12066.97,0.0,12066.97,0,10600.0
2007-07-17,12066.97,0.0,12066.97,0,10600.0
2007-07-18,12066.97,0.0,12066.97,0,10600.0
2007-07-19,12066.97,0.0,12066.97,0,10600.0
2007-07-20,12066.97,0.0,12066.97,0,10600.0
2007-07-21,12066.97,0.0,12066.97,0,10600.0
2007-07-22,12066.97,0.0,12066.97,0,10600.0
2007-07-23,12066.97,0.0,12066.97,0,10600.0
2007-07-24,12066.97,0.0,12066.97,0,10600.0
2007-07-25,12066.97,0.0,12066.97,0,10600.0
2007-07-26,12066.97,0.0,12066.97,0,10600.0
2007-07-27,10015.58,2051.38,12066.97,1,10600.0
2007-07-28,10015.58,2051.38,12066.97,1,10600.0
2007-07-29,10015.58,2051.38,12066.97,1,10600.0
2007-07-30,5188.8,6878.17,12066.97,3,10600.0
2007-07-31,0.0,12066.97,12066.97,6,10600.0
2007-08-01,200.0,12066.97,12266.97,6,10800.0
2007-08-02,200.0,12066.97,12266.97,6,10800.0
2007-08-03,200.0,12066.97,12266.97,6,10800.0
2007-08-04,200.0,12066.97,12266.97,6,10800.0
2007-08-05,200.0,12066.97,12266.97,6,10800.0
2007-08-06,200.0,12066.97,12266.97,6,10800.0
2007-08-07,200.0,12066.97,12266.97,6,10800.0
2007-08-08,8315.04,4826.79,13141.82,3,10800.0
2007-08-09,8315.04,4826.79,13141.82,3,10800.0
2007-08-10,8315.04,4826.79,13141.82,3,10800.0
2007-08-11,8315.04,4826.79,13141.82,3,10800.0
2007-08-12,8315.04,4826.79,13141.82,3,10800.0
2007-08-13,8315.04,4826.79,13141.82,3,10800.0
2007-08-14,8586.54,4464.78,13051.32,2,10800.0
2007-08-15,8586.54,4464.78,13051.32,2,10800.0
2007-08-16,8586.54,4464.78,13051.32,2,10800.0
2007-08-17,8586.54,4464.78,13051.32,2,10800.0
2007-08-18,8586.54,4464.78,13051.32,2,10800.0
2007-08-19,8586.54,4464.78,13051.32,2,10800.0
2007-08-20,8586.54,4464.78,13051.32,2,10800.0
2007-08-21,8586.54,4464.78,13051.32,2,10800.0
2007-08-22,8586.54,4464.78,13051.32,2,10800.0
2007-08-23,8586.54,4464.78,13051.32,2,10800.0
2007-08-24,8586.54,4464.78,13051.32,2,10800.0
2007-08-25,8586.54,4464.78,13051.32,2,10800.0
2007-08-26,8586.54,4464.78,13051.32,2,10800.0
2007-08-27,7378.94,5677.51,13056.45,2,10800.0
2007-08-28,7378.94,5677.51,13056.45,2,10800.0
2007-08-29,5460.02,7758.36,13218.39,3,10800.0
2007-08-30,2816.35,10402.04,13218.39,4,10800.0
2007-08-31,0.0,13218.39,13218.39,6,10800.0
2007-09-01,200.0,13218.39,13418.39,6,11000.0
2007-09-02,200.0,13218.39,13418.39,6,11000.0
2007-09-03,200.0,13218.39,13418.39,6,11000.0
2007-09-04,200.0,13218.39,13418.39,6,11000.0
2007-09-05,200.0,13218.39,13418.39,6,11000.0
2007-09-06,200.0,13218.39,13418.39,6,11000.0
2007-09-07,200.0,13218.39,13418.39,6,11000.0
2007-09-08,200.0,13218.39,13418.39,6,11000.0
2007-09-09,200.0,13218.39,13418.39,6,11000.0
2007-09-10,200.0,13218.39,13418.39,6,11000.0
2007-09-11,200.0,13218.39,13418.39,6,11000.0
2007-09-12,200.0,13218.39,13418.39,6,11000.0
2007-09-13,200.0,13218.39,13418.39,6,11000.0
2007-09-14,200.0,13218.39,13418.39,6,11000.0
2007-09-15,200.0,13218.39,13418.39,6,11000.0
2007-09-16,200.0,13218.39,13418.39,6,11000.0
2007-09-17,200.0,13218.39,13418.39,6,11000.0
2007-09-18,200.0,13218.39,13418.39,6,11000.0
2007-09-19,2671.84,10971.26,13643.1,5,11000.0
2007-09-20,2671.84,10971.26,13643.1,5,11000.0
2007-09-21,2671.84,10971.26,13643.1,5,11000.0
2007-09-22,2671.84,10971.26,13643.1,5,11000.0
2007-09-23,2671.84,10971.26,13643.1,5,11000.0
2007-09-24,2671.84,10971.26,13643.1,5,11000.0
2007-09-25,4357.18,8724.14,13081.32,4,11000.0
2007-09-26,2394.99,10686.33,13081.32,5,11000.0
2007-09-27,2394.99,10686.33,13081.32,5,11000.0
2007-09-28,2394.99,10686.33,13081.32,5,11000.0
2007-09-29,2394.99,10686.33,13081.32,5,11000.0
2007-09-30,2394.99,10686.33,13081.32,5,11000.0
2007-10-01,7554.4,5226.31,12780.71,2,11200.0
2007-10-02,7554.4,5226.31,12780.71,2,11200.0
2007-10-03,7554.4,5226.31,12780.71,2,11200.0
2007-10-04,7554.4,5226.31,12780.71,2,11200.0
2007-10-05,7554.4,5226.31,12780.71,2,11200.0
2007-10-06,7554.4,5226.31,12780.71,2,11200.0
2007-10-07,7554.4,5226.31,12780.71,2,11200.0
2007-10-08,7554.4,5226.31,12780.71,2,11200.0
2007-10-09,7554.4,5226.31,12780.71,2,11200.0
2007-10-10,7554.4,5226.31,12780.71,2,11200.0
2007-10-11,7554.4,5226.31,12780.71,2,11200.0
2007-10-12,7554.4,5226.31,12780.71,2,11200.0
2007-10-13,7554.4,5226.31,12780.71,2,11200.0
2007-10-14,7554.4,5226.31,12780.71,2,11200.0
2007-10-15,7554.4,5226.31,12780.71,2,11200.0
2007-10-16,7554.4,5226.31,12780.71,2,11200.0
2007-10-17,7554.4,5226.31,12780.71,2,11200.0
2007-10-18,7554.4,5226.31,12780.71,2,11200.0
2007-10-19,7554.4,5226.31,12780.71,2,11200.0
2007-10-20,7554.4,5226.31,12780.71,2,11200.0
2007-10-21,7554.4,5226.31,12780.71,2,11200.0
2007-10-22,7554.4,5226.31,12780.71,2,11200.0
2007-10-23,7554.4,5226.31,12780.71,2,11200.0
2007-10-24,7554.4,5226.31,12780.71,2,11200.0
2007-10-25,7554.4,5226.31,12780.71,2,11200.0
2007-10-26,6259.47,6438.64,12698.1,2,11200.0
2007-10-27,6259.47,6438.64,12698.1,2,11200.0
2007-10-28,6259.47,6438.64,12698.1,2,11200.0
2007-10-29,6259.47,6438.64,12698.1,2,11200.0
2007-10-30,1561.17,11136.94,12698.1,4,11200.0
2007-10-31,0.0,12698.1,12698.1,5,11200.0
2007-11-01,200.0,12698.1,12898.1,5,11400.0
2007-11-02,200.0,12698.1,12898.1,5,11400.0
2007-11-03,200.0,12698.1,12898.1,5,11400.0
2007-11-04,200.0,12698.1,12898.1,5,11400.0
2007-11-05,200.0,12698.1,12898.1,5,11400.0
2007-11-06,200.0,12698.1,12898.1,5,11400.0
2007-11-07,200.0,12698.1,12898.1,5,11400.0
2007-11-08,200.0,12698.1,12898.1,5,11400.0
2007-11-09,200.0,12698.1,12898.1,5,11400.0
2007-11-10,200.0,12698.1,12898.1,5,11400.0
2007-11-11,200.0,12698.1,12898.1,5,11400.0
2007-11-12,200.0,12698.1,12898.1,5,11400.0
2007-11-13,6644.29,6983.96,13628.25,3,11400.0
2007-11-14,6644.29,6983.96,13628.25,3,11400.0
2007-11-15,6644.29,6983.96,13628.25,3,11400.0
2007-11-16,6644.29,6983.96,13628.25,3,11400.0
2007-11-17,6644.29,6983.96,13628.25,3,11400.0
2007-11-18,6644.29,6983.96,13628.25,3,11400.0
2007-11-19,6644.29,6983.96,13628.25,3,11400.0
2007-11-20,6644.29,6983.96,13628.25,3,11400.0
2007-11-21,8263.3,4825.28,13088.58,2,11400.0
2007-11-22,8263.3,4825.28,13088.58,2,11400.0
2007-11-23,8263.3,4825.28,13088.58,2,11400.0
2007-11-24,8263.3,4825.28,13088.58,2,11400.0
2007-11-25,8263.3,4825.28,13088.58,2,11400.0
2007-11-26,8263.3,4825.28,13088.58,2,11400.0
2007-11-27,8263.3,4825.28,13088.58,2,11400.0
2007-11-28,8263.3,4825.28,13088.58,2,11400.0
2007-11-29,8263.3,4825.28,13088.58,2,11400.0
2007-11-30,9824.46,3264.11,13088.58,1,11400.0
2007-12-01,10024.46,3264.11,13288.58,1,11600.0
2007-12-02,10024.46,3264.11,13288.58,1,11600.0
2007-12-03,10024.46,3264.11,13288.58,1,11600.0
2007-12-04,10024.46,3264.11,13288.58,1,11600.0
2007-12-05,10024.46,3264.11,13288.58,1,11600.0
2007-12-06,10024.46,3264.11,13288.58,1,11600.0
2007-12-07,10024.46,3264.11,13288.58,1,11600.0
2007-12-08,10024.46,3264.11,13288.58,1,11600.0
2007-12-09,10024.46,3264.11,13288.58,1,11600.0
2007-12-10,10024.46,3264.11,13288.58,1,11600.0
2007-12-11,10024.46,3264.11,13288.58,1,11600.0
2007-12-12,10024.46,3264.11,13288.58,1,11600.0
2007-12-13,10024.46,3264.11,13288.58,1,11600.0
2007-12-14,10024.46,3264.11,13288.58,1,11600.0
2007-12-15,10024.46,3264.11,13288.58,1,11600.0
2007-12-16,10024.46,3264.11,13288.58,1,11600.0
2007-12-17,10024.46,3264.11,13288.58,1,11600.0
2007-12-18,10024.46,3264.11,13288.58,1,11600.0
2007-12-19,10024.46,3264.11,13288.58,1,11600.0
2007-12-20,10024.46,3264.11,13288.58,1,11600.0
2007-12-21,10024.46,3264.11,13288.58,1,11600.0
2007-12-22,10024.46,3264.11,13288.58,1,11600.0
2007-12-23,10024.46,3264.11,13288.58,1,11600.0
2007-12-24,10024.46,3264.11,13288.58,1,11600.0
2007-12-25,10024.46,3264.11,13288.58,1,11600.0
2007-12-26,12923.97,0.0,12923.97,0,11600.0
2007-12-27,12923.97,0.0,12923.97,0,11600.0
2007-12-28,12923.97,0.0,12923.97,0,11600.0
2007-12-29,12923.97,0.0,12923.97,0,11600.0
2007-12-30,12923.97,0.0,12923.97,0,11600.0
2007-12-31,12923.97,0.0,12923.97,0,11600.0
2008-01-01,13123.97,0.0,13123.97,0,11800.0
2008-01-02,13123.97,0.0,13123.97,0,11800.0
2008-01-03,13123.97,0.0,13123.97,0,11800.0
2008-01-04,13123.97,0.0,13123.97,0,11800.0
2008-01-05,13123.97,0.0,13123.97,0,11800.0
2008-01-06,13123.97,0.0,13123.97,0,11800.0
2008-01-07,13123.97,0.0,13123.97,0,11800.0
2008-01-08,13123.97,0.0,13123.97,0,11800.0
2008-01-09,13123.97,0.0,13123.97,0,11800.0
2008-01-10,13123.97,0.0,13123.97,0,11800.0
2008-01-11,13123.97,0.0,13123.97,0,11800.0
2008-01-12,13123.97,0.0,13123.97,0,11800.0
2008-01-13,13123.97,0.0,13123.97,0,11800.0
2008-01-14,13123.97,0.0,13123.97,0,11800.0
2008-01-15,13123.97,0.0,13123.97,0,11800.0
2008-01-16,13123.97,0.0,13123.97,0,11800.0
2008-01-17,13123.97,0.0,13123.97,0,11800.0
2008-01-18,13123.97,0.0,13123.97,0,11800.0
2008-01-19,13123.97,0.0,13123.97,0,11800.0
2008-01-20,13123.97,0.0,13123.97,0,11800.0
2008-01-21,13123.97,0.0,13123.97,0,11800.0
2008-01-22,13123.97,0.0,13123.97,0,11800.0
2008-01-23,13123.97,0.0,13123.97,0,11800.0
2008-01-24,13123.97,0.0,13123.97,0,11800.0
2008-01-25,13123.97,0.0,13123.97,0,11800.0
2008-01-26,13123.97,0.0,13123.97,0,11800.0
2008-01-27,13123.97,0.0,13123.97,0,11800.0
2008-01-28,13123.97,0.0,13123.97,0,11800.0
2008-01-29,13123.97,0.0,13123.97,0,11800.0
2008-01-30,13123.97,0.0,13123.97,0,11800.0
2008-01-31,13123.97,0.0,13123.97,0,11800.0
2008-02-01,13323.97,0.0,13323.97,0,12000.0
2008-02-02,13323.97,0.0,13323.97,0,12000.0
2008-02-03,13323.97,0.0,13323.97,0,12000.0
2008-02-04,13323.97,0.0,13323.97,0,12000.0
2008-02-05,13323.97,0.0,13323.97,0,12000.0
2008-02-06,13323.97,0.0,13323.97,0,12000.0
2008-02-07,13323.97,0.0,13323.97,0,12000.0
2008-02-08,13323.97,0.0,13323.97,0,12000.0
2008-02-09,13323.97,0.0,13323.97,0,12000.0
2008-02-10,13323.97,0.0,13323.97,0,12000.0
2008-02-11,13323.97,0.0,13323.97,0,12000.0
2008-02-12,13323.97,0.0,13323.97,0,12000.0
2008-02-13,13323.97,0.0,13323.97,0,12000.0
2008-02-14,13323.97,0.0,13323.97,0,12000.0
2008-02-15,13323.97,0.0,13323.97,0,12000.0
2008-02-16,13323.97,0.0,13323.97,0,12000.0
2008-02-17,13323.97,0.0,13323.97,0,12000.0
2008-02-18,13323.97,0.0,13323.97,0,12000.0
2008-02-19,13323.97,0.0,13323.97,0,12000.0
2008-02-20,13323.97,0.0,13323.97,0,12000.0
2008-02-21,13323.97,0.0,13323.97,0,12000.0
2008-02-22,13323.97,0.0,13323.97,0,12000.0
2008-02-23,13323.97,0.0,13323.97,0,12000.0
2008-02-24,13323.97,0.0,13323.97,0,12000.0
2008-02-25,13323.97,0.0,13323.97,0,12000.0
2008-02-26,13323.97,0.0,13323.97,0,12000.0
2008-02-27,13323.97,0.0,13323.97,0,12000.0
2008-02-28,13323.97,0.0,13323.97,0,12000.0
2008-02-29,13323.97,0.0,13323.97,0,12000.0
2008-03-01,13523.97,0.0,13523.97,0,12200.0
2008-03-02,13523.97,0.0,13523.97,0,12200.0
2008-03-03,13523.97,0.0,13523.97,0,12200.0
2008-03-04,13523.97,0.0,13523.97,0,12200.0
2008-03-05,13523.97,0.0,13523.97,0,12200.0
2008-03-06,13523.97,0.0,13523.97,0,12200.0
2008-03-07,13523.97,0.0,13523.97,0,12200.0
2008-03-08,13523.97,0.0,13523.97,0,12200.0
2008-03-09,13523.97,0.0,13523.97,0,12200.0
2008-03-10,13523.97,0.0,13523.97,0,12200.0
2008-03-11,13523.97,0.0,13523.97,0,12200.0
2008-03-12,13523.97,0.0,13523.97,0,12200.0
2008-03-13,13523.97,0.0,13523.97,0,12200.0
2008-03-14,13523.97,0.0,13523.97,0,12200.0
2008-03-15,13523.97,0.0,13523.97,0,12200.0
2008-03-16,13523.97,0.0,13523.97,0,12200.0
2008-03-17,13523.97,0.0,13523.97,0,12200.0
2008-03-18,13523.97,0.0,13523.97,0,12200.0
2008-03-19,13523.97,0.0,13523.97,0,12200.0
2008-03-20,13523.97,0.0,13523.97,0,12200.0
2008-03-21,13523.97,0.0,13523.97,0,12200.0
2008-03-22,13523.97,0.0,13523.97,0,12200.0
2008-03-23,13523.97,0.0,13523.97,0,12200.0
2008-03-24,13523.97,0.0,13523.97,0,12200.0
2008-03-25,13523.97,0.0,13523.97,0,12200.0
2008-03-26,13523.97,0.0,13523.97,0,12200.0
2008-03-27,13523.97,0.0,13523.97,0,12200.0
2008-03-28,13523.97,0.0,13523.97,0,12200.0
2008-03-29,13523.97,0.0,13523.97,0,12200.0
2008-03-30,13523.97,0.0,13523.97,0,12200.0
2008-03-31,13523.97,0.0,13523.97,0,12200.0
2008-04-01,13723.97,0.0,13723.97,0,12400.0
2008-04-02,13723.97,0.0,13723.97,0,12400.0
2008-04-03,13723.97,0.0,13723.97,0,12400.0
2008-04-04,13723.97,0.0,13723.97,0,12400.0
2008-04-05,13723.97,0.0,13723.97,0,12400.0
2008-04-06,13723.97,0.0,13723.97,0,12400.0
2008-04-07,13723.97,0.0,13723.97,0,12400.0
2008-04-08,13723.97,0.0,13723.97,0,12400.0
2008-04-09,13723.97,0.0,13723.97,0,12400.0
2008-04-10,13723.97,0.0,13723.97,0,12400.0
2008-04-11,13723.97,0.0,13723.97,0,12400.0
2008-04-12,13723.97,0.0,13723.97,0,12400.0
2008-04-13,13723.97,0.0,13723.97,0,12400.0
2008-04-14,13723.97,0.0,13723.97,0,12400.0
2008-04-15,13723.97,0.0,13723.97,0,12400.0
2008-04-16,13723.97,0.0,13723.97,0,12400.0
2008-04-17,13723.97,0.0,13723.97,0,12400.0
2008-04-18,13723.97,0.0,13723.97,0,12400.0
2008-04-19,13723.97,0.0,13723.97,0,12400.0
2008-04-20,13723.97,0.0,13723.97,0,12400.0
2008-04-21,13723.97,0.0,13723.97,0,12400.0
2008-04-22,13723.97,0.0,13723.97,0,12400.0
2008-04-23,13723.97,0.0,13723.97,0,12400.0
2008-04-24,13723.97,0.0,13723.97,0,12400.0
2008-04-25,13723.97,0.0,13723.97,0,12400.0
2008-04-26,13723.97,0.0,13723.97,0,12400.0
2008-04-27,13723.97,0.0,13723.97,0,12400.0
2008-04-28,13723.97,0.0,13723.97,0,12400.0
2008-04-29,13723.97,0.0,13723.97,0,12400.0
2008-04-30,13723.97,0.0,13723.97,0,12400.0
2008-05-01,13923.97,0.0,13923.97,0,12600.0
2008-05-02,13923.97,0.0,13923.97,0,12600.0
2008-05-03,13923.97,0.0,13923.97,0,12600.0
2008-05-04,13923.97,0.0,13923.97,0,12600.0
2008-05-05,13923.97,0.0,13923.97,0,12600.0
2008-05-06,13923.97,0.0,13923.97,0,12600.0
2008-05-07,13923.97,0.0,13923.97,0,12600.0
2008-05-08,13923.97,0.0,13923.97,0,12600.0
2008-05-09,13923.97,0.0,13923.97,0,12600.0
2008-05-10,13923.97,0.0,13923.97,0,12600.0
2008-05-11,13923.97,0.0,13923.97,0,12600.0
2008-05-12,13923.97,0.0,13923.97,0,12600.0
2008-05-13,13923.97,0.0,13923.97,0,12600.0
2008-05-14,13923.97,0.0,13923.97,0,12600.0
2008-05-15,13923.97,0.0,13923.97,0,12600.0
2008-05-16,13923.97,0.0,13923.97,0,12600.0
2008-05-17,13923.97,0.0,13923.97,0,12600.0
2008-05-18,13923.97,0.0,13923.97,0,12600.0
2008-05-19,13923.97,0.0,13923.97,0,12600.0
2008-05-20,13923.97,0.0,13923.97,0,12600.0
2008-05-21,13923.97,0.0,13923.97,0,12600.0
2008-05-22,13923.97,0.0,13923.97,0,12600.0
2008-05-23,13923.97,0.0,13923.97,0,12600.0
2008-05-24,13923.97,0.0,13923.97,0,12600.0
2008-05-25,13923.97,0.0,13923.97,0,12600.0
2008-05-26,13923.97,0.0,13923.97,0,12600.0
2008-05-27,13923.97,0.0,13923.97,0,12600.0
2008-05-28,13923.97,0.0,13923.97,0,12600.0
2008-05-29,13923.97,0.0,13923.97,0,12600.0
2008-05-30,13923.97,0.0,13923.97,0,12600.0
2008-05-31,13923.97,0.0,13923.97,0,12600.0
2008-06-01,14123.97,0.0,14123.97,0,12800.0
2008-06-02,14123.97,0.0,14123.97,0,12800.0
2008-06-03,14123.97,0.0,14123.97,0,12800.0
2008-06-04,14123.97,0.0,14123.97,0,12800.0
2008-06-05,14123.97,0.0,14123.97,0,12800.0
2008-06-06,14123.97,0.0,14123.97,0,12800.0
2008-06-07,14123.97,0.0,14123.97,0,12800.0
2008-06-08,14123.97,0.0,14123.97,0,12800.0
2008-06-09,14123.97,0.0,14123.97,0,12800.0
2008-06-10,14123.97,0.0,14123.97,0,12800.0
2008-06-11,14123.97,0.0,14123.97,0,12800.0
2008-06-12,14123.97,0.0,14123.97,0,12800.0
2008-06-13,14123.97,0.0,14123.97,0,12800.0
2008-06-14,14123.97,0.0,14123.97,0,12800.0
2008-06-15,14123.97,0.0,14123.97,0,12800.0
2008-06-16,14123.97,0.0,14123.97,0,12800.0
2008-06-17,14123.97,0.0,14123.97,0,12800.0
2008-06-18,14123.97,0.0,14123.97,0,12800.0
2008-06-19,14123.97,0.0,14123.97,0,12800.0
2008-06-20,14123.97,0.0,14123.97,0,12800.0
2008-06-21,14123.97,0.0,14123.97,0,12800.0
2008-06-22,14123.97,0.0,14123.97,0,12800.0
2008-06-23,14123.97,0.0,14123.97,0,12800.0
2008-06-24,14123.97,0.0,14123.97,0,12800.0
2008-06-25,14123.97,0.0,14123.97,0,12800.0
2008-06-26,14123.97,0.0,14123.97,0,12800.0
2008-06-27,14123.97,0.0,14123.97,0,12800.0
2008-06-28,14123.97,0.0,14123.97,0,12800.0
2008-06-29,14123.97,0.0,14123.97,0,12800.0
2008-06-30,14123.97,0.0,14123.97,0,12800.0
2008-07-01,14323.97,0.0,14323.97,0,13000.0
2008-07-02,14323.97,0.0,14323.97,0,13000.0
2008-07-03,14323.97,0.0,14323.97,0,13000.0
2008-07-04,14323.97,0.0,14323.97,0,13000.0
2008-07-05,14323.97,0.0,14323.97,0,13000.0
2008-07-06,14323.97,0.0,14323.97,0,13000.0
2008-07-07,14323.97,0.0,14323.97,0,13000.0
2008-07-08,14323.97,0.0,14323.97,0,13000.0
2008-07-09,14323.97,0.0,14323.97,0,13000.0
2008-07-10,14323.97,0.0,14323.97,0,13000.0
2008-07-11,14323.97,0.0,14323.97,0,13000.0
2008-07-12,14323.97,0.0,14323.97,0,13000.0
2008-07-13,14323.97,0.0,14323.97,0,13000.0
2008-07-14,14323.97,0.0,14323.97,0,13000.0
2008-07-15,14323.97,0.0,14323.97,0,13000.0
2008-07-16,14323.97,0.0,14323.97,0,13000.0
2008-07-17,14323.97,0.0,14323.97,0,13000.0
2008-07-18,14323.97,0.0,14323.97,0,13000.0
2008-07-19,14323.97,0.0,14323.97,0,13000.0
2008-07-20,14323.97,0.0,14323.97,0,13000.0
2008-07-21,14323.97,0.0,14323.97,0,13000.0
2008-07-22,14323.97,0.0,14323.97,0,13000.0
2008-07-23,14323.97,0.0,14323.97,0,13000.0
2008-07-24,14323.97,0.0,14323.97,0,13000.0
2008-07-25,14323.97,0.0,14323.97,0,13000.0
2008-07-26,14323.97,0.0,14323.97,0,13000.0
2008-07-27,14323.97,0.0,14323.97,0,13000.0
2008-07-28,14323.97,0.0,14323.97,0,13000.0
2008-07-29,14323.97,0.0,14323.97,0,13000.0
2008-07-30,14323.97,0.0,14323.97,0,13000.0
2008-07-31,14323.97,0.0,14323.97,0,13000.0
2008-08-01,14523.97,0.0,14523.97,0,13200.0
2008-08-02,14523.97,0.0,14523.97,0,13200.0
2008-08-03,14523.97,0.0,14523.97,0,13200.0
2008-08-04,14523.97,0.0,14523.97,0,13200.0
2008-08-05,14523.97,0.0,14523.97,0,13200.0
2008-08-06,14523.97,0.0,14523.97,0,13200.0
2008-08-07,14523.97,0.0,14523.97,0,13200.0
2008-08-08,14523.97,0.0,14523.97,0,13200.0
2008-08-09,14523.97,0.0,14523.97,0,13200.0
2008-08-10,14523.97,0.0,14523.97,0,13200.0
2008-08-11,14523.97,0.0,14523.97,0,13200.0
2008-08-12,14523.97,0.0,14523.97,0,13200.0
2008-08-13,14523.97,0.0,14523.97,0,13200.0
2008-08-14,14523.97,0.0,14523.97,0,13200.0
2008-08-15,14523.97,0.0,14523.97,0,13200.0
2008-08-16,14523.97,0.0,14523.97,0,13200.0
2008-08-17,14523.97,0.0,14523.97,0,13200.0
2008-08-18,14523.97,0.0,14523.97,0,13200.0
2008-08-19,14523.97,0.0,14523.97,0,13200.0
2008-08-20,14523.97,0.0,14523.97,0,13200.0
2008-08-21,14523.97,0.0,14523.97,0,13200.0
2008-08-22,14523.97,0.0,14523.97,0,13200.0
2008-08-23,14523.97,0.0,14523.97,0,13200.0
2008-08-24,14523.97,0.0,14523.97,0,13200.0
2008-08-25,14523.97,0.0,14523.97,0,13200.0
2008-08-26,14523.97,0.0,14523.97,0,13200.0
2008-08-27,14523.97,0.0,14523.97,0,13200.0
2008-08-28,14523.97,0.0,14523.97,0,13200.0
2008-08-29,14523.97,0.0,14523.97,0,13200.0
2008-08-30,14523.97,0.0,14523.97,0,13200.0
2008-08-31,14523.97,0.0,14523.97,0,13200.0
2008-09-01,14723.97,0.0,14723.97,0,13400.0
2008-09-02,14723.97,0.0,14723.97,0,13400.0
2008-09-03,14723.97,0.0,14723.97,0,13400.0
2008-09-04,14723.97,0.0,14723.97,0,13400.0
2008-09-05,14723.97,0.0,14723.97,0,13400.0
2008-09-06,14723.97,0.0,14723.97,0,13400.0
2008-09-07,14723.97,0.0,14723.97,0,13400.0
2008-09-08,14723.97,0.0,14723.97,0,13400.0
2008-09-09,14723.97,0.0,14723.97,0,13400.0
2008-09-10,14723.97,0.0,14723.97,0,13400.0
2008-09-11,14723.97,0.0,14723.97,0,13400.0
2008-09-12,14723.97,0.0,14723.97,0,13400.0
2008-09-13,14723.97,0.0,14723.97,0,13400.0
2008-09-14,14723.97,0.0,14723.97,0,13400.0
2008-09-15,14723.97,0.0,14723.97,0,13400.0
2008-09-16,14723.97,0.0,14723.97,0,13400.0
2008-09-17,14723.97,0.0,14723.97,0,13400.0
2008-09-18,14723.97,0.0,14723.97,0,13400.0
2008-09-19,14723.97,0.0,14723.97,0,13400.0
2008-09-20,14723.97,0.0,14723.97,0,13400.0
2008-09-21,14723.97,0.0,14723.97,0,13400.0
2008-09-22,14723.97,0.0,14723.97,0,13400.0
2008-09-23,14723.97,0.0,14723.97,0,13400.0
2008-09-24,14723.97,0.0,14723.97,0,13400.0
2008-09-25,14723.97,0.0,14723.97,0,13400.0
2008-09-26,11779.18,2944.79,14723.97,1,13400.0
2008-09-27,11779.18,2944.79,14723.97,1,13400.0
2008-09-28,11779.18,2944.79,14723.97,1,13400.0
2008-09-29,8834.38,5889.59,14723.97,2,13400.0
2008-09-30,8056.2,7740.27,15796.47,3,13400.0
2008-10-01,8256.2,7740.27,15996.47,3,13600.0
2008-10-02,8256.2,7740.27,15996.47,3,13600.0
2008-10-03,8256.2,7740.27,15996.47,3,13600.0
2008-10-04,8256.2,7740.27,15996.47,3,13600.0
2008-10-05,8256.2,7740.27,15996.47,3,13600.0
2008-10-06,8256.2,7740.27,15996.47,3,13600.0
2008-10-07,8256.2,7740.27,15996.47,3,13600.0
2008-10-08,10033.3,5370.8,15404.1,2,13600.0
2008-10-09,12047.35,2685.4,14732.75,1,13600.0
2008-10-10,14061.4,0.0,14061.4,0,13600.0
2008-10-11,14061.4,0.0,14061.4,0,13600.0
2008-10-12,14061.4,0.0,14061.4,0,13600.0
2008-10-13,14061.4,0.0,14061.4,0,13600.0
2008-10-14,14061.4,0.0,14061.4,0,13600.0
2008-10-15,14061.4,0.0,14061.4,0,13600.0
2008-10-16,14061.4,0.0,14061.4,0,13600.0
2008-10-17,14061.4,0.0,14061.4,0,13600.0
2008-10-18,14061.4,0.0,14061.4,0,13600.0
2008-10-19,14061.4,0.0,14061.4,0,13600.0
2008-10-20,14061.4,0.0,14061.4,0,13600.0
2008-10-21,14061.4,0.0,14061.4,0,13600.0
2008-10-22,14061.4,0.0,14061.4,0,13600.0
2008-10-23,11249.12,2812.28,14061.4,1,13600.0
2008-10-24,6465.66,6729.56,13195.22,3,13600.0
2008-10-25,6465.66,6729.56,13195.22,3,13600.0
2008-10-26,6465.66,6729.56,13195.22,3,13600.0
2008-10-27,0.0,13195.22,13195.22,6,13600.0
2008-10-28,0.0,14455.36,14455.36,6,13600.0
2008-10-29,0.0,15792.74,15792.74,6,13600.0
2008-10-30,5228.56,12128.39,17356.94,4,13600.0
2008-10-31,0.0,17580.44,17580.44,6,13600.0
2008-11-01,8655.68,9893.46,18549.13,3,13800.0
2008-11-02,8655.68,9893.46,18549.13,3,13800.0
2008-11-03,8655.68,9893.46,18549.13,3,13800.0
2008-11-04,8655.68,9893.46,18549.13,3,13800.0
2008-11-05,8655.68,9893.46,18549.13,3,13800.0
2008-11-06,8655.68,9893.46,18549.13,3,13800.0
2008-11-07,8655.68,9893.46,18549.13,3,13800.0
2008-11-08,8655.68,9893.46,18549.13,3,13800.0
2008-11-09,8655.68,9893.46,18549.13,3,13800.0
2008-11-10,8655.68,9893.46,18549.13,3,13800.0
2008-11-11,8655.68,9893.46,18549.13,3,13800.0
2008-11-12,8655.68,9893.46,18549.13,3,13800.0
2008-11-13,8655.68,9893.46,18549.13,3,13800.0
2008-11-14,8655.68,9893.46,18549.13,3,13800.0
2008-11-15,8655.68,9893.46,18549.13,3,13800.0
2008-11-16,8655.68,9893.46,18549.13,3,13800.0
2008-11-17,8655.68,9893.46,18549.13,3,13800.0
2008-11-18,8655.68,9893.46,18549.13,3,13800.0
2008-11-19,8655.68,9893.46,18549.13,3,13800.0
2008-11-20,10868.69,6942.78,17811.46,2,13800.0
2008-11-21,10868.69,6942.78,17811.46,2,13800.0
2008-11-22,10868.69,6942.78,17811.46,2,13800.0
2008-11-23,10868.69,6942.78,17811.46,2,13800.0
2008-11-24,10868.69,6942.78,17811.46,2,13800.0
2008-11-25,10868.69,6942.78,17811.46,2,13800.0
2008-11-26,13732.58,4339.24,18071.82,1,13800.0
2008-11-27,13732.58,4339.24,18071.82,1,13800.0
2008-11-28,13732.58,4339.24,18071.82,1,13800.0
2008-11-29,13732.58,4339.24,18071.82,1,13800.0
2008-11-30,13732.58,4339.24,18071.82,1,13800.0
2008-12-01,13932.58,4339.24,18271.82,1,14000.0
2008-12-02,13932.58,4339.24,18271.82,1,14000.0
2008-12-03,13932.58,4339.24,18271.82,1,14000.0
2008-12-04,13932.58,4339.24,18271.82,1,14000.0
2008-12-05,13932.58,4339.24,18271.82,1,14000.0
2008-12-06,13932.58,4339.24,18271.82,1,14000.0
2008-12-07,13932.58,4339.24,18271.82,1,14000.0
2008-12-08,13932.58,4339.24,18271.82,1,14000.0
2008-12-09,13932.58,4339.24,18271.82,1,14000.0
2008-12-10,13932.58,4339.24,18271.82,1,14000.0
2008-12-11,13932.58,4339.24,18271.82,1,14000.0
2008-12-12,13932.58,4339.24,18271.82,1,14000.0
2008-12-13,13932.58,4339.24,18271.82,1,14000.0
2008-12-14,13932.58,4339.24,18271.82,1,14000.0
2008-12-15,13932.58,4339.24,18271.82,1,14000.0
2008-12-16,13932.58,4339.24,18271.82,1,14000.0
2008-12-17,13932.58,4339.24,18271.82,1,14000.0
2008-12-18,13932.58,4339.24,18271.82,1,14000.0
2008-12-19,10278.22,7993.6,18271.82,2,14000.0
2008-12-20,10278.22,7993.6,18271.82,2,14000.0
2008-12-21,10278.22,7993.6,18271.82,2,14000.0
2008-12-22,7537.45,10734.37,18271.82,3,14000.0
2008-12-23,7537.45,10734.37,18271.82,3,14000.0
2008-12-24,4431.24,13840.58,18271.82,4,14000.0
2008-12-25,4431.24,13840.58,18271.82,4,14000.0
2008-12-26,8451.04,10186.22,18637.25,3,14000.0
2008-12-27,8451.04,10186.22,18637.25,3,14000.0
2008-12-28,8451.04,10186.22,18637.25,3,14000.0
2008-12-29,8451.04,10186.22,18637.25,3,14000.0
2008-12-30,4723.59,13913.67,18637.25,4,14000.0
2008-12-31,7981.82,11302.26,19284.08,3,14000.0
2009-01-01,8181.82,11302.26,19484.08,3,14200.0
2009-01-02,13171.94,6963.02,20134.96,2,14200.0
2009-01-03,13171.94,6963.02,20134.96,2,14200.0
2009-01-04,13171.94,6963.02,20134.96,2,14200.0
2009-01-05,13171.94,6963.02,20134.96,2,14200.0
2009-01-06,13171.94,6963.02,20134.96,2,14200.0
2009-01-07,16588.77,3856.82,20445.58,1,14200.0
2009-01-08,16588.77,3856.82,20445.58,1,14200.0
2009-01-09,16588.77,3856.82,20445.58,1,14200.0
2009-01-10,16588.77,3856.82,20445.58,1,14200.0
2009-01-11,16588.77,3856.82,20445.58,1,14200.0
2009-01-12,16588.77,3856.82,20445.58,1,14200.0
2009-01-13,16588.77,3856.82,20445.58,1,14200.0
2009-01-14,16588.77,3856.82,20445.58,1,14200.0
2009-01-15,16588.77,3856.82,20445.58,1,14200.0
2009-01-16,16588.77,3856.82,20445.58,1,14200.0
2009-01-17,16588.77,3856.82,20445.58,1,14200.0
2009-01-18,16588.77,3856.82,20445.58,1,14200.0
2009-01-19,16588.77,3856.82,20445.58,1,14200.0
2009-01-20,16588.77,3856.82,20445.58,1,14200.0
2009-01-21,16588.77,3856.82,20445.58,1,14200.0
2009-01-22,16588.77,3856.82,20445.58,1,14200.0
2009-01-23,16588.77,3856.82,20445.58,1,14200.0
2009-01-24,16588.77,3856.82,20445.58,1,14200.0
2009-01-25,16588.77,3856.82,20445.58,1,14200.0
2009-01-26,16588.77,3856.82,20445.58,1,14200.0
2009-01-27,16588.77,3856.82,20445.58,1,14200.0
2009-01-28,16588.77,3856.82,20445.58,1,14200.0
2009-01-29,16588.77,3856.82,20445.58,1,14200.0
2009-01-30,20232.69,0.0,20232.69,0,14200.0
2009-01-31,20232.69,0.0,20232.69,0,14200.0
2009-02-01,20432.69,0.0,20432.69,0,14400.0
2009-02-02,20432.69,0.0,20432.69,0,14400.0
2009-02-03,20432.69,0.0,20432.69,0,14400.0
2009-02-04,20432.69,0.0,20432.69,0,14400.0
2009-02-05,20432.69,0.0,20432.69,0,14400.0
2009-02-06,20432.69,0.0,20432.69,0,14400.0
2009-02-07,20432.69,0.0,20432.69,0,14400.0
2009-02-08,20432.69,0.0,20432.69,0,14400.0
2009-02-09,20432.69,0.0,20432.69,0,14400.0
2009-02-10,20432.69,0.0,20432.69,0,14400.0
2009-02-11,20432.69,0.0,20432.69,0,14400.0
2009-02-12,20432.69,0.0,20432.69,0,14400.0
2009-02-13,20432.69,0.0,20432.69,0,14400.0
2009-02-14,20432.69,0.0,20432.69,0,14400.0
2009-02-15,20432.69,0.0,20432.69,0,14400.0
2009-02-16,20432.69,0.0,20432.69,0,14400.0
2009-02-17,20432.69,0.0,20432.69,0,14400.0
2009-02-18,20432.69,0.0,20432.69,0,14400.0
2009-02-19,20432.69,0.0,20432.69,0,14400.0
2009-02-20,20432.69,0.0,20432.69,0,14400.0
2009-02-21,20432.69,0.0,20432.69,0,14400.0
2009-02-22,20432.69,0.0,20432.69,0,14400.0
2009-02-23,13281.25,7151.44,20432.69,2,14400.0
2009-02-24,14650.24,6191.1,20841.34,2,14400.0
2009-02-25,0.0,21153.96,21153.96,6,14400.0
2009-02-26,0.0,21153.96,21153.96,6,14400.0
2009-02-27,0.0,21820.07,21820.07,6,14400.0
2009-02-28,4800.41,17456.05,22256.47,5,14400.0
2009-03-01,5000.41,17456.05,22456.47,5,14600.0
2009-03-02,5000.41,17456.05,22456.47,5,14600.0
2009-03-03,8173.51,13225.26,21398.77,4,14600.0
2009-03-04,8173.51,13225.26,21398.77,4,14600.0
2009-03-05,10553.33,10052.17,20605.5,3,14600.0
2009-03-06,12775.71,7089.0,19864.71,2,14600.0
2009-03-07,12775.71,7089.0,19864.71,2,14600.0
2009-03-08,12775.71,7089.0,19864.71,2,14600.0
2009-03-09,12775.71,7089.0,19864.71,2,14600.0
2009-03-10,17429.58,2858.21,20287.78,1,14600.0
2009-03-11,17429.58,2858.21,20287.78,1,14600.0
2009-03-12,20573.6,0.0,20573.6,0,14600.0
2009-03-13,20573.6,0.0,20573.6,0,14600.0
2009-03-14,20573.6,0.0,20573.6,0,14600.0
2009-03-15,20573.6,0.0,20573.6,0,14600.0
2009-03-16,20573.6,0.0,20573.6,0,14600.0
2009-03-17,20573.6,0.0,20573.6,0,14600.0
2009-03-18,20573.6,0.0,20573.6,0,14600.0
2009-03-19,17487.56,3086.04,20573.6,1,14600.0
2009-03-20,14401.52,6172.08,20573.6,2,14600.0
2009-03-21,14401.52,6172.08,20573.6,2,14600.0
2009-03-22,14401.52,6172.08,20573.6,2,14600.0
2009-03-23,17796.17,3086.04,20882.21,1,14600.0
2009-03-24,13619.73,7262.48,20882.21,2,14600.0
2009-03-25,13619.73,7262.48,20882.21,2,14600.0
2009-03-26,13619.73,7262.48,20882.21,2,14600.0
2009-03-27,9443.28,11438.92,20882.21,3,14600.0
2009-03-28,9443.28,11438.92,20882.21,3,14600.0
2009-03-29,9443.28,11438.92,20882.21,3,14600.0
2009-03-30,6310.95,14571.26,20882.21,4,14600.0
2009-03-31,0.0,20882.21,20882.21,6,14600.0
2009-04-01,4104.97,17332.23,21437.21,5,14800.0
2009-04-02,15181.7,7262.48,22444.18,2,14800.0
2009-04-03,15181.7,7262.48,22444.18,2,14800.0
2009-04-04,15181.7,7262.48,22444.18,2,14800.0
2009-04-05,15181.7,7262.48,22444.18,2,14800.0
2009-04-06,15181.7,7262.48,22444.18,2,14800.0
2009-04-07,15181.7,7262.48,22444.18,2,14800.0
2009-04-08,15181.7,7262.48,22444.18,2,14800.0
2009-04-09,15181.7,7262.48,22444.18,2,14800.0
2009-04-10,15181.7,7262.48,22444.18,2,14800.0
2009-04-11,15181.7,7262.48,22444.18,2,14800.0
2009-04-12,15181.7,7262.48,22444.18,2,14800.0
2009-04-13,15181.7,7262.48,22444.18,2,14800.0
2009-04-14,15181.7,7262.48,22444.18,2,14800.0
2009-04-15,15181.7,7262.48,22444.18,2,14800.0
2009-04-16,15181.7,7262.48,22444.18,2,14800.0
2009-04-17,15181.7,7262.48,22444.18,2,14800.0
2009-04-18,15181.7,7262.48,22444.18,2,14800.0
2009-04-19,15181.7,7262.48,22444.18,2,14800.0
2009-04-20,18090.6,4176.44,22267.04,1,14800.0
2009-04-21,18090.6,4176.44,22267.04,1,14800.0
2009-04-22,18090.6,4176.44,22267.04,1,14800.0
2009-04-23,18090.6,4176.44,22267.04,1,14800.0
2009-04-24,18090.6,4176.44,22267.04,1,14800.0
2009-04-25,18090.6,4176.44,22267.04,1,14800.0
2009-04-26,18090.6,4176.44,22267.04,1,14800.0
2009-04-27,15166.01,7136.95,22302.96,2,14800.0
2009-04-28,15166.01,7136.95,22302.96,2,14800.0
2009-04-29,15166.01,7136.95,22302.96,2,14800.0
2009-04-30,10705.42,11597.54,22302.96,3,14800.0
2009-05-01,10905.42,11597.54,22502.96,3,15000.0
2009-05-02,10905.42,11597.54,22502.96,3,15000.0
2009-05-03,10905.42,11597.54,22502.96,3,15000.0
2009-05-04,15076.07,7806.04,22882.11,2,15000.0
2009-05-05,18756.06,4460.59,23216.65,1,15000.0
2009-05-06,18756.06,4460.59,23216.65,1,15000.0
2009-05-07,18756.06,4460.59,23216.65,1,15000.0
2009-05-08,18756.06,4460.59,23216.65,1,15000.0
2009-05-09,18756.06,4460.59,23216.65,1,15000.0
2009-05-10,18756.06,4460.59,23216.65,1,15000.0
2009-05-11,18756.06,4460.59,23216.65,1,15000.0
2009-05-12,18756.06,4460.59,23216.65,1,15000.0
2009-05-13,18756.06,4460.59,23216.65,1,15000.0
2009-05-14,18756.06,4460.59,23216.65,1,15000.0
2009-05-15,18756.06,4460.59,23216.65,1,15000.0
2009-05-16,18756.06,4460.59,23216.65,1,15000.0
2009-05-17,18756.06,4460.59,23216.65,1,15000.0
2009-05-18,18756.06,4460.59,23216.65,1,15000.0
2009-05-19,18756.06,4460.59,23216.65,1,15000.0
2009-05-20,18756.06,4460.59,23216.65,1,15000.0
2009-05-21,18756.06,4460.59,23216.65,1,15000.0
2009-05-22,18756.06,4460.59,23216.65,1,15000.0
2009-05-23,18756.06,4460.59,23216.65,1,15000.0
2009-05-24,18756.06,4460.59,23216.65,1,15000.0
2009-05-25,18756.06,4460.59,23216.65,1,15000.0
2009-05-26,18756.06,4460.59,23216.65,1,15000.0
2009-05-27,10862.4,12354.25,23216.65,3,15000.0
2009-05-28,6915.57,16301.09,23216.65,4,15000.0
2009-05-29,6915.57,16301.09,23216.65,4,15000.0
2009-05-30,6915.57,16301.09,23216.65,4,15000.0
2009-05-31,6915.57,16301.09,23216.65,4,15000.0
2009-06-01,11585.08,11840.49,23425.58,3,15200.0
2009-06-02,11585.08,11840.49,23425.58,3,15200.0
2009-06-03,11585.08,11840.49,23425.58,3,15200.0
2009-06-04,11585.08,11840.49,23425.58,3,15200.0
2009-06-05,11585.08,11840.49,23425.58,3,15200.0
2009-06-06,11585.08,11840.49,23425.58,3,15200.0
2009-06-07,11585.08,11840.49,23425.58,3,15200.0
2009-06-08,11585.08,11840.49,23425.58,3,15200.0
2009-06-09,11585.08,11840.49,23425.58,3,15200.0
2009-06-10,11585.08,11840.49,23425.58,3,15200.0
2009-06-11,11585.08,11840.49,23425.58,3,15200.0
2009-06-12,15926.6,7893.66,23820.26,2,15200.0
2009-06-13,15926.6,7893.66,23820.26,2,15200.0
2009-06-14,15926.6,7893.66,23820.26,2,15200.0
2009-06-15,20277.19,3946.83,24224.02,1,15200.0
2009-06-16,20277.19,3946.83,24224.02,1,15200.0
2009-06-17,20277.19,3946.83,24224.02,1,15200.0
2009-06-18,20277.19,3946.83,24224.02,1,15200.0
2009-06-19,16159.11,8064.91,24224.02,2,15200.0
2009-06-20,16159.11,8064.91,24224.02,2,15200.0
2009-06-21,16159.11,8064.91,24224.02,2,15200.0
2009-06-22,16159.11,8064.91,24224.02,2,15200.0
2009-06-23,16159.11,8064.91,24224.02,2,15200.0
2009-06-24,16159.11,8064.91,24224.02,2,15200.0
2009-06-25,2835.89,21388.13,24224.02,5,15200.0
2009-06-26,13077.49,12282.39,25359.88,3,15200.0
2009-06-27,13077.49,12282.39,25359.88,3,15200.0
2009-06-28,13077.49,12282.39,25359.88,3,15200.0
2009-06-29,9273.51,16086.37,25359.88,4,15200.0
2009-06-30,4962.33,20397.55,25359.88,5,15200.0
2009-07-01,15233.91,11241.57,26475.48,3,15400.0
2009-07-02,15233.91,11241.57,26475.48,3,15400.0
2009-07-03,15233.91,11241.57,26475.48,3,15400.0
2009-07-04,15233.91,11241.57,26475.48,3,15400.0
2009-07-05,15233.91,11241.57,26475.48,3,15400.0
2009-07-06,15233.91,11241.57,26475.48,3,15400.0
2009-07-07,15233.91,11241.57,26475.48,3,15400.0
2009-07-08,15233.91,11241.57,26475.48,3,15400.0
2009-07-09,15233.91,11241.57,26475.48,3,15400.0
2009-07-10,15233.91,11241.57,26475.48,3,15400.0
2009-07-11,15233.91,11241.57,26475.48,3,15400.0
2009-07-12,15233.91,11241.57,26475.48,3,15400.0
2009-07-13,15233.91,11241.57,26475.48,3,15400.0
2009-07-14,15233.91,11241.57,26475.48,3,15400.0
2009-07-15,15233.91,11241.57,26475.48,3,15400.0
2009-07-16,15233.91,11241.57,26475.48,3,15400.0
2009-07-17,15233.91,11241.57,26475.48,3,15400.0
2009-07-18,15233.91,11241.57,26475.48,3,15400.0
2009-07-19,15233.91,11241.57,26475.48,3,15400.0
2009-07-20,15233.91,11241.57,26475.48,3,15400.0
2009-07-21,15233.91,11241.57,26475.48,3,15400.0
2009-07-22,15233.91,11241.57,26475.48,3,15400.0
2009-07-23,19230.88,7607.96,26838.84,2,15400.0
2009-07-24,19230.88,7607.96,26838.84,2,15400.0
2009-07-25,19230.88,7607.96,26838.84,2,15400.0
2009-07-26,19230.88,7607.96,26838.84,2,15400.0
2009-07-27,22845.8,3803.98,26649.78,1,15400.0
2009-07-28,22845.8,3803.98,26649.78,1,15400.0
2009-07-29,22464.46,3964.32,26428.77,1,15400.0
2009-07-30,18500.14,7928.63,26428.77,2,15400.0
2009-07-31,18500.14,7928.63,26428.77,2,15400.0
2009-08-01,18700.14,7928.63,26628.77,2,15600.0
2009-08-02,18700.14,7928.63,26628.77,2,15600.0
2009-08-03,18700.14,7928.63,26628.77,2,15600.0
2009-08-04,18700.14,7928.63,26628.77,2,15600.0
2009-08-05,18700.14,7928.63,26628.77,2,15600.0
2009-08-06,18700.14,7928.63,26628.77,2,15600.0
2009-08-07,18700.14,7928.63,26628.77,2,15600.0
2009-08-08,18700.14,7928.63,26628.77,2,15600.0
2009-08-09,18700.14,7928.63,26628.77,2,15600.0
2009-08-10,18700.14,7928.63,26628.77,2,15600.0
2009-08-11,18700.14,7928.63,26628.77,2,15600.0
2009-08-12,18700.14,7928.63,26628.77,2,15600.0
2009-08-13,18700.14,7928.63,26628.77,2,15600.0
2009-08-14,18700.14,7928.63,26628.77,2,15600.0
2009-08-15,18700.14,7928.63,26628.77,2,15600.0
2009-08-16,18700.14,7928.63,26628.77,2,15600.0
2009-08-17,18700.14,7928.63,26628.77,2,15600.0
2009-08-18,18700.14,7928.63,26628.77,2,15600.0
2009-08-19,18700.14,7928.63,26628.77,2,15600.0
2009-08-20,18700.14,7928.63,26628.77,2,15600.0
2009-08-21,18700.14,7928.63,26628.77,2,15600.0
2009-08-22,18700.14,7928.63,26628.77,2,15600.0
2009-08-23,18700.14,7928.63,26628.77,2,15600.0
2009-08-24,18700.14,7928.63,26628.77,2,15600.0
2009-08-25,18700.14,7928.63,26628.77,2,15600.0
2009-08-26,18700.14,7928.63,26628.77,2,15600.0
2009-08-27,18700.14,7928.63,26628.77,2,15600.0
2009-08-28,18051.69,8473.62,26525.3,2,15600.0
2009-08-29,18051.69,8473.62,26525.3,2,15600.0
2009-08-30,18051.69,8473.62,26525.3,2,15600.0
2009-08-31,17453.4,9007.69,26461.08,2,15600.0
2009-09-01,17653.4,9007.69,26661.08,2,15800.0
2009-09-02,17653.4,9007.69,26661.08,2,15800.0
2009-09-03,17653.4,9007.69,26661.08,2,15800.0
2009-09-04,17653.4,9007.69,26661.08,2,15800.0
2009-09-05,17653.4,9007.69,26661.08,2,15800.0
2009-09-06,17653.4,9007.69,26661.08,2,15800.0
2009-09-07,17653.4,9007.69,26661.08,2,15800.0
2009-09-08,17653.4,9007.69,26661.08,2,15800.0
2009-09-09,17653.4,9007.69,26661.08,2,15800.0
2009-09-10,17653.4,9007.69,26661.08,2,15800.0
2009-09-11,17653.4,9007.69,26661.08,2,15800.0
2009-09-12,17653.4,9007.69,26661.08,2,15800.0
2009-09-13,17653.4,9007.69,26661.08,2,15800.0
2009-09-14,17653.4,9007.69,26661.08,2,15800.0
2009-09-15,22601.62,4509.3,27110.92,1,15800.0
2009-09-16,22601.62,4509.3,27110.92,1,15800.0
2009-09-17,22601.62,4509.3,27110.92,1,15800.0
2009-09-18,22601.62,4509.3,27110.92,1,15800.0
2009-09-19,22601.62,4509.3,27110.92,1,15800.0
2009-09-20,22601.62,4509.3,27110.92,1,15800.0
2009-09-21,22601.62,4509.3,27110.92,1,15800.0
2009-09-22,22601.62,4509.3,27110.92,1,15800.0
2009-09-23,22601.62,4509.3,27110.92,1,15800.0
2009-09-24,22601.62,4509.3,27110.92,1,15800.0
2009-09-25,22601.62,4509.3,27110.92,1,15800.0
2009-09-26,22601.62,4509.3,27110.92,1,15800.0
2009-09-27,22601.62,4509.3,27110.92,1,15800.0
2009-09-28,27064.02,0.0,27064.02,0,15800.0
2009-09-29,27064.02,0.0,27064.02,0,15800.0
2009-09-30,27064.02,0.0,27064.02,0,15800.0
2009-10-01,27264.02,0.0,27264.02,0,16000.0
2009-10-02,27264.02,0.0,27264.02,0,16000.0
2009-10-03,27264.02,0.0,27264.02,0,16000.0
2009-10-04,27264.02,0.0,27264.02,0,16000.0
2009-10-05,27264.02,0.0,27264.02,0,16000.0
2009-10-06,27264.02,0.0,27264.02,0,16000.0
2009-10-07,27264.02,0.0,27264.02,0,16000.0
2009-10-08,27264.02,0.0,27264.02,0,16000.0
2009-10-09,27264.02,0.0,27264.02,0,16000.0
2009-10-10,27264.02,0.0,27264.02,0,16000.0
2009-10-11,27264.02,0.0,27264.02,0,16000.0
2009-10-12,27264.02,0.0,27264.02,0,16000.0
2009-10-13,27264.02,0.0,27264.02,0,16000.0
2009-10-14,27264.02,0.0,27264.02,0,16000.0
2009-10-15,27264.02,0.0,27264.02,0,16000.0
2009-10-16,27264.02,0.0,27264.02,0,16000.0
2009-10-17,27264.02,0.0,27264.02,0,16000.0
2009-10-18,27264.02,0.0,27264.02,0,16000.0
2009-10-19,27264.02,0.0,27264.02,0,16000.0
2009-10-20,27264.02,0.0,27264.02,0,16000.0
2009-10-21,27264.02,0.0,27264.02,0,16000.0
2009-10-22,27264.02,0.0,27264.02,0,16000.0
2009-10-23,27264.02,0.0,27264.02,0,16000.0
2009-10-24,27264.02,0.0,27264.02,0,16000.0
2009-10-25,27264.02,0.0,27264.02,0,16000.0
2009-10-26,27264.02,0.0,27264.02,0,16000.0
2009-10-27,27264.02,0.0,27264.02,0,16000.0
2009-10-28,27264.02,0.0,27264.02,0,16000.0
2009-10-29,21811.22,5452.8,27264.02,1,16000.0
2009-10-30,17721.61,9542.41,27264.02,2,16000.0
2009-10-31,17721.61,9542.41,27264.02,2,16000.0
2009-11-01,17921.61,9542.41,27464.02,2,16200.0
2009-11-02,17921.61,9542.41,27464.02,2,16200.0
2009-11-03,17921.61,9542.41,27464.02,2,16200.0
2009-11-04,17921.61,9542.41,27464.02,2,16200.0
2009-11-05,17921.61,9542.41,27464.02,2,16200.0
2009-11-06,17921.61,9542.41,27464.02,2,16200.0
2009-11-07,17921.61,9542.41,27464.02,2,16200.0
2009-11-08,17921.61,9542.41,27464.02,2,16200.0
2009-11-09,17921.61,9542.41,27464.02,2,16200.0
2009-11-10,17921.61,9542.41,27464.02,2,16200.0
2009-11-11,17921.61,9542.41,27464.02,2,16200.0
2009-11-12,17921.61,9542.41,27464.02,2,16200.0
2009-11-13,17921.61,9542.41,27464.02,2,16200.0
2009-11-14,17921.61,9542.41,27464.02,2,16200.0
2009-11-15,17921.61,9542.41,27464.02,2,16200.0
2009-11-16,17921.61,9542.41,27464.02,2,16200.0
2009-11-17,17921.61,9542.41,27464.02,2,16200.0
2009-11-18,17921.61,9542.41,27464.02,2,16200.0
2009-11-19,17921.61,9542.41,27464.02,2,16200.0
2009-11-20,17921.61,9542.41,27464.02,2,16200.0
2009-11-21,17921.61,9542.41,27464.02,2,16200.0
2009-11-22,17921.61,9542.41,27464.02,2,16200.0
2009-11-23,17921.61,9542.41,27464.02,2,16200.0
2009-11-24,17921.61,9542.41,27464.02,2,16200.0
2009-11-25,17921.61,9542.41,27464.02,2,16200.0
2009-11-26,17921.61,9542.41,27464.02,2,16200.0
2009-11-27,17921.61,9542.41,27464.02,2,16200.0
2009-11-28,17921.61,9542.41,27464.02,2,16200.0
2009-11-29,17921.61,9542.41,27464.02,2,16200.0
2009-11-30,27029.98,0.0,27029.98,0,16200.0
2009-12-01,27229.98,0.0,27229.98,0,16400.0
2009-12-02,27229.98,0.0,27229.98,0,16400.0
2009-12-03,27229.98,0.0,27229.98,0,16400.0
2009-12-04,27229.98,0.0,27229.98,0,16400.0
2009-12-05,27229.98,0.0,27229.98,0,16400.0
2009-12-06,27229.98,0.0,27229.98,0,16400.0
2009-12-07,27229.98,0.0,27229.98,0,16400.0
2009-12-08,27229.98,0.0,27229.98,0,16400.0
2009-12-09,27229.98,0.0,27229.98,0,16400.0
2009-12-10,27229.98,0.0,27229.98,0,16400.0
2009-12-11,27229.98,0.0,27229.98,0,16400.0
2009-12-12,27229.98,0.0,27229.98,0,16400.0
2009-12-13,27229.98,0.0,27229.98,0,16400.0
2009-12-14,27229.98,0.0,27229.98,0,16400.0
2009-12-15,27229.98,0.0,27229.98,0,16400.0
2009-12-16,27229.98,0.0,27229.98,0,16400.0
2009-12-17,27229.98,0.0,27229.98,0,16400.0
2009-12-18,27229.98,0.0,27229.98,0,16400.0
2009-12-19,27229.98,0.0,27229.98,0,16400.0
2009-12-20,27229.98,0.0,27229.98,0,16400.0
2009-12-21,27229.98,0.0,27229.98,0,16400.0
2009-12-22,27229.98,0.0,27229.98,0,16400.0
2009-12-23,27229.98,0.0,27229.98,0,16400.0
2009-12-24,22600.88,4629.1,27229.98,1,16400.0
2009-12-25,22600.88,4629.1,27229.98,1,16400.0
2009-12-26,22600.88,4629.1,27229.98,1,16400.0
2009-12-27,22600.88,4629.1,27229.98,1,16400.0
2009-12-28,22600.88,4629.1,27229.98,1,16400.0
2009-12-29,22600.88,4629.1,27229.98,1,16400.0
2009-12-30,17154.89,10075.09,27229.98,2,16400.0
2009-12-31,17154.89,10075.09,27229.98,2,16400.0
2010-01-01,17354.89,10075.09,27429.98,2,16600.0
2010-01-02,17354.89,10075.09,27429.98,2,16600.0
2010-01-03,17354.89,10075.09,27429.98,2,16600.0
2010-01-04,17354.89,10075.09,27429.98,2,16600.0
2010-01-05,17354.89,10075.09,27429.98,2,16600.0
2010-01-06,17354.89,10075.09,27429.98,2,16600.0
2010-01-07,17354.89,10075.09,27429.98,2,16600.0
2010-01-08,17354.89,10075.09,27429.98,2,16600.0
2010-01-09,17354.89,10075.09,27429.98,2,16600.0
2010-01-10,17354.89,10075.09,27429.98,2,16600.0
2010-01-11,17354.89,10075.09,27429.98,2,16600.0
2010-01-12,17354.89,10075.09,27429.98,2,16600.0
2010-01-13,17354.89,10075.09,27429.98,2,16600.0
2010-01-14,17354.89,10075.09,27429.98,2,16600.0
2010-01-15,17354.89,10075.09,27429.98,2,16600.0
2010-01-16,17354.89,10075.09,27429.98,2,16600.0
2010-01-17,17354.89,10075.09,27429.98,2,16600.0
2010-01-18,17354.89,10075.09,27429.98,2,16600.0
2010-01-19,17354.89,10075.09,27429.98,2,16600.0
2010-01-20,17354.89,10075.09,27429.98,2,16600.0
2010-01-21,17354.89,10075.09,27429.98,2,16600.0
2010-01-22,17354.89,10075.09,27429.98,2,16600.0
2010-01-23,17354.89,10075.09,27429.98,2,16600.0
2010-01-24,17354.89,10075.09,27429.98,2,16600.0
2010-01-25,21373.41,5446.0,26819.4,1,16600.0
2010-01-26,21373.41,5446.0,26819.4,1,16600.0
2010-01-27,12254.81,14564.59,26819.4,3,16600.0
2010-01-28,8231.9,18587.5,26819.4,4,16600.0
2010-01-29,8781.39,17631.74,26413.13,4,16600.0
2010-01-30,8781.39,17631.74,26413.13,4,16600.0
2010-01-31,8781.39,17631.74,26413.13,4,16600.0
2010-02-01,8981.39,17631.74,26613.13,4,16800.0
2010-02-02,8981.39,17631.74,26613.13,4,16800.0
2010-02-03,8981.39,17631.74,26613.13,4,16800.0
2010-02-04,8981.39,17631.74,26613.13,4,16800.0
2010-02-05,8981.39,17631.74,26613.13,4,16800.0
2010-02-06,8981.39,17631.74,26613.13,4,16800.0
2010-02-07,8981.39,17631.74,26613.13,4,16800.0
2010-02-08,8981.39,17631.74,26613.13,4,16800.0
2010-02-09,8981.39,17631.74,26613.13,4,16800.0
2010-02-10,8981.39,17631.74,26613.13,4,16800.0
2010-02-11,8981.39,17631.74,26613.13,4,16800.0
2010-02-12,8981.39,17631.74,26613.13,4,16800.0
2010-02-13,8981.39,17631.74,26613.13,4,16800.0
2010-02-14,8981.39,17631.74,26613.13,4,16800.0
2010-02-15,8981.39,17631.74,26613.13,4,16800.0
2010-02-16,8981.39,17631.74,26613.13,4,16800.0
2010-02-17,8981.39,17631.74,26613.13,4,16800.0
2010-02-18,8981.39,17631.74,26613.13,4,16800.0
2010-02-19,8981.39,17631.74,26613.13,4,16800.0
2010-02-20,8981.39,17631.74,26613.13,4,16800.0
2010-02-21,8981.39,17631.74,26613.13,4,16800.0
2010-02-22,8981.39,17631.74,26613.13,4,16800.0
2010-02-23,8981.39,17631.74,26613.13,4,16800.0
2010-02-24,8981.39,17631.74,26613.13,4,16800.0
2010-02-25,4989.42,21623.71,26613.13,5,16800.0
2010-02-26,0.0,26418.9,26418.9,6,16800.0
2010-02-27,0.0,26418.9,26418.9,6,16800.0
2010-02-28,0.0,26418.9,26418.9,6,16800.0
2010-03-01,13323.83,13414.55,26738.38,3,17000.0
2010-03-02,13323.83,13414.55,26738.38,3,17000.0
2010-03-03,13323.83,13414.55,26738.38,3,17000.0
2010-03-04,13323.83,13414.55,26738.38,3,17000.0
2010-03-05,13323.83,13414.55,26738.38,3,17000.0
2010-03-06,13323.83,13414.55,26738.38,3,17000.0
2010-03-07,13323.83,13414.55,26738.38,3,17000.0
2010-03-08,13323.83,13414.55,26738.38,3,17000.0
2010-03-09,13323.83,13414.55,26738.38,3,17000.0
2010-03-10,13323.83,13414.55,26738.38,3,17000.0
2010-03-11,13323.83,13414.55,26738.38,3,17000.0
2010-03-12,13323.83,13414.55,26738.38,3,17000.0
2010-03-13,13323.83,13414.55,26738.38,3,17000.0
2010-03-14,13323.83,13414.55,26738.38,3,17000.0
2010-03-15,13323.83,13414.55,26738.38,3,17000.0
2010-03-16,13323.83,13414.55,26738.38,3,17000.0
2010-03-17,13323.83,13414.55,26738.38,3,17000.0
2010-03-18,13323.83,13414.55,26738.38,3,17000.0
2010-03-19,13323.83,13414.55,26738.38,3,17000.0
2010-03-20,13323.83,13414.55,26738.38,3,17000.0
2010-03-21,13323.83,13414.55,26738.38,3,17000.0
2010-03-22,17715.0,9422.58,27137.58,2,17000.0
2010-03-23,17715.0,9422.58,27137.58,2,17000.0
2010-03-24,17715.0,9422.58,27137.58,2,17000.0
2010-03-25,17715.0,9422.58,27137.58,2,17000.0
2010-03-26,17715.0,9422.58,27137.58,2,17000.0
2010-03-27,17715.0,9422.58,27137.58,2,17000.0
2010-03-28,17715.0,9422.58,27137.58,2,17000.0
2010-03-29,22485.57,4931.36,27416.93,1,17000.0
2010-03-30,28156.64,0.0,28156.64,0,17000.0
2010-03-31,28156.64,0.0,28156.64,0,17000.0
2010-04-01,28356.64,0.0,28356.64,0,17200.0
2010-04-02,28356.64,0.0,28356.64,0,17200.0
2010-04-03,28356.64,0.0,28356.64,0,17200.0
2010-04-04,28356.64,0.0,28356.64,0,17200.0
2010-04-05,28356.64,0.0,28356.64,0,17200.0
2010-04-06,28356.64,0.0,28356.64,0,17200.0
2010-04-07,28356.64,0.0,28356.64,0,17200.0
2010-04-08,28356.64,0.0,28356.64,0,17200.0
2010-04-09,28356.64,0.0,28356.64,0,17200.0
2010-04-10,28356.64,0.0,28356.64,0,17200.0
2010-04-11,28356.64,0.0,28356.64,0,17200.0
2010-04-12,28356.64,0.0,28356.64,0,17200.0
2010-04-13,28356.64,0.0,28356.64,0,17200.0
2010-04-14,28356.64,0.0,28356.64,0,17200.0
2010-04-15,28356.64,0.0,28356.64,0,17200.0
2010-04-16,28356.64,0.0,28356.64,0,17200.0
2010-04-17,28356.64,0.0,28356.64,0,17200.0
2010-04-18,28356.64,0.0,28356.64,0,17200.0
2010-04-19,28356.64,0.0,28356.64,0,17200.0
2010-04-20,28356.64,0.0,28356.64,0,17200.0
2010-04-21,28356.64,0.0,28356.64,0,17200.0
2010-04-22,28356.64,0.0,28356.64,0,17200.0
2010-04-23,28356.64,0.0,28356.64,0,17200.0
2010-04-24,28356.64,0.0,28356.64,0,17200.0
2010-04-25,28356.64,0.0,28356.64,0,17200.0
2010-04-26,28356.64,0.0,28356.64,0,17200.0
2010-04-27,28356.64,0.0,28356.64,0,17200.0
2010-04-28,28356.64,0.0,28356.64,0,17200.0
2010-04-29,24103.14,4253.5,28356.64,1,17200.0
2010-04-30,18431.81,9924.82,28356.64,2,17200.0
2010-05-01,18631.81,9924.82,28556.64,2,17400.0
2010-05-02,18631.81,9924.82,28556.64,2,17400.0
2010-05-03,18631.81,9924.82,28556.64,2,17400.0
2010-05-04,18631.81,9924.82,28556.64,2,17400.0
2010-05-05,18631.81,9924.82,28556.64,2,17400.0
2010-05-06,18631.81,9924.82,28556.64,2,17400.0
2010-05-07,18631.81,9924.82,28556.64,2,17400.0
2010-05-08,18631.81,9924.82,28556.64,2,17400.0
2010-05-09,18631.81,9924.82,28556.64,2,17400.0
2010-05-10,18631.81,9924.82,28556.64,2,17400.0
2010-05-11,18631.81,9924.82,28556.64,2,17400.0
2010-05-12,18631.81,9924.82,28556.64,2,17400.0
2010-05-13,18631.81,9924.82,28556.64,2,17400.0
2010-05-14,18631.81,9924.82,28556.64,2,17400.0
2010-05-15,18631.81,9924.82,28556.64,2,17400.0
2010-05-16,18631.81,9924.82,28556.64,2,17400.0
2010-05-17,18631.81,9924.82,28556.64,2,17400.0
2010-05-18,18631.81,9924.82,28556.64,2,17400.0
2010-05-19,18631.81,9924.82,28556.64,2,17400.0
2010-05-20,18631.81,9924.82,28556.64,2,17400.0
2010-05-21,18631.81,9924.82,28556.64,2,17400.0
2010-05-22,18631.81,9924.82,28556.64,2,17400.0
2010-05-23,18631.81,9924.82,28556.64,2,17400.0
2010-05-24,18631.81,9924.82,28556.64,2,17400.0
2010-05-25,18631.81,9924.82,28556.64,2,17400.0
2010-05-26,18631.81,9924.82,28556.64,2,17400.0
2010-05-27,18631.81,9924.82,28556.64,2,17400.0
2010-05-28,18631.81,9924.82,28556.64,2,17400.0
2010-05-29,18631.81,9924.82,28556.64,2,17400.0
2010-05-30,18631.81,9924.82,28556.64,2,17400.0
2010-05-31,18631.81,9924.82,28556.64,2,17400.0
2010-06-01,27890.06,0.0,27890.06,0,17600.0
2010-06-02,27890.06,0.0,27890.06,0,17600.0
2010-06-03,27890.06,0.0,27890.06,0,17600.0
2010-06-04,27890.06,0.0,27890.06,0,17600.0
2010-06-05,27890.06,0.0,27890.06,0,17600.0
2010-06-06,27890.06,0.0,27890.06,0,17600.0
2010-06-07,27890.06,0.0,27890.06,0,17600.0
2010-06-08,27890.06,0.0,27890.06,0,17600.0
2010-06-09,27890.06,0.0,27890.06,0,17600.0
2010-06-10,27890.06,0.0,27890.06,0,17600.0
2010-06-11,27890.06,0.0,27890.06,0,17600.0
2010-06-12,27890.06,0.0,27890.06,0,17600.0
2010-06-13,27890.06,0.0,27890.06,0,17600.0
2010-06-14,27890.06,0.0,27890.06,0,17600.0
2010-06-15,27890.06,0.0,27890.06,0,17600.0
2010-06-16,27890.06,0.0,27890.06,0,17600.0
2010-06-17,27890.06,0.0,27890.06,0,17600.0
2010-06-18,27890.06,0.0,27890.06,0,17600.0
2010-06-19,27890.06,0.0,27890.06,0,17600.0
2010-06-20,27890.06,0.0,27890.06,0,17600.0
2010-06-21,27890.06,0.0,27890.06,0,17600.0
2010-06-22,27890.06,0.0,27890.06,0,17600.0
2010-06-23,27890.06,0.0,27890.06,0,17600.0
2010-06-24,27890.06,0.0,27890.06,0,17600.0
2010-06-25,27890.06,0.0,27890.06,0,17600.0
2010-06-26,27890.06,0.0,27890.06,0,17600.0
2010-06-27,27890.06,0.0,27890.06,0,17600.0
2010-06-28,27890.06,0.0,27890.06,0,17600.0
2010-06-29,27890.06,0.0,27890.06,0,17600.0
2010-06-30,27890.06,0.0,27890.06,0,17600.0
2010-07-01,28090.06,0.0,28090.06,0,17800.0
2010-07-02,28090.06,0.0,28090.06,0,17800.0
2010-07-03,28090.06,0.0,28090.06,0,17800.0
2010-07-04,28090.06,0.0,28090.06,0,17800.0
2010-07-05,28090.06,0.0,28090.06,0,17800.0
2010-07-06,28090.06,0.0,28090.06,0,17800.0
2010-07-07,28090.06,0.0,28090.06,0,17800.0
2010-07-08,28090.06,0.0,28090.06,0,17800.0
2010-07-09,28090.06,0.0,28090.06,0,17800.0
2010-07-10,28090.06,0.0,28090.06,0,17800.0
2010-07-11,28090.06,0.0,28090.06,0,17800.0
2010-07-12,28090.06,0.0,28090.06,0,17800.0
2010-07-13,28090.06,0.0,28090.06,0,17800.0
2010-07-14,28090.06,0.0,28090.06,0,17800.0
2010-07-15,28090.06,0.0,28090.06,0,17800.0
2010-07-16,28090.06,0.0,28090.06,0,17800.0
2010-07-17,28090.06,0.0,28090.06,0,17800.0
2010-07-18,28090.06,0.0,28090.06,0,17800.0
2010-07-19,28090.06,0.0,28090.06,0,17800.0
2010-07-20,28090.06,0.0,28090.06,0,17800.0
2010-07-21,28090.06,0.0,28090.06,0,17800.0
2010-07-22,28090.06,0.0,28090.06,0,17800.0
2010-07-23,28090.06,0.0,28090.06,0,17800.0
2010-07-24,28090.06,0.0,28090.06,0,17800.0
2010-07-25,28090.06,0.0,28090.06,0,17800.0
2010-07-26,28090.06,0.0,28090.06,0,17800.0
2010-07-27,28090.06,0.0,28090.06,0,17800.0
2010-07-28,28090.06,0.0,28090.06,0,17800.0
2010-07-29,28090.06,0.0,28090.06,0,17800.0
2010-07-30,28090.06,0.0,28090.06,0,17800.0
2010-07-31,28090.06,0.0,28090.06,0,17800.0
2010-08-01,28290.06,0.0,28290.06,0,18000.0
2010-08-02,28290.06,0.0,28290.06,0,18000.0
2010-08-03,28290.06,0.0,28290.06,0,18000.0
2010-08-04,28290.06,0.0,28290.06,0,18000.0
2010-08-05,28290.06,0.0,28290.06,0,18000.0
2010-08-06,28290.06,0.0,28290.06,0,18000.0
2010-08-07,28290.06,0.0,28290.06,0,18000.0
2010-08-08,28290.06,0.0,28290.06,0,18000.0
2010-08-09,28290.06,0.0,28290.06,0,18000.0
2010-08-10,28290.06,0.0,28290.06,0,18000.0
2010-08-11,28290.06,0.0,28290.06,0,18000.0
2010-08-12,28290.06,0.0,28290.06,0,18000.0
2010-08-13,28290.06,0.0,28290.06,0,18000.0
2010-08-14,28290.06,0.0,28290.06,0,18000.0
2010-08-15,28290.06,0.0,28290.06,0,18000.0
2010-08-16,28290.06,0.0,28290.06,0,18000.0
2010-08-17,28290.06,0.0,28290.06,0,18000.0
2010-08-18,28290.06,0.0,28290.06,0,18000.0
2010-08-19,28290.06,0.0,28290.06,0,18000.0
2010-08-20,28290.06,0.0,28290.06,0,18000.0
2010-08-21,28290.06,0.0,28290.06,0,18000.0
2010-08-22,28290.06,0.0,28290.06,0,18000.0
2010-08-23,23480.75,4809.31,28290.06,1,18000.0
2010-08-24,23480.75,4809.31,28290.06,1,18000.0
2010-08-25,23480.75,4809.31,28290.06,1,18000.0
2010-08-26,9052.82,19237.24,28290.06,4,18000.0
2010-08-27,4243.51,24046.55,28290.06,5,18000.0
2010-08-28,4243.51,24046.55,28290.06,5,18000.0
2010-08-29,4243.51,24046.55,28290.06,5,18000.0
2010-08-30,4243.51,24046.55,28290.06,5,18000.0
2010-08-31,0.0,28290.06,28290.06,6,18000.0
2010-09-01,200.0,28290.06,28490.06,6,18200.0
2010-09-02,200.0,28290.06,28490.06,6,18200.0
2010-09-03,10780.48,18671.44,29451.92,4,18200.0
2010-09-04,10780.48,18671.44,29451.92,4,18200.0
2010-09-05,10780.48,18671.44,29451.92,4,18200.0
2010-09-06,10780.48,18671.44,29451.92,4,18200.0
2010-09-07,16070.72,13862.13,29932.85,3,18200.0
2010-09-08,16070.72,13862.13,29932.85,3,18200.0
2010-09-09,16070.72,13862.13,29932.85,3,18200.0
2010-09-10,16070.72,13862.13,29932.85,3,18200.0
2010-09-11,16070.72,13862.13,29932.85,3,18200.0
2010-09-12,16070.72,13862.13,29932.85,3,18200.0
2010-09-13,16070.72,13862.13,29932.85,3,18200.0
2010-09-14,16070.72,13862.13,29932.85,3,18200.0
2010-09-15,16070.72,13862.13,29932.85,3,18200.0
2010-09-16,16070.72,13862.13,29932.85,3,18200.0
2010-09-17,16070.72,13862.13,29932.85,3,18200.0
2010-09-18,16070.72,13862.13,29932.85,3,18200.0
2010-09-19,16070.72,13862.13,29932.85,3,18200.0
2010-09-20,21360.96,9052.82,30413.78,2,18200.0
2010-09-21,21360.96,9052.82,30413.78,2,18200.0
2010-09-22,26299.16,4243.51,30542.67,1,18200.0
2010-09-23,21106.91,9435.76,30542.67,2,18200.0
2010-09-24,21106.91,9435.76,30542.67,2,18200.0
2010-09-25,21106.91,9435.76,30542.67,2,18200.0
2010-09-26,21106.91,9435.76,30542.67,2,18200.0
2010-09-27,16525.51,14017.16,30542.67,3,18200.0
2010-09-28,16525.51,14017.16,30542.67,3,18200.0
2010-09-29,16525.51,14017.16,30542.67,3,18200.0
2010-09-30,21193.37,9773.65,30967.02,2,18200.0
2010-10-01,21393.37,9773.65,31167.02,2,18400.0
2010-10-02,21393.37,9773.65,31167.02,2,18400.0
2010-10-03,21393.37,9773.65,31167.02,2,18400.0
2010-10-04,21393.37,9773.65,31167.02,2,18400.0
2010-10-05,21393.37,9773.65,31167.02,2,18400.0
2010-10-06,21393.37,9773.65,31167.02,2,18400.0
2010-10-07,21393.37,9773.65,31167.02,2,18400.0
2010-10-08,21393.37,9773.65,31167.02,2,18400.0
2010-10-09,21393.37,9773.65,31167.02,2,18400.0
2010-10-10,21393.37,9773.65,31167.02,2,18400.0
2010-10-11,21393.37,9773.65,31167.02,2,18400.0
2010-10-12,21393.37,9773.65,31167.02,2,18400.0
2010-10-13,27104.85,4581.4,31686.25,1,18400.0
2010-10-14,27104.85,4581.4,31686.25,1,18400.0
2010-10-15,27104.85,4581.4,31686.25,1,18400.0
2010-10-16,27104.85,4581.4,31686.25,1,18400.0
2010-10-17,27104.85,4581.4,31686.25,1,18400.0
2010-10-18,32144.39,0.0,32144.39,0,18400.0
2010-10-19,32144.39,0.0,32144.39,0,18400.0
2010-10-20,32144.39,0.0,32144.39,0,18400.0
2010-10-21,32144.39,0.0,32144.39,0,18400.0
2010-10-22,32144.39,0.0,32144.39,0,18400.0
2010-10-23,32144.39,0.0,32144.39,0,18400.0
2010-10-24,32144.39,0.0,32144.39,0,18400.0
2010-10-25,32144.39,0.0,32144.39,0,18400.0
2010-10-26,32144.39,0.0,32144.39,0,18400.0
2010-10-27,32144.39,0.0,32144.39,0,18400.0
2010-10-28,32144.39,0.0,32144.39,0,18400.0
2010-10-29,32144.39,0.0,32144.39,0,18400.0
2010-10-30,32144.39,0.0,32144.39,0,18400.0
2010-10-31,32144.39,0.0,32144.39,0,18400.0
2010-11-01,32344.39,0.0,32344.39,0,18600.0
2010-11-02,32344.39,0.0,32344.39,0,18600.0
2010-11-03,32344.39,0.0,32344.39,0,18600.0
2010-11-04,32344.39,0.0,32344.39,0,18600.0
2010-11-05,32344.39,0.0,32344.39,0,18600.0
2010-11-06,32344.39,0.0,32344.39,0,18600.0
2010-11-07,32344.39,0.0,32344.39,0,18600.0
2010-11-08,32344.39,0.0,32344.39,0,18600.0
2010-11-09,32344.39,0.0,32344.39,0,18600.0
2010-11-10,32344.39,0.0,32344.39,0,18600.0
2010-11-11,32344.39,0.0,32344.39,0,18600.0
2010-11-12,32344.39,0.0,32344.39,0,18600.0
2010-11-13,32344.39,0.0,32344.39,0,18600.0
2010-11-14,32344.39,0.0,32344.39,0,18600.0
2010-11-15,32344.39,0.0,32344.39,0,18600.0
2010-11-16,32344.39,0.0,32344.39,0,18600.0
2010-11-17,32344.39,0.0,32344.39,0,18600.0
2010-11-18,32344.39,0.0,32344.39,0,18600.0
2010-11-19,32344.39,0.0,32344.39,0,18600.0
2010-11-20,32344.39,0.0,32344.39,0,18600.0
2010-11-21,32344.39,0.0,32344.39,0,18600.0
2010-11-22,32344.39,0.0,32344.39,0,18600.0
2010-11-23,21994.18,10350.2,32344.39,2,18600.0
2010-11-24,21994.18,10350.2,32344.39,2,18600.0
2010-11-25,21994.18,10350.2,32344.39,2,18600.0
2010-11-26,21994.18,10350.2,32344.39,2,18600.0
2010-11-27,21994.18,10350.2,32344.39,2,18600.0
2010-11-28,21994.18,10350.2,32344.39,2,18600.0
2010-11-29,9056.43,23287.96,32344.39,4,18600.0
2010-11-30,9056.43,23287.96,32344.39,4,18600.0
2010-12-01,9256.43,23287.96,32544.39,4,18800.0
2010-12-02,9256.43,23287.96,32544.39,4,18800.0
2010-12-03,9256.43,23287.96,32544.39,4,18800.0
2010-12-04,9256.43,23287.96,32544.39,4,18800.0
2010-12-05,9256.43,23287.96,32544.39,4,18800.0
2010-12-06,9256.43,23287.96,32544.39,4,18800.0
2010-12-07,9256.43,23287.96,32544.39,4,18800.0
2010-12-08,9256.43,23287.96,32544.39,4,18800.0
2010-12-09,14593.25,18436.3,33029.55,3,18800.0
2010-12-10,27757.42,6468.88,34226.3,1,18800.0
2010-12-11,27757.42,6468.88,34226.3,1,18800.0
2010-12-12,27757.42,6468.88,34226.3,1,18800.0
2010-12-13,27757.42,6468.88,34226.3,1,18800.0
2010-12-14,27757.42,6468.88,34226.3,1,18800.0
2010-12-15,27757.42,6468.88,34226.3,1,18800.0
2010-12-16,27757.42,6468.88,34226.3,1,18800.0
2010-12-17,27757.42,6468.88,34226.3,1,18800.0
2010-12-18,27757.42,6468.88,34226.3,1,18800.0
2010-12-19,27757.42,6468.88,34226.3,1,18800.0
2010-12-20,27757.42,6468.88,34226.3,1,18800.0
2010-12-21,27757.42,6468.88,34226.3,1,18800.0
2010-12-22,27757.42,6468.88,34226.3,1,18800.0
2010-12-23,27757.42,6468.88,34226.3,1,18800.0
2010-12-24,27757.42,6468.88,34226.3,1,18800.0
2010-12-25,27757.42,6468.88,34226.3,1,18800.0
2010-12-26,27757.42,6468.88,34226.3,1,18800.0
2010-12-27,27757.42,6468.88,34226.3,1,18800.0
2010-12-28,27757.42,6468.88,34226.3,1,18800.0
2010-12-29,34186.83,0.0,34186.83,0,18800.0
2010-12-30,34186.83,0.0,34186.83,0,18800.0
2010-12-31,34186.83,0.0,34186.83,0,18800.0
2011-01-01,34386.83,0.0,34386.83,0,19000.0
2011-01-02,34386.83,0.0,34386.83,0,19000.0
2011-01-03,34386.83,0.0,34386.83,0,19000.0
2011-01-04,34386.83,0.0,34386.83,0,19000.0
2011-01-05,34386.83,0.0,34386.83,0,19000.0
2011-01-06,34386.83,0.0,34386.83,0,19000.0
2011-01-07,34386.83,0.0,34386.83,0,19000.0
2011-01-08,34386.83,0.0,34386.83,0,19000.0
2011-01-09,34386.83,0.0,34386.83,0,19000.0
2011-01-10,34386.83,0.0,34386.83,0,19000.0
2011-01-11,34386.83,0.0,34386.83,0,19000.0
2011-01-12,34386.83,0.0,34386.83,0,19000.0
2011-01-13,34386.83,0.0,34386.83,0,19000.0
2011-01-14,34386.83,0.0,34386.83,0,19000.0
2011-01-15,34386.83,0.0,34386.83,0,19000.0
2011-01-16,34386.83,0.0,34386.83,0,19000.0
2011-01-17,34386.83,0.0,34386.83,0,19000.0
2011-01-18,34386.83,0.0,34386.83,0,19000.0
2011-01-19,34386.83,0.0,34386.83,0,19000.0
2011-01-20,34386.83,0.0,34386.83,0,19000.0
2011-01-21,34386.83,0.0,34386.83,0,19000.0
2011-01-22,34386.83,0.0,34386.83,0,19000.0
2011-01-23,34386.83,0.0,34386.83,0,19000.0
2011-01-24,34386.83,0.0,34386.83,0,19000.0
2011-01-25,34386.83,0.0,34386.83,0,19000.0
2011-01-26,34386.83,0.0,34386.83,0,19000.0
2011-01-27,34386.83,0.0,34386.83,0,19000.0
2011-01-28,34386.83,0.0,34386.83,0,19000.0
2011-01-29,34386.83,0.0,34386.83,0,19000.0
2011-01-30,34386.83,0.0,34386.83,0,19000.0
2011-01-31,29228.81,5158.03,34386.83,1,19000.0
2011-02-01,29428.81,5158.03,34586.83,1,19200.0
2011-02-02,29428.81,5158.03,34586.83,1,19200.0
2011-02-03,29428.81,5158.03,34586.83,1,19200.0
2011-02-04,29428.81,5158.03,34586.83,1,19200.0
2011-02-05,29428.81,5158.03,34586.83,1,19200.0
2011-02-06,29428.81,5158.03,34586.83,1,19200.0
2011-02-07,29428.81,5158.03,34586.83,1,19200.0
2011-02-08,29428.81,5158.03,34586.83,1,19200.0
2011-02-09,29428.81,5158.03,34586.83,1,19200.0
2011-02-10,29428.81,5158.03,34586.83,1,19200.0
2011-02-11,35102.64,0.0,35102.64,0,19200.0
2011-02-12,35102.64,0.0,35102.64,0,19200.0
2011-02-13,35102.64,0.0,35102.64,0,19200.0
2011-02-14,35102.64,0.0,35102.64,0,19200.0
2011-02-15,35102.64,0.0,35102.64,0,19200.0
2011-02-16,35102.64,0.0,35102.64,0,19200.0
2011-02-17,35102.64,0.0,35102.64,0,19200.0
2011-02-18,35102.64,0.0,35102.64,0,19200.0
2011-02-19,35102.64,0.0,35102.64,0,19200.0
2011-02-20,35102.64,0.0,35102.64,0,19200.0
2011-02-21,35102.64,0.0,35102.64,0,19200.0
2011-02-22,35102.64,0.0,35102.64,0,19200.0
2011-02-23,35102.64,0.0,35102.64,0,19200.0
2011-02-24,35102.64,0.0,35102.64,0,19200.0
2011-02-25,29837.24,5265.4,35102.64,1,19200.0
2011-02-26,29837.24,5265.4,35102.64,1,19200.0
2011-02-27,29837.24,5265.4,35102.64,1,19200.0
2011-02-28,24571.85,10530.79,35102.64,2,19200.0
2011-03-01,24771.85,10530.79,35302.64,2,19400.0
2011-03-02,24771.85,10530.79,35302.64,2,19400.0
2011-03-03,24771.85,10530.79,35302.64,2,19400.0
2011-03-04,24771.85,10530.79,35302.64,2,19400.0
2011-03-05,24771.85,10530.79,35302.64,2,19400.0
2011-03-06,24771.85,10530.79,35302.64,2,19400.0
2011-03-07,24771.85,10530.79,35302.64,2,19400.0
2011-03-08,24771.85,10530.79,35302.64,2,19400.0
2011-03-09,24771.85,10530.79,35302.64,2,19400.0
2011-03-10,24771.85,10530.79,35302.64,2,19400.0
2011-03-11,24771.85,10530.79,35302.64,2,19400.0
2011-03-12,24771.85,10530.79,35302.64,2,19400.0
2011-03-13,24771.85,10530.79,35302.64,2,19400.0
2011-03-14,24771.85,10530.79,35302.64,2,19400.0
2011-03-15,24771.85,10530.79,35302.64,2,19400.0
2011-03-16,24771.85,10530.79,35302.64,2,19400.0
2011-03-17,24771.85,10530.79,35302.64,2,19400.0
2011-03-18,24771.85,10530.79,35302.64,2,19400.0
2011-03-19,24771.85,10530.79,35302.64,2,19400.0
2011-03-20,24771.85,10530.79,35302.64,2,19400.0
2011-03-21,24771.85,10530.79,35302.64,2,19400.0
2011-03-22,24771.85,10530.79,35302.64,2,19400.0
2011-03-23,24771.85,10530.79,35302.64,2,19400.0
2011-03-24,24771.85,10530.79,35302.64,2,19400.0
2011-03-25,24771.85,10530.79,35302.64,2,19400.0
2011-03-26,24771.85,10530.79,35302.64,2,19400.0
2011-03-27,24771.85,10530.79,35302.64,2,19400.0
2011-03-28,24051.96,11270.16,35322.12,2,19400.0
2011-03-29,18047.2,17274.92,35322.12,3,19400.0
2011-03-30,18047.2,17274.92,35322.12,3,19400.0
2011-03-31,23623.78,12009.52,35633.3,2,19400.0
2011-04-01,23823.78,12009.52,35833.3,2,19600.0
2011-04-02,23823.78,12009.52,35833.3,2,19600.0
2011-04-03,23823.78,12009.52,35833.3,2,19600.0
2011-04-04,23823.78,12009.52,35833.3,2,19600.0
2011-04-05,23823.78,12009.52,35833.3,2,19600.0
2011-04-06,30462.05,6004.76,36466.81,1,19600.0
2011-04-07,30462.05,6004.76,36466.81,1,19600.0
2011-04-08,30462.05,6004.76,36466.81,1,19600.0
2011-04-09,30462.05,6004.76,36466.81,1,19600.0
2011-04-10,30462.05,6004.76,36466.81,1,19600.0
2011-04-11,30462.05,6004.76,36466.81,1,19600.0
2011-04-12,30462.05,6004.76,36466.81,1,19600.0
2011-04-13,30462.05,6004.76,36466.81,1,19600.0
2011-04-14,30462.05,6004.76,36466.81,1,19600.0
2011-04-15,30462.05,6004.76,36466.81,1,19600.0
2011-04-16,30462.05,6004.76,36466.81,1,19600.0
2011-04-17,30462.05,6004.76,36466.81,1,19600.0
2011-04-18,30462.05,6004.76,36466.81,1,19600.0
2011-04-19,30462.05,6004.76,36466.81,1,19600.0
2011-04-20,30462.05,6004.76,36466.81,1,19600.0
2011-04-21,30462.05,6004.76,36466.81,1,19600.0
2011-04-22,30462.05,6004.76,36466.81,1,19600.0
2011-04-23,30462.05,6004.76,36466.81,1,19600.0
2011-04-24,30462.05,6004.76,36466.81,1,19600.0
2011-04-25,30462.05,6004.76,36466.81,1,19600.0
2011-04-26,24262.69,12204.12,36466.81,2,19600.0
2011-04-27,30660.76,6199.36,36860.12,1,19600.0
2011-04-28,30660.76,6199.36,36860.12,1,19600.0
2011-04-29,30660.76,6199.36,36860.12,1,19600.0
2011-04-30,30660.76,6199.36,36860.12,1,19600.0
2011-05-01,30860.76,6199.36,37060.12,1,19800.0
2011-05-02,30860.76,6199.36,37060.12,1,19800.0
2011-05-03,30860.76,6199.36,37060.12,1,19800.0
2011-05-04,30860.76,6199.36,37060.12,1,19800.0
2011-05-05,30860.76,6199.36,37060.12,1,19800.0
2011-05-06,30860.76,6199.36,37060.12,1,19800.0
2011-05-07,30860.76,6199.36,37060.12,1,19800.0
2011-05-08,30860.76,6199.36,37060.12,1,19800.0
2011-05-09,30860.76,6199.36,37060.12,1,19800.0
2011-05-10,30860.76,6199.36,37060.12,1,19800.0
2011-05-11,30860.76,6199.36,37060.12,1,19800.0
2011-05-12,30860.76,6199.36,37060.12,1,19800.0
2011-05-13,30860.76,6199.36,37060.12,1,19800.0
2011-05-14,30860.76,6199.36,37060.12,1,19800.0
2011-05-15,30860.76,6199.36,37060.12,1,19800.0
2011-05-16,30860.76,6199.36,37060.12,1,19800.0
2011-05-17,30860.76,6199.36,37060.12,1,19800.0
2011-05-18,30860.76,6199.36,37060.12,1,19800.0
2011-05-19,30860.76,6199.36,37060.12,1,19800.0
2011-05-20,30860.76,6199.36,37060.12,1,19800.0
2011-05-21,30860.76,6199.36,37060.12,1,19800.0
2011-05-22,30860.76,6199.36,37060.12,1,19800.0
2011-05-23,30860.76,6199.36,37060.12,1,19800.0
2011-05-24,30860.76,6199.36,37060.12,1,19800.0
2011-05-25,25301.74,11758.37,37060.12,2,19800.0
2011-05-26,31902.82,5559.02,37461.84,1,19800.0
2011-05-27,31902.82,5559.02,37461.84,1,19800.0
2011-05-28,31902.82,5559.02,37461.84,1,19800.0
2011-05-29,31902.82,5559.02,37461.84,1,19800.0
2011-05-30,31902.82,5559.02,37461.84,1,19800.0
2011-05-31,25534.31,11927.53,37461.84,2,19800.0
2011-06-01,25734.31,11927.53,37661.84,2,20000.0
2011-06-02,25734.31,11927.53,37661.84,2,20000.0
2011-06-03,25734.31,11927.53,37661.84,2,20000.0
2011-06-04,25734.31,11927.53,37661.84,2,20000.0
2011-06-05,25734.31,11927.53,37661.84,2,20000.0
2011-06-06,25734.31,11927.53,37661.84,2,20000.0
2011-06-07,25734.31,11927.53,37661.84,2,20000.0
2011-06-08,25734.31,11927.53,37661.84,2,20000.0
2011-06-09,20085.03,17576.81,37661.84,3,20000.0
2011-06-10,20085.03,17576.81,37661.84,3,20000.0
2011-06-11,20085.03,17576.81,37661.84,3,20000.0
2011-06-12,20085.03,17576.81,37661.84,3,20000.0
2011-06-13,20085.03,17576.81,37661.84,3,20000.0
2011-06-14,20085.03,17576.81,37661.84,3,20000.0
2011-06-15,20085.03,17576.81,37661.84,3,20000.0
2011-06-16,20085.03,17576.81,37661.84,3,20000.0
2011-06-17,20085.03,17576.81,37661.84,3,20000.0
2011-06-18,20085.03,17576.81,37661.84,3,20000.0
2011-06-19,20085.03,17576.81,37661.84,3,20000.0
2011-06-20,20085.03,17576.81,37661.84,3,20000.0
2011-06-21,20085.03,17576.81,37661.84,3,20000.0
2011-06-22,26299.23,11927.53,38226.76,2,20000.0
2011-06-23,26299.23,11927.53,38226.76,2,20000.0
2011-06-24,25324.64,12859.88,38184.52,2,20000.0
2011-06-25,25324.64,12859.88,38184.52,2,20000.0
2011-06-26,25324.64,12859.88,38184.52,2,20000.0
2011-06-27,32465.14,6368.51,38833.65,1,20000.0
2011-06-28,32465.14,6368.51,38833.65,1,20000.0
2011-06-29,32465.14,6368.51,38833.65,1,20000.0
2011-06-30,38345.19,0.0,38345.19,0,20000.0
2011-07-01,38545.19,0.0,38545.19,0,20200.0
2011-07-02,38545.19,0.0,38545.19,0,20200.0
2011-07-03,38545.19,0.0,38545.19,0,20200.0
2011-07-04,38545.19,0.0,38545.19,0,20200.0
2011-07-05,38545.19,0.0,38545.19,0,20200.0
2011-07-06,38545.19,0.0,38545.19,0,20200.0
2011-07-07,38545.19,0.0,38545.19,0,20200.0
2011-07-08,38545.19,0.0,38545.19,0,20200.0
2011-07-09,38545.19,0.0,38545.19,0,20200.0
2011-07-10,38545.19,0.0,38545.19,0,20200.0
2011-07-11,38545.19,0.0,38545.19,0,20200.0
2011-07-12,38545.19,0.0,38545.19,0,20200.0
2011-07-13,38545.19,0.0,38545.19,0,20200.0
2011-07-14,38545.19,0.0,38545.19,0,20200.0
2011-07-15,38545.19,0.0,38545.19,0,20200.0
2011-07-16,38545.19,0.0,38545.19,0,20200.0
2011-07-17,38545.19,0.0,38545.19,0,20200.0
2011-07-18,38545.19,0.0,38545.19,0,20200.0
2011-07-19,38545.19,0.0,38545.19,0,20200.0
2011-07-20,38545.19,0.0,38545.19,0,20200.0
2011-07-21,38545.19,0.0,38545.19,0,20200.0
2011-07-22,38545.19,0.0,38545.19,0,20200.0
2011-07-23,38545.19,0.0,38545.19,0,20200.0
2011-07-24,38545.19,0.0,38545.19,0,20200.0
2011-07-25,30836.15,7709.04,38545.19,1,20200.0
2011-07-26,30836.15,7709.04,38545.19,1,20200.0
2011-07-27,30836.15,7709.04,38545.19,1,20200.0
2011-07-28,30836.15,7709.04,38545.19,1,20200.0
2011-07-29,30836.15,7709.04,38545.19,1,20200.0
2011-07-30,30836.15,7709.04,38545.19,1,20200.0
2011-07-31,30836.15,7709.04,38545.19,1,20200.0
2011-08-01,31036.15,7709.04,38745.19,1,20400.0
2011-08-02,31036.15,7709.04,38745.19,1,20400.0
2011-08-03,31036.15,7709.04,38745.19,1,20400.0
2011-08-04,31036.15,7709.04,38745.19,1,20400.0
2011-08-05,31036.15,7709.04,38745.19,1,20400.0
2011-08-06,31036.15,7709.04,38745.19,1,20400.0
2011-08-07,31036.15,7709.04,38745.19,1,20400.0
2011-08-08,31036.15,7709.04,38745.19,1,20400.0
2011-08-09,31036.15,7709.04,38745.19,1,20400.0
2011-08-10,31036.15,7709.04,38745.19,1,20400.0
2011-08-11,31036.15,7709.04,38745.19,1,20400.0
2011-08-12,31036.15,7709.04,38745.19,1,20400.0
2011-08-13,31036.15,7709.04,38745.19,1,20400.0
2011-08-14,31036.15,7709.04,38745.19,1,20400.0
2011-08-15,31036.15,7709.04,38745.19,1,20400.0
2011-08-16,31036.15,7709.04,38745.19,1,20400.0
2011-08-17,31036.15,7709.04,38745.19,1,20400.0
2011-08-18,31036.15,7709.04,38745.19,1,20400.0
2011-08-19,31036.15,7709.04,38745.19,1,20400.0
2011-08-20,31036.15,7709.04,38745.19,1,20400.0
2011-08-21,31036.15,7709.04,38745.19,1,20400.0
2011-08-22,31036.15,7709.04,38745.19,1,20400.0
2011-08-23,31036.15,7709.04,38745.19,1,20400.0
2011-08-24,16206.29,21482.76,37689.05,3,20400.0
2011-08-25,10552.93,27136.12,37689.05,4,20400.0
2011-08-26,0.0,37689.05,37689.05,6,20400.0
2011-08-27,0.0,37689.05,37689.05,6,20400.0
2011-08-28,0.0,37689.05,37689.05,6,20400.0
2011-08-29,0.0,38894.35,38894.35,6,20400.0
2011-08-30,0.0,39648.13,39648.13,7,20400.0
2011-08-31,8556.76,31869.26,40426.01,6,20400.0
2011-09-01,8756.76,31869.26,40626.01,6,20600.0
2011-09-02,8756.76,31869.26,40626.01,6,20600.0
2011-09-03,8756.76,31869.26,40626.01,6,20600.0
2011-09-04,8756.76,31869.26,40626.01,6,20600.0
2011-09-05,8756.76,31869.26,40626.01,6,20600.0
2011-09-06,8756.76,31869.26,40626.01,6,20600.0
2011-09-07,8756.76,31869.26,40626.01,6,20600.0
2011-09-08,8756.76,31869.26,40626.01,6,20600.0
2011-09-09,8756.76,31869.26,40626.01,6,20600.0
2011-09-10,8756.76,31869.26,40626.01,6,20600.0
2011-09-11,8756.76,31869.26,40626.01,6,20600.0
2011-09-12,8756.76,31869.26,40626.01,6,20600.0
2011-09-13,8756.76,31869.26,40626.01,6,20600.0
2011-09-14,8756.76,31869.26,40626.01,6,20600.0
2011-09-15,8756.76,31869.26,40626.01,6,20600.0
2011-09-16,8756.76,31869.26,40626.01,6,20600.0
2011-09-17,8756.76,31869.26,40626.01,6,20600.0
2011-09-18,8756.76,31869.26,40626.01,6,20600.0
2011-09-19,8756.76,31869.26,40626.01,6,20600.0
2011-09-20,8756.76,31869.26,40626.01,6,20600.0
2011-09-21,8756.76,31869.26,40626.01,6,20600.0
2011-09-22,14257.1,24331.45,38588.54,5,20600.0
2011-09-23,20265.71,17924.31,38190.02,4,20600.0
2011-09-24,20265.71,17924.31,38190.02,4,20600.0
2011-09-25,20265.71,17924.31,38190.02,4,20600.0
2011-09-26,25969.95,12270.95,38240.9,3,20600.0
2011-09-27,25969.95,12270.95,38240.9,3,20600.0
2011-09-28,29770.24,8291.59,38061.83,2,20600.0
2011-09-29,37596.59,0.0,37596.59,0,20600.0
2011-09-30,37596.59,0.0,37596.59,0,20600.0
2011-10-01,37796.59,0.0,37796.59,0,20800.0
2011-10-02,37796.59,0.0,37796.59,0,20800.0
2011-10-03,37796.59,0.0,37796.59,0,20800.0
2011-10-04,37796.59,0.0,37796.59,0,20800.0
2011-10-05,37796.59,0.0,37796.59,0,20800.0
2011-10-06,37796.59,0.0,37796.59,0,20800.0
2011-10-07,37796.59,0.0,37796.59,0,20800.0
2011-10-08,37796.59,0.0,37796.59,0,20800.0
2011-10-09,37796.59,0.0,37796.59,0,20800.0
2011-10-10,37796.59,0.0,37796.59,0,20800.0
2011-10-11,37796.59,0.0,37796.59,0,20800.0
2011-10-12,37796.59,0.0,37796.59,0,20800.0
2011-10-13,37796.59,0.0,37796.59,0,20800.0
2011-10-14,37796.59,0.0,37796.59,0,20800.0
2011-10-15,37796.59,0.0,37796.59,0,20800.0
2011-10-16,37796.59,0.0,37796.59,0,20800.0
2011-10-17,37796.59,0.0,37796.59,0,20800.0
2011-10-18,37796.59,0.0,37796.59,0,20800.0
2011-10-19,37796.59,0.0,37796.59,0,20800.0
2011-10-20,37796.59,0.0,37796.59,0,20800.0
2011-10-21,37796.59,0.0,37796.59,0,20800.0
2011-10-22,37796.59,0.0,37796.59,0,20800.0
2011-10-23,37796.59,0.0,37796.59,0,20800.0
2011-10-24,37796.59,0.0,37796.59,0,20800.0
2011-10-25,37796.59,0.0,37796.59,0,20800.0
2011-10-26,37796.59,0.0,37796.59,0,20800.0
2011-10-27,37796.59,0.0,37796.59,0,20800.0
2011-10-28,37796.59,0.0,37796.59,0,20800.0
2011-10-29,37796.59,0.0,37796.59,0,20800.0
2011-10-30,37796.59,0.0,37796.59,0,20800.0
2011-10-31,37796.59,0.0,37796.59,0,20800.0
2011-11-01,37996.59,0.0,37996.59,0,21000.0
2011-11-02,37996.59,0.0,37996.59,0,21000.0
2011-11-03,37996.59,0.0,37996.59,0,21000.0
2011-11-04,37996.59,0.0,37996.59,0,21000.0
2011-11-05,37996.59,0.0,37996.59,0,21000.0
2011-11-06,37996.59,0.0,37996.59,0,21000.0
2011-11-07,37996.59,0.0,37996.59,0,21000.0
2011-11-08,37996.59,0.0,37996.59,0,21000.0
2011-11-09,37996.59,0.0,37996.59,0,21000.0
2011-11-10,37996.59,0.0,37996.59,0,21000.0
2011-11-11,37996.59,0.0,37996.59,0,21000.0
2011-11-12,37996.59,0.0,37996.59,0,21000.0
2011-11-13,37996.59,0.0,37996.59,0,21000.0
2011-11-14,37996.59,0.0,37996.59,0,21000.0
2011-11-15,37996.59,0.0,37996.59,0,21000.0
2011-11-16,37996.59,0.0,37996.59,0,21000.0
2011-11-17,37996.59,0.0,37996.59,0,21000.0
2011-11-18,37996.59,0.0,37996.59,0,21000.0
2011-11-19,37996.59,0.0,37996.59,0,21000.0
2011-11-20,37996.59,0.0,37996.59,0,21000.0
2011-11-21,30397.27,7599.32,37996.59,1,21000.0
2011-11-22,18238.36,19758.23,37996.59,3,21000.0
2011-11-23,3039.73,34956.86,37996.59,5,21000.0
2011-11-24,3039.73,34956.86,37996.59,5,21000.0
2011-11-25,0.0,37996.59,37996.59,6,21000.0
2011-11-26,0.0,37996.59,37996.59,6,21000.0
2011-11-27,0.0,37996.59,37996.59,6,21000.0
2011-11-28,0.0,37996.59,37996.59,6,21000.0
2011-11-29,0.0,37996.59,37996.59,6,21000.0
2011-11-30,0.0,39516.45,39516.45,7,21000.0
2011-12-01,9965.12,30777.24,40742.36,5,21200.0
2011-12-02,9965.12,30777.24,40742.36,5,21200.0
2011-12-03,9965.12,30777.24,40742.36,5,21200.0
2011-12-04,9965.12,30777.24,40742.36,5,21200.0
2011-12-05,17070.49,24317.82,41388.3,4,21200.0
2011-12-06,17070.49,24317.82,41388.3,4,21200.0
2011-12-07,17070.49,24317.82,41388.3,4,21200.0
2011-12-08,17070.49,24317.82,41388.3,4,21200.0
2011-12-09,17070.49,24317.82,41388.3,4,21200.0
2011-12-10,17070.49,24317.82,41388.3,4,21200.0
2011-12-11,17070.49,24317.82,41388.3,4,21200.0
2011-12-12,17070.49,24317.82,41388.3,4,21200.0
2011-12-13,17070.49,24317.82,41388.3,4,21200.0
2011-12-14,17070.49,24317.82,41388.3,4,21200.0
2011-12-15,17070.49,24317.82,41388.3,4,21200.0
2011-12-16,17070.49,24317.82,41388.3,4,21200.0
2011-12-17,17070.49,24317.82,41388.3,4,21200.0
2011-12-18,17070.49,24317.82,41388.3,4,21200.0
2011-12-19,17070.49,24317.82,41388.3,4,21200.0
2011-12-20,17070.49,24317.82,41388.3,4,21200.0
2011-12-21,25202.52,16718.5,41921.01,3,21200.0
2011-12-22,25202.52,16718.5,41921.01,3,21200.0
2011-12-23,16818.31,25102.7,41921.01,4,21200.0
2011-12-24,16818.31,25102.7,41921.01,4,21200.0
2011-12-25,16818.31,25102.7,41921.01,4,21200.0
2011-12-26,16818.31,25102.7,41921.01,4,21200.0
2011-12-27,16818.31,25102.7,41921.01,4,21200.0
2011-12-28,16818.31,25102.7,41921.01,4,21200.0
2011-12-29,16818.31,25102.7,41921.01,4,21200.0
2011-12-30,33558.93,8384.2,41943.13,1,21200.0
2011-12-31,33558.93,8384.2,41943.13,1,21200.0
2012-01-01,33758.93,8384.2,42143.13,1,21400.0
2012-01-02,33758.93,8384.2,42143.13,1,21400.0
2012-01-03,33758.93,8384.2,42143.13,1,21400.0
2012-01-04,33758.93,8384.2,42143.13,1,21400.0
2012-01-05,33758.93,8384.2,42143.13,1,21400.0
2012-01-06,33758.93,8384.2,42143.13,1,21400.0
2012-01-07,33758.93,8384.2,42143.13,1,21400.0
2012-01-08,33758.93,8384.2,42143.13,1,21400.0
2012-01-09,33758.93,8384.2,42143.13,1,21400.0
2012-01-10,33758.93,8384.2,42143.13,1,21400.0
2012-01-11,33758.93,8384.2,42143.13,1,21400.0
2012-01-12,33758.93,8384.2,42143.13,1,21400.0
2012-01-13,33758.93,8384.2,42143.13,1,21400.0
2012-01-14,33758.93,8384.2,42143.13,1,21400.0
2012-01-15,33758.93,8384.2,42143.13,1,21400.0
2012-01-16,33758.93,8384.2,42143.13,1,21400.0
2012-01-17,33758.93,8384.2,42143.13,1,21400.0
2012-01-18,33758.93,8384.2,42143.13,1,21400.0
2012-01-19,33758.93,8384.2,42143.13,1,21400.0
2012-01-20,33758.93,8384.2,42143.13,1,21400.0
2012-01-21,33758.93,8384.2,42143.13,1,21400.0
2012-01-22,33758.93,8384.2,42143.13,1,21400.0
2012-01-23,42360.28,0.0,42360.28,0,21400.0
2012-01-24,42360.28,0.0,42360.28,0,21400.0
2012-01-25,42360.28,0.0,42360.28,0,21400.0
2012-01-26,31770.21,10590.07,42360.28,1,21400.0
2012-01-27,31770.21,10590.07,42360.28,1,21400.0
2012-01-28,31770.21,10590.07,42360.28,1,21400.0
2012-01-29,31770.21,10590.07,42360.28,1,21400.0
2012-01-30,31770.21,10590.07,42360.28,1,21400.0
2012-01-31,25416.17,16944.11,42360.28,2,21400.0
2012-02-01,25616.17,16944.11,42560.28,2,21600.0
2012-02-02,25616.17,16944.11,42560.28,2,21600.0
2012-02-03,25616.17,16944.11,42560.28,2,21600.0
2012-02-04,25616.17,16944.11,42560.28,2,21600.0
2012-02-05,25616.17,16944.11,42560.28,2,21600.0
2012-02-06,25616.17,16944.11,42560.28,2,21600.0
2012-02-07,25616.17,16944.11,42560.28,2,21600.0
2012-02-08,25616.17,16944.11,42560.28,2,21600.0
2012-02-09,25616.17,16944.11,42560.28,2,21600.0
2012-02-10,25616.17,16944.11,42560.28,2,21600.0
2012-02-11,25616.17,16944.11,42560.28,2,21600.0
2012-02-12,25616.17,16944.11,42560.28,2,21600.0
2012-02-13,25616.17,16944.11,42560.28,2,21600.0
2012-02-14,25616.17,16944.11,42560.28,2,21600.0
2012-02-15,25616.17,16944.11,42560.28,2,21600.0
2012-02-16,25616.17,16944.11,42560.28,2,21600.0
2012-02-17,25616.17,16944.11,42560.28,2,21600.0
2012-02-18,25616.17,16944.11,42560.28,2,21600.0
2012-02-19,25616.17,16944.11,42560.28,2,21600.0
2012-02-20,25616.17,16944.11,42560.28,2,21600.0
2012-02-21,25616.17,16944.11,42560.28,2,21600.0
2012-02-22,25616.17,16944.11,42560.28,2,21600.0
2012-02-23,25616.17,16944.11,42560.28,2,21600.0
2012-02-24,25616.17,16944.11,42560.28,2,21600.0
2012-02-25,25616.17,16944.11,42560.28,2,21600.0
2012-02-26,25616.17,16944.11,42560.28,2,21600.0
2012-02-27,25616.17,16944.11,42560.28,2,21600.0
2012-02-28,18380.92,24179.36,42560.28,3,21600.0
2012-02-29,18380.92,24179.36,42560.28,3,21600.0
2012-03-01,25238.69,17825.32,43064.0,2,21800.0
2012-03-02,25238.69,17825.32,43064.0,2,21800.0
2012-03-03,25238.69,17825.32,43064.0,2,21800.0
2012-03-04,25238.69,17825.32,43064.0,2,21800.0
2012-03-05,25238.69,17825.32,43064.0,2,21800.0
2012-03-06,25238.69,17825.32,43064.0,2,21800.0
2012-03-07,25238.69,17825.32,43064.0,2,21800.0
2012-03-08,25238.69,17825.32,43064.0,2,21800.0
2012-03-09,25238.69,17825.32,43064.0,2,21800.0
2012-03-10,25238.69,17825.32,43064.0,2,21800.0
2012-03-11,25238.69,17825.32,43064.0,2,21800.0
2012-03-12,25238.69,17825.32,43064.0,2,21800.0
2012-03-13,25238.69,17825.32,43064.0,2,21800.0
2012-03-14,25238.69,17825.32,43064.0,2,21800.0
2012-03-15,25238.69,17825.32,43064.0,2,21800.0
2012-03-16,25238.69,17825.32,43064.0,2,21800.0
2012-03-17,25238.69,17825.32,43064.0,2,21800.0
2012-03-18,25238.69,17825.32,43064.0,2,21800.0
2012-03-19,25238.69,17825.32,43064.0,2,21800.0
2012-03-20,25238.69,17825.32,43064.0,2,21800.0
2012-03-21,25238.69,17825.32,43064.0,2,21800.0
2012-03-22,25238.69,17825.32,43064.0,2,21800.0
2012-03-23,25238.69,17825.32,43064.0,2,21800.0
2012-03-24,25238.69,17825.32,43064.0,2,21800.0
2012-03-25,25238.69,17825.32,43064.0,2,21800.0
2012-03-26,25238.69,17825.32,43064.0,2,21800.0
2012-03-27,25238.69,17825.32,43064.0,2,21800.0
2012-03-28,17917.8,25146.2,43064.0,3,21800.0
2012-03-29,10642.14,33153.95,43796.09,4,21800.0
2012-03-30,17909.95,25918.7,43828.65,3,21800.0
2012-03-31,17909.95,25918.7,43828.65,3,21800.0
2012-04-01,18109.95,25918.7,44028.65,3,22000.0
2012-04-02,18109.95,25918.7,44028.65,3,22000.0
2012-04-03,18109.95,25918.7,44028.65,3,22000.0
2012-04-04,18109.95,25918.7,44028.65,3,22000.0
2012-04-05,18109.95,25918.7,44028.65,3,22000.0
2012-04-06,18109.95,25918.7,44028.65,3,22000.0
2012-04-07,18109.95,25918.7,44028.65,3,22000.0
2012-04-08,18109.95,25918.7,44028.65,3,22000.0
2012-04-09,18109.95,25918.7,44028.65,3,22000.0
2012-04-10,18109.95,25918.7,44028.65,3,22000.0
2012-04-11,18109.95,25918.7,44028.65,3,22000.0
2012-04-12,18109.95,25918.7,44028.65,3,22000.0
2012-04-13,18109.95,25918.7,44028.65,3,22000.0
2012-04-14,18109.95,25918.7,44028.65,3,22000.0
2012-04-15,18109.95,25918.7,44028.65,3,22000.0
2012-04-16,18109.95,25918.7,44028.65,3,22000.0
2012-04-17,18109.95,25918.7,44028.65,3,22000.0
2012-04-18,18109.95,25918.7,44028.65,3,22000.0
2012-04-19,18109.95,25918.7,44028.65,3,22000.0
2012-04-20,18109.95,25918.7,44028.65,3,22000.0
2012-04-21,18109.95,25918.7,44028.65,3,22000.0
2012-04-22,18109.95,25918.7,44028.65,3,22000.0
2012-04-23,18109.95,25918.7,44028.65,3,22000.0
2012-04-24,18109.95,25918.7,44028.65,3,22000.0
2012-04-25,18109.95,25918.7,44028.65,3,22000.0
2012-04-26,11505.65,32523.0,44028.65,4,22000.0
2012-04-27,0.0,44028.65,44028.65,6,22000.0
2012-04-28,0.0,44028.65,44028.65,6,22000.0
2012-04-29,0.0,44028.65,44028.65,6,22000.0
2012-04-30,0.0,42572.43,42572.43,6,22000.0
2012-05-01,200.0,42572.43,42772.43,6,22200.0
2012-05-02,200.0,42572.43,42772.43,6,22200.0
2012-05-03,200.0,42572.43,42772.43,6,22200.0
2012-05-04,200.0,42572.43,42772.43,6,22200.0
2012-05-05,200.0,42572.43,42772.43,6,22200.0
2012-05-06,200.0,42572.43,42772.43,6,22200.0
2012-05-07,200.0,42572.43,42772.43,6,22200.0
2012-05-08,200.0,42572.43,42772.43,6,22200.0
2012-05-09,200.0,42572.43,42772.43,6,22200.0
2012-05-10,200.0,42572.43,42772.43,6,22200.0
2012-05-11,200.0,42572.43,42772.43,6,22200.0
2012-05-12,200.0,42572.43,42772.43,6,22200.0
2012-05-13,200.0,42572.43,42772.43,6,22200.0
2012-05-14,200.0,42572.43,42772.43,6,22200.0
2012-05-15,200.0,42572.43,42772.43,6,22200.0
2012-05-16,200.0,42572.43,42772.43,6,22200.0
2012-05-17,200.0,42572.43,42772.43,6,22200.0
2012-05-18,200.0,42572.43,42772.43,6,22200.0
2012-05-19,200.0,42572.43,42772.43,6,22200.0
2012-05-20,200.0,42572.43,42772.43,6,22200.0
2012-05-21,200.0,42572.43,42772.43,6,22200.0
2012-05-22,200.0,42572.43,42772.43,6,22200.0
2012-05-23,200.0,42572.43,42772.43,6,22200.0
2012-05-24,200.0,42572.43,42772.43,6,22200.0
2012-05-25,200.0,42572.43,42772.43,6,22200.0
2012-05-26,200.0,42572.43,42772.43,6,22200.0
2012-05-27,200.0,42572.43,42772.43,6,22200.0
2012-05-28,200.0,42572.43,42772.43,6,22200.0
2012-05-29,14031.99,25831.44,39863.44,4,22200.0
2012-05-30,12642.76,26407.7,39050.46,4,22200.0
2012-05-31,12642.76,26407.7,39050.46,4,22200.0
2012-06-01,12842.76,26407.7,39250.46,4,22400.0
2012-06-02,12842.76,26407.7,39250.46,4,22400.0
2012-06-03,12842.76,26407.7,39250.46,4,22400.0
2012-06-04,12842.76,26407.7,39250.46,4,22400.0
2012-06-05,12842.76,26407.7,39250.46,4,22400.0
2012-06-06,12842.76,26407.7,39250.46,4,22400.0
2012-06-07,12842.76,26407.7,39250.46,4,22400.0
2012-06-08,12842.76,26407.7,39250.46,4,22400.0
2012-06-09,12842.76,26407.7,39250.46,4,22400.0
2012-06-10,12842.76,26407.7,39250.46,4,22400.0
2012-06-11,12842.76,26407.7,39250.46,4,22400.0
2012-06-12,12842.76,26407.7,39250.46,4,22400.0
2012-06-13,12842.76,26407.7,39250.46,4,22400.0
2012-06-14,12842.76,26407.7,39250.46,4,22400.0
2012-06-15,12842.76,26407.7,39250.46,4,22400.0
2012-06-16,12842.76,26407.7,39250.46,4,22400.0
2012-06-17,12842.76,26407.7,39250.46,4,22400.0
2012-06-18,12842.76,26407.7,39250.46,4,22400.0
2012-06-19,12842.76,26407.7,39250.46,4,22400.0
2012-06-20,12842.76,26407.7,39250.46,4,22400.0
2012-06-21,6955.19,32295.27,39250.46,5,22400.0
2012-06-22,6955.19,32295.27,39250.46,5,22400.0
2012-06-23,6955.19,32295.27,39250.46,5,22400.0
2012-06-24,6955.19,32295.27,39250.46,5,22400.0
2012-06-25,6955.19,32295.27,39250.46,5,22400.0
2012-06-26,6955.19,32295.27,39250.46,5,22400.0
2012-06-27,282.61,38967.85,39250.46,6,22400.0
2012-06-28,12285.29,27008.82,39294.11,4,22400.0
2012-06-29,26549.64,12560.15,39109.79,2,22400.0
2012-06-30,26549.64,12560.15,39109.79,2,22400.0
2012-07-01,26749.64,12560.15,39309.79,2,22600.0
2012-07-02,26749.64,12560.15,39309.79,2,22600.0
2012-07-03,34089.48,5887.57,39977.05,1,22600.0
2012-07-04,34089.48,5887.57,39977.05,1,22600.0
2012-07-05,34089.48,5887.57,39977.05,1,22600.0
2012-07-06,34089.48,5887.57,39977.05,1,22600.0
2012-07-07,34089.48,5887.57,39977.05,1,22600.0
2012-07-08,34089.48,5887.57,39977.05,1,22600.0
2012-07-09,34089.48,5887.57,39977.05,1,22600.0
2012-07-10,34089.48,5887.57,39977.05,1,22600.0
2012-07-11,34089.48,5887.57,39977.05,1,22600.0
2012-07-12,34089.48,5887.57,39977.05,1,22600.0
2012-07-13,34089.48,5887.57,39977.05,1,22600.0
2012-07-14,34089.48,5887.57,39977.05,1,22600.0
2012-07-15,34089.48,5887.57,39977.05,1,22600.0
2012-07-16,34089.48,5887.57,39977.05,1,22600.0
2012-07-17,34089.48,5887.57,39977.05,1,22600.0
2012-07-18,34089.48,5887.57,39977.05,1,22600.0
2012-07-19,34089.48,5887.57,39977.05,1,22600.0
2012-07-20,34089.48,5887.57,39977.05,1,22600.0
2012-07-21,34089.48,5887.57,39977.05,1,22600.0
2012-07-22,34089.48,5887.57,39977.05,1,22600.0
2012-07-23,39076.25,0.0,39076.25,0,22600.0
2012-07-24,39076.25,0.0,39076.25,0,22600.0
2012-07-25,39076.25,0.0,39076.25,0,22600.0
2012-07-26,33214.81,5861.44,39076.25,1,22600.0
2012-07-27,33214.81,5861.44,39076.25,1,22600.0
2012-07-28,33214.81,5861.44,39076.25,1,22600.0
2012-07-29,33214.81,5861.44,39076.25,1,22600.0
2012-07-30,27353.37,11722.87,39076.25,2,22600.0
2012-07-31,19538.12,19538.12,39076.25,3,22600.0
2012-08-01,19738.12,19538.12,39276.25,3,22800.0
2012-08-02,19738.12,19538.12,39276.25,3,22800.0
2012-08-03,19738.12,19538.12,39276.25,3,22800.0
2012-08-04,19738.12,19538.12,39276.25,3,22800.0
2012-08-05,19738.12,19538.12,39276.25,3,22800.0
2012-08-06,19738.12,19538.12,39276.25,3,22800.0
2012-08-07,19738.12,19538.12,39276.25,3,22800.0
2012-08-08,19738.12,19538.12,39276.25,3,22800.0
2012-08-09,19738.12,19538.12,39276.25,3,22800.0
2012-08-10,19738.12,19538.12,39276.25,3,22800.0
2012-08-11,19738.12,19538.12,39276.25,3,22800.0
2012-08-12,19738.12,19538.12,39276.25,3,22800.0
2012-08-13,19738.12,19538.12,39276.25,3,22800.0
2012-08-14,19738.12,19538.12,39276.25,3,22800.0
2012-08-15,19738.12,19538.12,39276.25,3,22800.0
2012-08-16,19738.12,19538.12,39276.25,3,22800.0
2012-08-17,19738.12,19538.12,39276.25,3,22800.0
2012-08-18,19738.12,19538.12,39276.25,3,22800.0
2012-08-19,19738.12,19538.12,39276.25,3,22800.0
2012-08-20,19738.12,19538.12,39276.25,3,22800.0
2012-08-21,19738.12,19538.12,39276.25,3,22800.0
2012-08-22,19738.12,19538.12,39276.25,3,22800.0
2012-08-23,19738.12,19538.12,39276.25,3,22800.0
2012-08-24,19738.12,19538.12,39276.25,3,22800.0
2012-08-25,19738.12,19538.12,39276.25,3,22800.0
2012-08-26,19738.12,19538.12,39276.25,3,22800.0
2012-08-27,25961.21,13676.69,39637.9,2,22800.0
2012-08-28,5349.5,34288.39,39637.9,5,22800.0
2012-08-29,11334.62,28426.96,39761.58,4,22800.0
2012-08-30,19021.7,20611.71,39633.41,3,22800.0
2012-08-31,11095.02,28538.39,39633.41,4,22800.0
2012-09-01,11295.02,28538.39,39833.41,4,23000.0
2012-09-02,11295.02,28538.39,39833.41,4,23000.0
2012-09-03,11295.02,28538.39,39833.41,4,23000.0
2012-09-04,11295.02,28538.39,39833.41,4,23000.0
2012-09-05,11295.02,28538.39,39833.41,4,23000.0
2012-09-06,11295.02,28538.39,39833.41,4,23000.0
2012-09-07,11295.02,28538.39,39833.41,4,23000.0
2012-09-08,11295.02,28538.39,39833.41,4,23000.0
2012-09-09,11295.02,28538.39,39833.41,4,23000.0
2012-09-10,11295.02,28538.39,39833.41,4,23000.0
2012-09-11,11295.02,28538.39,39833.41,4,23000.0
2012-09-12,17835.27,22592.7,40427.97,3,23000.0
2012-09-13,17835.27,22592.7,40427.97,3,23000.0
2012-09-14,17835.27,22592.7,40427.97,3,23000.0
2012-09-15,17835.27,22592.7,40427.97,3,23000.0
2012-09-16,17835.27,22592.7,40427.97,3,23000.0
2012-09-17,17835.27,22592.7,40427.97,3,23000.0
2012-09-18,17835.27,22592.7,40427.97,3,23000.0
2012-09-19,17835.27,22592.7,40427.97,3,23000.0
2012-09-20,17835.27,22592.7,40427.97,3,23000.0
2012-09-21,17835.27,22592.7,40427.97,3,23000.0
2012-09-22,17835.27,22592.7,40427.97,3,23000.0
2012-09-23,17835.27,22592.7,40427.97,3,23000.0
2012-09-24,17835.27,22592.7,40427.97,3,23000.0
2012-09-25,17835.27,22592.7,40427.97,3,23000.0
2012-09-26,17835.27,22592.7,40427.97,3,23000.0
2012-09-27,32775.51,7926.68,40702.19,1,23000.0
2012-09-28,32775.51,7926.68,40702.19,1,23000.0
2012-09-29,32775.51,7926.68,40702.19,1,23000.0
2012-09-30,32775.51,7926.68,40702.19,1,23000.0
2012-10-01,41063.1,0.0,41063.1,0,23200.0
2012-10-02,41063.1,0.0,41063.1,0,23200.0
2012-10-03,41063.1,0.0,41063.1,0,23200.0
2012-10-04,41063.1,0.0,41063.1,0,23200.0
2012-10-05,41063.1,0.0,41063.1,0,23200.0
2012-10-06,41063.1,0.0,41063.1,0,23200.0
2012-10-07,41063.1,0.0,41063.1,0,23200.0
2012-10-08,41063.1,0.0,41063.1,0,23200.0
2012-10-09,41063.1,0.0,41063.1,0,23200.0
2012-10-10,41063.1,0.0,41063.1,0,23200.0
2012-10-11,41063.1,0.0,41063.1,0,23200.0
2012-10-12,41063.1,0.0,41063.1,0,23200.0
2012-10-13,41063.1,0.0,41063.1,0,23200.0
2012-10-14,41063.1,0.0,41063.1,0,23200.0
2012-10-15,41063.1,0.0,41063.1,0,23200.0
2012-10-16,41063.1,0.0,41063.1,0,23200.0
2012-10-17,41063.1,0.0,41063.1,0,23200.0
2012-10-18,41063.1,0.0,41063.1,0,23200.0
2012-10-19,41063.1,0.0,41063.1,0,23200.0
2012-10-20,41063.1,0.0,41063.1,0,23200.0
2012-10-21,41063.1,0.0,41063.1,0,23200.0
2012-10-22,41063.1,0.0,41063.1,0,23200.0
2012-10-23,34082.37,6980.73,41063.1,1,23200.0
2012-10-24,34082.37,6980.73,41063.1,1,23200.0
2012-10-25,25869.75,15193.35,41063.1,2,23200.0
2012-10-26,25869.75,15193.35,41063.1,2,23200.0
2012-10-27,25869.75,15193.35,41063.1,2,23200.0
2012-10-28,25869.75,15193.35,41063.1,2,23200.0
2012-10-29,25869.75,15193.35,41063.1,2,23200.0
2012-10-30,25869.75,15193.35,41063.1,2,23200.0
2012-10-31,0.0,41063.1,41063.1,6,23200.0
2012-11-01,200.0,41063.1,41263.1,6,23400.0
2012-11-02,7878.8,34082.37,41961.17,5,23400.0
2012-11-03,7878.8,34082.37,41961.17,5,23400.0
2012-11-04,7878.8,34082.37,41961.17,5,23400.0
2012-11-05,15557.6,27101.65,42659.25,4,23400.0
2012-11-06,15557.6,27101.65,42659.25,4,23400.0
2012-11-07,15557.6,27101.65,42659.25,4,23400.0
2012-11-08,15557.6,27101.65,42659.25,4,23400.0
2012-11-09,15557.6,27101.65,42659.25,4,23400.0
2012-11-10,15557.6,27101.65,42659.25,4,23400.0
2012-11-11,15557.6,27101.65,42659.25,4,23400.0
2012-11-12,15557.6,27101.65,42659.25,4,23400.0
2012-11-13,15557.6,27101.65,42659.25,4,23400.0
2012-11-14,15557.6,27101.65,42659.25,4,23400.0
2012-11-15,15557.6,27101.65,42659.25,4,23400.0
2012-11-16,15557.6,27101.65,42659.25,4,23400.0
2012-11-17,15557.6,27101.65,42659.25,4,23400.0
2012-11-18,15557.6,27101.65,42659.25,4,23400.0
2012-11-19,15557.6,27101.65,42659.25,4,23400.0
2012-11-20,15557.6,27101.65,42659.25,4,23400.0
2012-11-21,15557.6,27101.65,42659.25,4,23400.0
2012-11-22,15557.6,27101.65,42659.25,4,23400.0
2012-11-23,15557.6,27101.65,42659.25,4,23400.0
2012-11-24,15557.6,27101.65,42659.25,4,23400.0
2012-11-25,15557.6,27101.65,42659.25,4,23400.0
2012-11-26,24015.78,18889.03,42904.8,3,23400.0
2012-11-27,24015.78,18889.03,42904.8,3,23400.0
2012-11-28,24015.78,18889.03,42904.8,3,23400.0
2012-11-29,16721.96,26182.84,42904.8,4,23400.0
2012-11-30,24629.31,18354.33,42983.64,3,23400.0
2012-12-01,24829.31,18354.33,43183.64,3,23600.0
2012-12-02,24829.31,18354.33,43183.64,3,23600.0
2012-12-03,32852.51,11060.52,43913.03,2,23600.0
2012-12-04,32852.51,11060.52,43913.03,2,23600.0
2012-12-05,32852.51,11060.52,43913.03,2,23600.0
2012-12-06,32852.51,11060.52,43913.03,2,23600.0
2012-12-07,32852.51,11060.52,43913.03,2,23600.0
2012-12-08,32852.51,11060.52,43913.03,2,23600.0
2012-12-09,32852.51,11060.52,43913.03,2,23600.0
2012-12-10,32852.51,11060.52,43913.03,2,23600.0
2012-12-11,32852.51,11060.52,43913.03,2,23600.0
2012-12-12,32852.51,11060.52,43913.03,2,23600.0
2012-12-13,32852.51,11060.52,43913.03,2,23600.0
2012-12-14,32852.51,11060.52,43913.03,2,23600.0
2012-12-15,32852.51,11060.52,43913.03,2,23600.0
2012-12-16,32852.51,11060.52,43913.03,2,23600.0
2012-12-17,32852.51,11060.52,43913.03,2,23600.0
2012-12-18,32852.51,11060.52,43913.03,2,23600.0
2012-12-19,32852.51,11060.52,43913.03,2,23600.0
2012-12-20,35685.87,8596.73,44282.59,1,23600.0
2012-12-21,35685.87,8596.73,44282.59,1,23600.0
2012-12-22,35685.87,8596.73,44282.59,1,23600.0
2012-12-23,35685.87,8596.73,44282.59,1,23600.0
2012-12-24,35685.87,8596.73,44282.59,1,23600.0
2012-12-25,35685.87,8596.73,44282.59,1,23600.0
2012-12-26,35685.87,8596.73,44282.59,1,23600.0
2012-12-27,35685.87,8596.73,44282.59,1,23600.0
2012-12-28,35685.87,8596.73,44282.59,1,23600.0
2012-12-29,35685.87,8596.73,44282.59,1,23600.0
2012-12-30,35685.87,8596.73,44282.59,1,23600.0
2012-12-31,44749.4,0.0,44749.4,0,23600.0
2013-01-01,44949.4,0.0,44949.4,0,23800.0
2013-01-02,44949.4,0.0,44949.4,0,23800.0
2013-01-03,44949.4,0.0,44949.4,0,23800.0
2013-01-04,44949.4,0.0,44949.4,0,23800.0
2013-01-05,44949.4,0.0,44949.4,0,23800.0
2013-01-06,44949.4,0.0,44949.4,0,23800.0
2013-01-07,44949.4,0.0,44949.4,0,23800.0
2013-01-08,44949.4,0.0,44949.4,0,23800.0
2013-01-09,44949.4,0.0,44949.4,0,23800.0
2013-01-10,44949.4,0.0,44949.4,0,23800.0
2013-01-11,44949.4,0.0,44949.4,0,23800.0
2013-01-12,44949.4,0.0,44949.4,0,23800.0
2013-01-13,44949.4,0.0,44949.4,0,23800.0
2013-01-14,44949.4,0.0,44949.4,0,23800.0
2013-01-15,44949.4,0.0,44949.4,0,23800.0
2013-01-16,44949.4,0.0,44949.4,0,23800.0
2013-01-17,44949.4,0.0,44949.4,0,23800.0
2013-01-18,44949.4,0.0,44949.4,0,23800.0
2013-01-19,44949.4,0.0,44949.4,0,23800.0
2013-01-20,44949.4,0.0,44949.4,0,23800.0
2013-01-21,44949.4,0.0,44949.4,0,23800.0
2013-01-22,44949.4,0.0,44949.4,0,23800.0
2013-01-23,44949.4,0.0,44949.4,0,23800.0
2013-01-24,44949.4,0.0,44949.4,0,23800.0
2013-01-25,44949.4,0.0,44949.4,0,23800.0
2013-01-26,44949.4,0.0,44949.4,0,23800.0
2013-01-27,44949.4,0.0,44949.4,0,23800.0
2013-01-28,44949.4,0.0,44949.4,0,23800.0
2013-01-29,44949.4,0.0,44949.4,0,23800.0
2013-01-30,37308.0,7641.4,44949.4,1,23800.0
2013-01-31,30565.59,14383.81,44949.4,2,23800.0
2013-02-01,30765.59,14383.81,45149.4,2,24000.0
2013-02-02,30765.59,14383.81,45149.4,2,24000.0
2013-02-03,30765.59,14383.81,45149.4,2,24000.0
2013-02-04,30765.59,14383.81,45149.4,2,24000.0
2013-02-05,30765.59,14383.81,45149.4,2,24000.0
2013-02-06,30765.59,14383.81,45149.4,2,24000.0
2013-02-07,30765.59,14383.81,45149.4,2,24000.0
2013-02-08,30765.59,14383.81,45149.4,2,24000.0
2013-02-09,30765.59,14383.81,45149.4,2,24000.0
2013-02-10,30765.59,14383.81,45149.4,2,24000.0
2013-02-11,30765.59,14383.81,45149.4,2,24000.0
2013-02-12,30765.59,14383.81,45149.4,2,24000.0
2013-02-13,30765.59,14383.81,45149.4,2,24000.0
2013-02-14,30765.59,14383.81,45149.4,2,24000.0
2013-02-15,30765.59,14383.81,45149.4,2,24000.0
2013-02-16,30765.59,14383.81,45149.4,2,24000.0
2013-02-17,30765.59,14383.81,45149.4,2,24000.0
2013-02-18,30765.59,14383.81,45149.4,2,24000.0
2013-02-19,30765.59,14383.81,45149.4,2,24000.0
2013-02-20,30765.59,14383.81,45149.4,2,24000.0
2013-02-21,30765.59,14383.81,45149.4,2,24000.0
2013-02-22,30765.59,14383.81,45149.4,2,24000.0
2013-02-23,30765.59,14383.81,45149.4,2,24000.0
2013-02-24,30765.59,14383.81,45149.4,2,24000.0
2013-02-25,30765.59,14383.81,45149.4,2,24000.0
2013-02-26,30765.59,14383.81,45149.4,2,24000.0
2013-02-27,30765.59,14383.81,45149.4,2,24000.0
2013-02-28,16317.78,28831.61,45149.4,4,24000.0
2013-03-01,24463.31,21190.22,45653.52,3,24200.0
2013-03-02,24463.31,21190.22,45653.52,3,24200.0
2013-03-03,24463.31,21190.22,45653.52,3,24200.0
2013-03-04,31127.51,14447.81,45575.31,2,24200.0
2013-03-05,31127.51,14447.81,45575.31,2,24200.0
2013-03-06,31127.51,14447.81,45575.31,2,24200.0
2013-03-07,31127.51,14447.81,45575.31,2,24200.0
2013-03-08,31127.51,14447.81,45575.31,2,24200.0
2013-03-09,31127.51,14447.81,45575.31,2,24200.0
2013-03-10,31127.51,14447.81,45575.31,2,24200.0
2013-03-11,31127.51,14447.81,45575.31,2,24200.0
2013-03-12,31127.51,14447.81,45575.31,2,24200.0
2013-03-13,31127.51,14447.81,45575.31,2,24200.0
2013-03-14,31127.51,14447.81,45575.31,2,24200.0
2013-03-15,31127.51,14447.81,45575.31,2,24200.0
2013-03-16,31127.51,14447.81,45575.31,2,24200.0
2013-03-17,31127.51,14447.81,45575.31,2,24200.0
2013-03-18,31127.51,14447.81,45575.31,2,24200.0
2013-03-19,31127.51,14447.81,45575.31,2,24200.0
2013-03-20,31127.51,14447.81,45575.31,2,24200.0
2013-03-21,31127.51,14447.81,45575.31,2,24200.0
2013-03-22,31127.51,14447.81,45575.31,2,24200.0
2013-03-23,31127.51,14447.81,45575.31,2,24200.0
2013-03-24,31127.51,14447.81,45575.31,2,24200.0
2013-03-25,39570.44,6772.41,46342.85,1,24200.0
2013-03-26,30301.87,16040.98,46342.85,2,24200.0
2013-03-27,30301.87,16040.98,46342.85,2,24200.0
2013-03-28,30301.87,16040.98,46342.85,2,24200.0
2013-03-29,30301.87,16040.98,46342.85,2,24200.0
2013-03-30,30301.87,16040.98,46342.85,2,24200.0
2013-03-31,30301.87,16040.98,46342.85,2,24200.0
2013-04-01,37451.04,9268.57,46719.61,1,24400.0
2013-04-02,37451.04,9268.57,46719.61,1,24400.0
2013-04-03,37451.04,9268.57,46719.61,1,24400.0
2013-04-04,37451.04,9268.57,46719.61,1,24400.0
2013-04-05,37451.04,9268.57,46719.61,1,24400.0
2013-04-06,37451.04,9268.57,46719.61,1,24400.0
2013-04-07,37451.04,9268.57,46719.61,1,24400.0
2013-04-08,37451.04,9268.57,46719.61,1,24400.0
2013-04-09,37451.04,9268.57,46719.61,1,24400.0
2013-04-10,37451.04,9268.57,46719.61,1,24400.0
2013-04-11,37451.04,9268.57,46719.61,1,24400.0
2013-04-12,37451.04,9268.57,46719.61,1,24400.0
2013-04-13,37451.04,9268.57,46719.61,1,24400.0
2013-04-14,37451.04,9268.57,46719.61,1,24400.0
2013-04-15,37451.04,9268.57,46719.61,1,24400.0
2013-04-16,37451.04,9268.57,46719.61,1,24400.0
2013-04-17,37451.04,9268.57,46719.61,1,24400.0
2013-04-18,37451.04,9268.57,46719.61,1,24400.0
2013-04-19,37451.04,9268.57,46719.61,1,24400.0
2013-04-20,37451.04,9268.57,46719.61,1,24400.0
2013-04-21,37451.04,9268.57,46719.61,1,24400.0
2013-04-22,37451.04,9268.57,46719.61,1,24400.0
2013-04-23,37451.04,9268.57,46719.61,1,24400.0
2013-04-24,37451.04,9268.57,46719.61,1,24400.0
2013-04-25,46036.52,0.0,46036.52,0,24400.0
2013-04-26,46036.52,0.0,46036.52,0,24400.0
2013-04-27,46036.52,0.0,46036.52,0,24400.0
2013-04-28,46036.52,0.0,46036.52,0,24400.0
2013-04-29,46036.52,0.0,46036.52,0,24400.0
2013-04-30,36829.21,9207.3,46036.52,1,24400.0
2013-05-01,37029.21,9207.3,46236.52,1,24600.0
2013-05-02,37029.21,9207.3,46236.52,1,24600.0
2013-05-03,37029.21,9207.3,46236.52,1,24600.0
2013-05-04,37029.21,9207.3,46236.52,1,24600.0
2013-05-05,37029.21,9207.3,46236.52,1,24600.0
2013-05-06,37029.21,9207.3,46236.52,1,24600.0
2013-05-07,37029.21,9207.3,46236.52,1,24600.0
2013-05-08,37029.21,9207.3,46236.52,1,24600.0
2013-05-09,37029.21,9207.3,46236.52,1,24600.0
2013-05-10,37029.21,9207.3,46236.52,1,24600.0
2013-05-11,37029.21,9207.3,46236.52,1,24600.0
2013-05-12,37029.21,9207.3,46236.52,1,24600.0
2013-05-13,37029.21,9207.3,46236.52,1,24600.0
2013-05-14,37029.21,9207.3,46236.52,1,24600.0
2013-05-15,37029.21,9207.3,46236.52,1,24600.0
2013-05-16,37029.21,9207.3,46236.52,1,24600.0
2013-05-17,37029.21,9207.3,46236.52,1,24600.0
2013-05-18,37029.21,9207.3,46236.52,1,24600.0
2013-05-19,37029.21,9207.3,46236.52,1,24600.0
2013-05-20,37029.21,9207.3,46236.52,1,24600.0
2013-05-21,37029.21,9207.3,46236.52,1,24600.0
2013-05-22,47157.25,0.0,47157.25,0,24600.0
2013-05-23,47157.25,0.0,47157.25,0,24600.0
2013-05-24,47157.25,0.0,47157.25,0,24600.0
2013-05-25,47157.25,0.0,47157.25,0,24600.0
2013-05-26,47157.25,0.0,47157.25,0,24600.0
2013-05-27,47157.25,0.0,47157.25,0,24600.0
2013-05-28,47157.25,0.0,47157.25,0,24600.0
2013-05-29,47157.25,0.0,47157.25,0,24600.0
2013-05-30,47157.25,0.0,47157.25,0,24600.0
2013-05-31,47157.25,0.0,47157.25,0,24600.0
2013-06-01,47357.25,0.0,47357.25,0,24800.0
2013-06-02,47357.25,0.0,47357.25,0,24800.0
2013-06-03,47357.25,0.0,47357.25,0,24800.0
2013-06-04,47357.25,0.0,47357.25,0,24800.0
2013-06-05,47357.25,0.0,47357.25,0,24800.0
2013-06-06,47357.25,0.0,47357.25,0,24800.0
2013-06-07,47357.25,0.0,47357.25,0,24800.0
2013-06-08,47357.25,0.0,47357.25,0,24800.0
2013-06-09,47357.25,0.0,47357.25,0,24800.0
2013-06-10,47357.25,0.0,47357.25,0,24800.0
2013-06-11,47357.25,0.0,47357.25,0,24800.0
2013-06-12,47357.25,0.0,47357.25,0,24800.0
2013-06-13,47357.25,0.0,47357.25,0,24800.0
2013-06-14,47357.25,0.0,47357.25,0,24800.0
2013-06-15,47357.25,0.0,47357.25,0,24800.0
2013-06-16,47357.25,0.0,47357.25,0,24800.0
2013-06-17,47357.25,0.0,47357.25,0,24800.0
2013-06-18,47357.25,0.0,47357.25,0,24800.0
2013-06-19,47357.25,0.0,47357.25,0,24800.0
2013-06-20,47357.25,0.0,47357.25,0,24800.0
2013-06-21,47357.25,0.0,47357.25,0,24800.0
2013-06-22,47357.25,0.0,47357.25,0,24800.0
2013-06-23,47357.25,0.0,47357.25,0,24800.0
2013-06-24,47357.25,0.0,47357.25,0,24800.0
2013-06-25,47357.25,0.0,47357.25,0,24800.0
2013-06-26,47357.25,0.0,47357.25,0,24800.0
2013-06-27,47357.25,0.0,47357.25,0,24800.0
2013-06-28,47357.25,0.0,47357.25,0,24800.0
2013-06-29,47357.25,0.0,47357.25,0,24800.0
2013-06-30,47357.25,0.0,47357.25,0,24800.0
2013-07-01,47557.25,0.0,47557.25,0,25000.0
2013-07-02,47557.25,0.0,47557.25,0,25000.0
2013-07-03,47557.25,0.0,47557.25,0,25000.0
2013-07-04,47557.25,0.0,47557.25,0,25000.0
2013-07-05,47557.25,0.0,47557.25,0,25000.0
2013-07-06,47557.25,0.0,47557.25,0,25000.0
2013-07-07,47557.25,0.0,47557.25,0,25000.0
2013-07-08,47557.25,0.0,47557.25,0,25000.0
2013-07-09,47557.25,0.0,47557.25,0,25000.0
2013-07-10,47557.25,0.0,47557.25,0,25000.0
2013-07-11,47557.25,0.0,47557.25,0,25000.0
2013-07-12,47557.25,0.0,47557.25,0,25000.0
2013-07-13,47557.25,0.0,47557.25,0,25000.0
2013-07-14,47557.25,0.0,47557.25,0,25000.0
2013-07-15,47557.25,0.0,47557.25,0,25000.0
2013-07-16,47557.25,0.0,47557.25,0,25000.0
2013-07-17,47557.25,0.0,47557.25,0,25000.0
2013-07-18,47557.25,0.0,47557.25,0,25000.0
2013-07-19,47557.25,0.0,47557.25,0,25000.0
2013-07-20,47557.25,0.0,47557.25,0,25000.0
2013-07-21,47557.25,0.0,47557.25,0,25000.0
2013-07-22,47557.25,0.0,47557.25,0,25000.0
2013-07-23,47557.25,0.0,47557.25,0,25000.0
2013-07-24,47557.25,0.0,47557.25,0,25000.0
2013-07-25,47557.25,0.0,47557.25,0,25000.0
2013-07-26,47557.25,0.0,47557.25,0,25000.0
2013-07-27,47557.25,0.0,47557.25,0,25000.0
2013-07-28,47557.25,0.0,47557.25,0,25000.0
2013-07-29,47557.25,0.0,47557.25,0,25000.0
2013-07-30,47557.25,0.0,47557.25,0,25000.0
2013-07-31,47557.25,0.0,47557.25,0,25000.0
2013-08-01,47757.25,0.0,47757.25,0,25200.0
2013-08-02,47757.25,0.0,47757.25,0,25200.0
2013-08-03,47757.25,0.0,47757.25,0,25200.0
2013-08-04,47757.25,0.0,47757.25,0,25200.0
2013-08-05,47757.25,0.0,47757.25,0,25200.0
2013-08-06,47757.25,0.0,47757.25,0,25200.0
2013-08-07,47757.25,0.0,47757.25,0,25200.0
2013-08-08,47757.25,0.0,47757.25,0,25200.0
2013-08-09,47757.25,0.0,47757.25,0,25200.0
2013-08-10,47757.25,0.0,47757.25,0,25200.0
2013-08-11,47757.25,0.0,47757.25,0,25200.0
2013-08-12,47757.25,0.0,47757.25,0,25200.0
2013-08-13,47757.25,0.0,47757.25,0,25200.0
2013-08-14,47757.25,0.0,47757.25,0,25200.0
2013-08-15,47757.25,0.0,47757.25,0,25200.0
2013-08-16,47757.25,0.0,47757.25,0,25200.0
2013-08-17,47757.25,0.0,47757.25,0,25200.0
2013-08-18,47757.25,0.0,47757.25,0,25200.0
2013-08-19,47757.25,0.0,47757.25,0,25200.0
2013-08-20,47757.25,0.0,47757.25,0,25200.0
2013-08-21,47757.25,0.0,47757.25,0,25200.0
2013-08-22,47757.25,0.0,47757.25,0,25200.0
2013-08-23,47757.25,0.0,47757.25,0,25200.0
2013-08-24,47757.25,0.0,47757.25,0,25200.0
2013-08-25,47757.25,0.0,47757.25,0,25200.0
2013-08-26,47757.25,0.0,47757.25,0,25200.0
2013-08-27,40593.66,7163.59,47757.25,1,25200.0
2013-08-28,31042.21,16715.04,47757.25,2,25200.0
2013-08-29,14327.17,33430.07,47757.25,4,25200.0
2013-08-30,14327.17,33430.07,47757.25,4,25200.0
2013-08-31,14327.17,33430.07,47757.25,4,25200.0
2013-09-01,14527.17,33430.07,47957.25,4,25400.0
2013-09-02,14527.17,33430.07,47957.25,4,25400.0
2013-09-03,14527.17,33430.07,47957.25,4,25400.0
2013-09-04,14527.17,33430.07,47957.25,4,25400.0
2013-09-05,22407.12,26266.49,48673.61,3,25400.0
2013-09-06,22407.12,26266.49,48673.61,3,25400.0
2013-09-07,22407.12,26266.49,48673.61,3,25400.0
2013-09-08,22407.12,26266.49,48673.61,3,25400.0
2013-09-09,22407.12,26266.49,48673.61,3,25400.0
2013-09-10,22407.12,26266.49,48673.61,3,25400.0
2013-09-11,22407.12,26266.49,48673.61,3,25400.0
2013-09-12,22407.12,26266.49,48673.61,3,25400.0
2013-09-13,22407.12,26266.49,48673.61,3,25400.0
2013-09-14,22407.12,26266.49,48673.61,3,25400.0
2013-09-15,22407.12,26266.49,48673.61,3,25400.0
2013-09-16,22407.12,26266.49,48673.61,3,25400.0
2013-09-17,22407.12,26266.49,48673.61,3,25400.0
2013-09-18,22407.12,26266.49,48673.61,3,25400.0
2013-09-19,22407.12,26266.49,48673.61,3,25400.0
2013-09-20,22407.12,26266.49,48673.61,3,25400.0
2013-09-21,22407.12,26266.49,48673.61,3,25400.0
2013-09-22,22407.12,26266.49,48673.61,3,25400.0
2013-09-23,22407.12,26266.49,48673.61,3,25400.0
2013-09-24,22407.12,26266.49,48673.61,3,25400.0
2013-09-25,22407.12,26266.49,48673.61,3,25400.0
2013-09-26,30184.63,19102.9,49287.53,2,25400.0
2013-09-27,39947.16,9551.45,49498.61,1,25400.0
2013-09-28,39947.16,9551.45,49498.61,1,25400.0
2013-09-29,39947.16,9551.45,49498.61,1,25400.0
2013-09-30,49620.87,0.0,49620.87,0,25400.0
2013-10-01,49820.87,0.0,49820.87,0,25600.0
2013-10-02,49820.87,0.0,49820.87,0,25600.0
2013-10-03,49820.87,0.0,49820.87,0,25600.0
2013-10-04,49820.87,0.0,49820.87,0,25600.0
2013-10-05,49820.87,0.0,49820.87,0,25600.0
2013-10-06,49820.87,0.0,49820.87,0,25600.0
2013-10-07,49820.87,0.0,49820.87,0,25600.0
2013-10-08,49820.87,0.0,49820.87,0,25600.0
2013-10-09,49820.87,0.0,49820.87,0,25600.0
2013-10-10,49820.87,0.0,49820.87,0,25600.0
2013-10-11,49820.87,0.0,49820.87,0,25600.0
2013-10-12,49820.87,0.0,49820.87,0,25600.0
2013-10-13,49820.87,0.0,49820.87,0,25600.0
2013-10-14,49820.87,0.0,49820.87,0,25600.0
2013-10-15,49820.87,0.0,49820.87,0,25600.0
2013-10-16,49820.87,0.0,49820.87,0,25600.0
2013-10-17,49820.87,0.0,49820.87,0,25600.0
2013-10-18,49820.87,0.0,49820.87,0,25600.0
2013-10-19,49820.87,0.0,49820.87,0,25600.0
2013-10-20,49820.87,0.0,49820.87,0,25600.0
2013-10-21,49820.87,0.0,49820.87,0,25600.0
2013-10-22,49820.87,0.0,49820.87,0,25600.0
2013-10-23,49820.87,0.0,49820.87,0,25600.0
2013-10-24,49820.87,0.0,49820.87,0,25600.0
2013-10-25,49820.87,0.0,49820.87,0,25600.0
2013-10-26,49820.87,0.0,49820.87,0,25600.0
2013-10-27,49820.87,0.0,49820.87,0,25600.0
2013-10-28,49820.87,0.0,49820.87,0,25600.0
2013-10-29,49820.87,0.0,49820.87,0,25600.0
2013-10-30,49820.87,0.0,49820.87,0,25600.0
2013-10-31,49820.87,0.0,49820.87,0,25600.0
2013-11-01,50020.87,0.0,50020.87,0,25800.0
2013-11-02,50020.87,0.0,50020.87,0,25800.0
2013-11-03,50020.87,0.0,50020.87,0,25800.0
2013-11-04,50020.87,0.0,50020.87,0,25800.0
2013-11-05,50020.87,0.0,50020.87,0,25800.0
2013-11-06,50020.87,0.0,50020.87,0,25800.0
2013-11-07,50020.87,0.0,50020.87,0,25800.0
2013-11-08,50020.87,0.0,50020.87,0,25800.0
2013-11-09,50020.87,0.0,50020.87,0,25800.0
2013-11-10,50020.87,0.0,50020.87,0,25800.0
2013-11-11,50020.87,0.0,50020.87,0,25800.0
2013-11-12,50020.87,0.0,50020.87,0,25800.0
2013-11-13,50020.87,0.0,50020.87,0,25800.0
2013-11-14,50020.87,0.0,50020.87,0,25800.0
2013-11-15,50020.87,0.0,50020.87,0,25800.0
2013-11-16,50020.87,0.0,50020.87,0,25800.0
2013-11-17,50020.87,0.0,50020.87,0,25800.0
2013-11-18,50020.87,0.0,50020.87,0,25800.0
2013-11-19,50020.87,0.0,50020.87,0,25800.0
2013-11-20,50020.87,0.0,50020.87,0,25800.0
2013-11-21,50020.87,0.0,50020.87,0,25800.0
2013-11-22,50020.87,0.0,50020.87,0,25800.0
2013-11-23,50020.87,0.0,50020.87,0,25800.0
2013-11-24,50020.87,0.0,50020.87,0,25800.0
2013-11-25,50020.87,0.0,50020.87,0,25800.0
2013-11-26,50020.87,0.0,50020.87,0,25800.0
2013-11-27,50020.87,0.0,50020.87,0,25800.0
2013-11-28,50020.87,0.0,50020.87,0,25800.0
2013-11-29,50020.87,0.0,50020.87,0,25800.0
2013-11-30,50020.87,0.0,50020.87,0,25800.0
2013-12-01,50220.87,0.0,50220.87,0,26000.0
2013-12-02,50220.87,0.0,50220.87,0,26000.0
2013-12-03,50220.87,0.0,50220.87,0,26000.0
2013-12-04,50220.87,0.0,50220.87,0,26000.0
2013-12-05,50220.87,0.0,50220.87,0,26000.0
2013-12-06,50220.87,0.0,50220.87,0,26000.0
2013-12-07,50220.87,0.0,50220.87,0,26000.0
2013-12-08,50220.87,0.0,50220.87,0,26000.0
2013-12-09,50220.87,0.0,50220.87,0,26000.0
2013-12-10,50220.87,0.0,50220.87,0,26000.0
2013-12-11,50220.87,0.0,50220.87,0,26000.0
2013-12-12,50220.87,0.0,50220.87,0,26000.0
2013-12-13,50220.87,0.0,50220.87,0,26000.0
2013-12-14,50220.87,0.0,50220.87,0,26000.0
2013-12-15,50220.87,0.0,50220.87,0,26000.0
2013-12-16,50220.87,0.0,50220.87,0,26000.0
2013-12-17,50220.87,0.0,50220.87,0,26000.0
2013-12-18,50220.87,0.0,50220.87,0,26000.0
2013-12-19,50220.87,0.0,50220.87,0,26000.0
2013-12-20,50220.87,0.0,50220.87,0,26000.0
2013-12-21,50220.87,0.0,50220.87,0,26000.0
2013-12-22,50220.87,0.0,50220.87,0,26000.0
2013-12-23,50220.87,0.0,50220.87,0,26000.0
2013-12-24,50220.87,0.0,50220.87,0,26000.0
2013-12-25,50220.87,0.0,50220.87,0,26000.0
2013-12-26,50220.87,0.0,50220.87,0,26000.0
2013-12-27,50220.87,0.0,50220.87,0,26000.0
2013-12-28,50220.87,0.0,50220.87,0,26000.0
2013-12-29,50220.87,0.0,50220.87,0,26000.0
2013-12-30,50220.87,0.0,50220.87,0,26000.0
2013-12-31,50220.87,0.0,50220.87,0,26000.0
2014-01-01,50420.87,0.0,50420.87,0,26200.0
2014-01-02,50420.87,0.0,50420.87,0,26200.0
2014-01-03,50420.87,0.0,50420.87,0,26200.0
2014-01-04,50420.87,0.0,50420.87,0,26200.0
2014-01-05,50420.87,0.0,50420.87,0,26200.0
2014-01-06,50420.87,0.0,50420.87,0,26200.0
2014-01-07,50420.87,0.0,50420.87,0,26200.0
2014-01-08,50420.87,0.0,50420.87,0,26200.0
2014-01-09,50420.87,0.0,50420.87,0,26200.0
2014-01-10,50420.87,0.0,50420.87,0,26200.0
2014-01-11,50420.87,0.0,50420.87,0,26200.0
2014-01-12,50420.87,0.0,50420.87,0,26200.0
2014-01-13,50420.87,0.0,50420.87,0,26200.0
2014-01-14,50420.87,0.0,50420.87,0,26200.0
2014-01-15,50420.87,0.0,50420.87,0,26200.0
2014-01-16,50420.87,0.0,50420.87,0,26200.0
2014-01-17,50420.87,0.0,50420.87,0,26200.0
2014-01-18,50420.87,0.0,50420.87,0,26200.0
2014-01-19,50420.87,0.0,50420.87,0,26200.0
2014-01-20,50420.87,0.0,50420.87,0,26200.0
2014-01-21,50420.87,0.0,50420.87,0,26200.0
2014-01-22,50420.87,0.0,50420.87,0,26200.0
2014-01-23,50420.87,0.0,50420.87,0,26200.0
2014-01-24,50420.87,0.0,50420.87,0,26200.0
2014-01-25,50420.87,0.0,50420.87,0,26200.0
2014-01-26,50420.87,0.0,50420.87,0,26200.0
2014-01-27,50420.87,0.0,50420.87,0,26200.0
2014-01-28,50420.87,0.0,50420.87,0,26200.0
2014-01-29,50420.87,0.0,50420.87,0,26200.0
2014-01-30,40336.7,10084.17,50420.87,1,26200.0
2014-01-31,12605.22,37815.65,50420.87,4,26200.0
2014-02-01,12805.22,37815.65,50620.87,4,26400.0
2014-02-02,12805.22,37815.65,50620.87,4,26400.0
2014-02-03,12805.22,37815.65,50620.87,4,26400.0
2014-02-04,12805.22,37815.65,50620.87,4,26400.0
2014-02-05,12805.22,37815.65,50620.87,4,26400.0
2014-02-06,12805.22,37815.65,50620.87,4,26400.0
2014-02-07,12805.22,37815.65,50620.87,4,26400.0
2014-02-08,12805.22,37815.65,50620.87,4,26400.0
2014-02-09,12805.22,37815.65,50620.87,4,26400.0
2014-02-10,12805.22,37815.65,50620.87,4,26400.0
2014-02-11,12805.22,37815.65,50620.87,4,26400.0
2014-02-12,12805.22,37815.65,50620.87,4,26400.0
2014-02-13,12805.22,37815.65,50620.87,4,26400.0
2014-02-14,12805.22,37815.65,50620.87,4,26400.0
2014-02-15,12805.22,37815.65,50620.87,4,26400.0
2014-02-16,12805.22,37815.65,50620.87,4,26400.0
2014-02-17,12805.22,37815.65,50620.87,4,26400.0
2014-02-18,12805.22,37815.65,50620.87,4,26400.0
2014-02-19,12805.22,37815.65,50620.87,4,26400.0
2014-02-20,12805.22,37815.65,50620.87,4,26400.0
2014-02-21,12805.22,37815.65,50620.87,4,26400.0
2014-02-22,12805.22,37815.65,50620.87,4,26400.0
2014-02-23,12805.22,37815.65,50620.87,4,26400.0
2014-02-24,12805.22,37815.65,50620.87,4,26400.0
2014-02-25,12805.22,37815.65,50620.87,4,26400.0
2014-02-26,12805.22,37815.65,50620.87,4,26400.0
2014-02-27,12805.22,37815.65,50620.87,4,26400.0
2014-02-28,12805.22,37815.65,50620.87,4,26400.0
2014-03-01,13005.22,37815.65,50820.87,4,26600.0
2014-03-02,13005.22,37815.65,50820.87,4,26600.0
2014-03-03,52486.02,0.0,52486.02,0,26600.0
2014-03-04,52486.02,0.0,52486.02,0,26600.0
2014-03-05,52486.02,0.0,52486.02,0,26600.0
2014-03-06,52486.02,0.0,52486.02,0,26600.0
2014-03-07,52486.02,0.0,52486.02,0,26600.0
2014-03-08,52486.02,0.0,52486.02,0,26600.0
2014-03-09,52486.02,0.0,52486.02,0,26600.0
2014-03-10,52486.02,0.0,52486.02,0,26600.0
2014-03-11,52486.02,0.0,52486.02,0,26600.0
2014-03-12,52486.02,0.0,52486.02,0,26600.0
2014-03-13,52486.02,0.0,52486.02,0,26600.0
2014-03-14,52486.02,0.0,52486.02,0,26600.0
2014-03-15,52486.02,0.0,52486.02,0,26600.0
2014-03-16,52486.02,0.0,52486.02,0,26600.0
2014-03-17,52486.02,0.0,52486.02,0,26600.0
2014-03-18,52486.02,0.0,52486.02,0,26600.0
2014-03-19,52486.02,0.0,52486.02,0,26600.0
2014-03-20,52486.02,0.0,52486.02,0,26600.0
2014-03-21,52486.02,0.0,52486.02,0,26600.0
2014-03-22,52486.02,0.0,52486.02,0,26600.0
2014-03-23,52486.02,0.0,52486.02,0,26600.0
2014-03-24,52486.02,0.0,52486.02,0,26600.0
2014-03-25,52486.02,0.0,52486.02,0,26600.0
2014-03-26,52486.02,0.0,52486.02,0,26600.0
2014-03-27,43563.4,8922.62,52486.02,1,26600.0
2014-03-28,43563.4,8922.62,52486.02,1,26600.0
2014-03-29,43563.4,8922.62,52486.02,1,26600.0
2014-03-30,43563.4,8922.62,52486.02,1,26600.0
2014-03-31,43563.4,8922.62,52486.02,1,26600.0
2014-04-01,43763.4,8922.62,52686.02,1,26800.0
2014-04-02,43763.4,8922.62,52686.02,1,26800.0
2014-04-03,43763.4,8922.62,52686.02,1,26800.0
2014-04-04,43763.4,8922.62,52686.02,1,26800.0
2014-04-05,43763.4,8922.62,52686.02,1,26800.0
2014-04-06,43763.4,8922.62,52686.02,1,26800.0
2014-04-07,43763.4,8922.62,52686.02,1,26800.0
2014-04-08,43763.4,8922.62,52686.02,1,26800.0
2014-04-09,53578.28,0.0,53578.28,0,26800.0
2014-04-10,53578.28,0.0,53578.28,0,26800.0
2014-04-11,53578.28,0.0,53578.28,0,26800.0
2014-04-12,53578.28,0.0,53578.28,0,26800.0
2014-04-13,53578.28,0.0,53578.28,0,26800.0
2014-04-14,53578.28,0.0,53578.28,0,26800.0
2014-04-15,53578.28,0.0,53578.28,0,26800.0
2014-04-16,53578.28,0.0,53578.28,0,26800.0
2014-04-17,53578.28,0.0,53578.28,0,26800.0
2014-04-18,53578.28,0.0,53578.28,0,26800.0
2014-04-19,53578.28,0.0,53578.28,0,26800.0
2014-04-20,53578.28,0.0,53578.28,0,26800.0
2014-04-21,53578.28,0.0,53578.28,0,26800.0
2014-04-22,53578.28,0.0,53578.28,0,26800.0
2014-04-23,53578.28,0.0,53578.28,0,26800.0
2014-04-24,53578.28,0.0,53578.28,0,26800.0
2014-04-25,53578.28,0.0,53578.28,0,26800.0
2014-04-26,53578.28,0.0,53578.28,0,26800.0
2014-04-27,53578.28,0.0,53578.28,0,26800.0
2014-04-28,53578.28,0.0,53578.28,0,26800.0
2014-04-29,53578.28,0.0,53578.28,0,26800.0
2014-04-30,53578.28,0.0,53578.28,0,26800.0
2014-05-01,53778.28,0.0,53778.28,0,27000.0
2014-05-02,53778.28,0.0,53778.28,0,27000.0
2014-05-03,53778.28,0.0,53778.28,0,27000.0
2014-05-04,53778.28,0.0,53778.28,0,27000.0
2014-05-05,53778.28,0.0,53778.28,0,27000.0
2014-05-06,53778.28,0.0,53778.28,0,27000.0
2014-05-07,53778.28,0.0,53778.28,0,27000.0
2014-05-08,53778.28,0.0,53778.28,0,27000.0
2014-05-09,53778.28,0.0,53778.28,0,27000.0
2014-05-10,53778.28,0.0,53778.28,0,27000.0
2014-05-11,53778.28,0.0,53778.28,0,27000.0
2014-05-12,53778.28,0.0,53778.28,0,27000.0
2014-05-13,53778.28,0.0,53778.28,0,27000.0
2014-05-14,53778.28,0.0,53778.28,0,27000.0
2014-05-15,53778.28,0.0,53778.28,0,27000.0
2014-05-16,53778.28,0.0,53778.28,0,27000.0
2014-05-17,53778.28,0.0,53778.28,0,27000.0
2014-05-18,53778.28,0.0,53778.28,0,27000.0
2014-05-19,53778.28,0.0,53778.28,0,27000.0
2014-05-20,53778.28,0.0,53778.28,0,27000.0
2014-05-21,53778.28,0.0,53778.28,0,27000.0
2014-05-22,53778.28,0.0,53778.28,0,27000.0
2014-05-23,53778.28,0.0,53778.28,0,27000.0
2014-05-24,53778.28,0.0,53778.28,0,27000.0
2014-05-25,53778.28,0.0,53778.28,0,27000.0
2014-05-26,53778.28,0.0,53778.28,0,27000.0
2014-05-27,53778.28,0.0,53778.28,0,27000.0
2014-05-28,53778.28,0.0,53778.28,0,27000.0
2014-05-29,24200.23,29578.06,53778.28,3,27000.0
2014-05-30,15057.92,38720.36,53778.28,4,27000.0
2014-05-31,15057.92,38720.36,53778.28,4,27000.0
2014-06-01,15257.92,38720.36,53978.28,4,27200.0
2014-06-02,15257.92,38720.36,53978.28,4,27200.0
2014-06-03,15257.92,38720.36,53978.28,4,27200.0
2014-06-04,15257.92,38720.36,53978.28,4,27200.0
2014-06-05,15257.92,38720.36,53978.28,4,27200.0
2014-06-06,15257.92,38720.36,53978.28,4,27200.0
2014-06-07,15257.92,38720.36,53978.28,4,27200.0
2014-06-08,15257.92,38720.36,53978.28,4,27200.0
2014-06-09,15257.92,38720.36,53978.28,4,27200.0
2014-06-10,15257.92,38720.36,53978.28,4,27200.0
2014-06-11,15257.92,38720.36,53978.28,4,27200.0
2014-06-12,15257.92,38720.36,53978.28,4,27200.0
2014-06-13,15257.92,38720.36,53978.28,4,27200.0
2014-06-14,15257.92,38720.36,53978.28,4,27200.0
2014-06-15,15257.92,38720.36,53978.28,4,27200.0
2014-06-16,15257.92,38720.36,53978.28,4,27200.0
2014-06-17,15257.92,38720.36,53978.28,4,27200.0
2014-06-18,15257.92,38720.36,53978.28,4,27200.0
2014-06-19,15257.92,38720.36,53978.28,4,27200.0
2014-06-20,15257.92,38720.36,53978.28,4,27200.0
2014-06-21,15257.92,38720.36,53978.28,4,27200.0
2014-06-22,15257.92,38720.36,53978.28,4,27200.0
2014-06-23,15257.92,38720.36,53978.28,4,27200.0
2014-06-24,15257.92,38720.36,53978.28,4,27200.0
2014-06-25,4462.26,49516.02,53978.28,5,27200.0
2014-06-26,4462.26,49516.02,53978.28,5,27200.0
2014-06-27,4462.26,49516.02,53978.28,5,27200.0
2014-06-28,4462.26,49516.02,53978.28,5,27200.0
2014-06-29,4462.26,49516.02,53978.28,5,27200.0
2014-06-30,29495.3,24240.23,53735.53,2,27200.0
2014-07-01,29695.3,24240.23,53935.53,2,27400.0
2014-07-02,29695.3,24240.23,53935.53,2,27400.0
2014-07-03,29695.3,24240.23,53935.53,2,27400.0
2014-07-04,29695.3,24240.23,53935.53,2,27400.0
2014-07-05,29695.3,24240.23,53935.53,2,27400.0
2014-07-06,29695.3,24240.23,53935.53,2,27400.0
2014-07-07,29695.3,24240.23,53935.53,2,27400.0
2014-07-08,29695.3,24240.23,53935.53,2,27400.0
2014-07-09,29695.3,24240.23,53935.53,2,27400.0
2014-07-10,29695.3,24240.23,53935.53,2,27400.0
2014-07-11,29695.3,24240.23,53935.53,2,27400.0
2014-07-12,29695.3,24240.23,53935.53,2,27400.0
2014-07-13,29695.3,24240.23,53935.53,2,27400.0
2014-07-14,29695.3,24240.23,53935.53,2,27400.0
2014-07-15,29695.3,24240.23,53935.53,2,27400.0
2014-07-16,29695.3,24240.23,53935.53,2,27400.0
2014-07-17,29695.3,24240.23,53935.53,2,27400.0
2014-07-18,29695.3,24240.23,53935.53,2,27400.0
2014-07-19,29695.3,24240.23,53935.53,2,27400.0
2014-07-20,29695.3,24240.23,53935.53,2,27400.0
2014-07-21,29695.3,24240.23,53935.53,2,27400.0
2014-07-22,29695.3,24240.23,53935.53,2,27400.0
2014-07-23,29695.3,24240.23,53935.53,2,27400.0
2014-07-24,29695.3,24240.23,53935.53,2,27400.0
2014-07-25,32136.35,21488.26,53624.61,2,27400.0
2014-07-26,32136.35,21488.26,53624.61,2,27400.0
2014-07-27,32136.35,21488.26,53624.61,2,27400.0
2014-07-28,5324.04,48300.57,53624.61,5,27400.0
2014-07-29,0.0,53624.61,53624.61,6,27400.0
2014-07-30,0.0,53624.61,53624.61,6,27400.0
2014-07-31,0.0,53624.61,53624.61,6,27400.0
2014-08-01,200.0,53624.61,53824.61,6,27600.0
2014-08-02,200.0,53624.61,53824.61,6,27600.0
2014-08-03,200.0,53624.61,53824.61,6,27600.0
2014-08-04,200.0,53624.61,53824.61,6,27600.0
2014-08-05,200.0,53624.61,53824.61,6,27600.0
2014-08-06,200.0,53624.61,53824.61,6,27600.0
2014-08-07,200.0,53624.61,53824.61,6,27600.0
2014-08-08,200.0,53624.61,53824.61,6,27600.0
2014-08-09,200.0,53624.61,53824.61,6,27600.0
2014-08-10,200.0,53624.61,53824.61,6,27600.0
2014-08-11,200.0,53624.61,53824.61,6,27600.0
2014-08-12,200.0,53624.61,53824.61,6,27600.0
2014-08-13,200.0,53624.61,53824.61,6,27600.0
2014-08-14,200.0,53624.61,53824.61,6,27600.0
2014-08-15,200.0,53624.61,53824.61,6,27600.0
2014-08-16,200.0,53624.61,53824.61,6,27600.0
2014-08-17,200.0,53624.61,53824.61,6,27600.0
2014-08-18,200.0,53624.61,53824.61,6,27600.0
2014-08-19,200.0,53624.61,53824.61,6,27600.0
2014-08-20,200.0,53624.61,53824.61,6,27600.0
2014-08-21,200.0,53624.61,53824.61,6,27600.0
2014-08-22,200.0,53624.61,53824.61,6,27600.0
2014-08-23,200.0,53624.61,53824.61,6,27600.0
2014-08-24,200.0,53624.61,53824.61,6,27600.0
2014-08-25,8390.89,45580.92,53971.81,5,27600.0
2014-08-26,8390.89,45580.92,53971.81,5,27600.0
2014-08-27,35659.28,18768.61,54427.89,2,27600.0
2014-08-28,21999.66,32529.92,54529.58,3,27600.0
2014-08-29,21999.66,32529.92,54529.58,3,27600.0
2014-08-30,21999.66,32529.92,54529.58,3,27600.0
2014-08-31,21999.66,32529.92,54529.58,3,27600.0
2014-09-01,22199.66,32529.92,54729.58,3,27800.0
2014-09-02,22199.66,32529.92,54729.58,3,27800.0
2014-09-03,22199.66,32529.92,54729.58,3,27800.0
2014-09-04,22199.66,32529.92,54729.58,3,27800.0
2014-09-05,22199.66,32529.92,54729.58,3,27800.0
2014-09-06,22199.66,32529.92,54729.58,3,27800.0
2014-09-07,22199.66,32529.92,54729.58,3,27800.0
2014-09-08,22199.66,32529.92,54729.58,3,27800.0
2014-09-09,22199.66,32529.92,54729.58,3,27800.0
2014-09-10,22199.66,32529.92,54729.58,3,27800.0
2014-09-11,22199.66,32529.92,54729.58,3,27800.0
2014-09-12,22199.66,32529.92,54729.58,3,27800.0
2014-09-13,22199.66,32529.92,54729.58,3,27800.0
2014-09-14,22199.66,32529.92,54729.58,3,27800.0
2014-09-15,22199.66,32529.92,54729.58,3,27800.0
2014-09-16,22199.66,32529.92,54729.58,3,27800.0
2014-09-17,22199.66,32529.92,54729.58,3,27800.0
2014-09-18,22199.66,32529.92,54729.58,3,27800.0
2014-09-19,22199.66,32529.92,54729.58,3,27800.0
2014-09-20,22199.66,32529.92,54729.58,3,27800.0
2014-09-21,22199.66,32529.92,54729.58,3,27800.0
2014-09-22,22199.66,32529.92,54729.58,3,27800.0
2014-09-23,3591.6,51137.98,54729.58,5,27800.0
2014-09-24,3591.6,51137.98,54729.58,5,27800.0
2014-09-25,3591.6,51137.98,54729.58,5,27800.0
2014-09-26,2403.72,45906.08,48309.8,5,27800.0
2014-09-27,2403.72,45906.08,48309.8,5,27800.0
2014-09-28,2403.72,45906.08,48309.8,5,27800.0
2014-09-29,21170.08,26820.72,47990.8,3,27800.0
2014-09-30,13971.46,34019.34,47990.8,4,27800.0
2014-10-01,14171.46,34019.34,48190.8,4,28000.0
2014-10-02,14171.46,34019.34,48190.8,4,28000.0
2014-10-03,14171.46,34019.34,48190.8,4,28000.0
2014-10-04,14171.46,34019.34,48190.8,4,28000.0
2014-10-05,14171.46,34019.34,48190.8,4,28000.0
2014-10-06,14171.46,34019.34,48190.8,4,28000.0
2014-10-07,14171.46,34019.34,48190.8,4,28000.0
2014-10-08,14171.46,34019.34,48190.8,4,28000.0
2014-10-09,14171.46,34019.34,48190.8,4,28000.0
2014-10-10,14171.46,34019.34,48190.8,4,28000.0
2014-10-11,14171.46,34019.34,48190.8,4,28000.0
2014-10-12,14171.46,34019.34,48190.8,4,28000.0
2014-10-13,14171.46,34019.34,48190.8,4,28000.0
2014-10-14,14171.46,34019.34,48190.8,4,28000.0
2014-10-15,14171.46,34019.34,48190.8,4,28000.0
2014-10-16,14171.46,34019.34,48190.8,4,28000.0
2014-10-17,14171.46,34019.34,48190.8,4,28000.0
2014-10-18,14171.46,34019.34,48190.8,4,28000.0
2014-10-19,14171.46,34019.34,48190.8,4,28000.0
2014-10-20,14171.46,34019.34,48190.8,4,28000.0
2014-10-21,14171.46,34019.34,48190.8,4,28000.0
2014-10-22,14171.46,34019.34,48190.8,4,28000.0
2014-10-23,33695.03,15411.29,49106.32,2,28000.0
2014-10-24,33695.03,15411.29,49106.32,2,28000.0
2014-10-25,33695.03,15411.29,49106.32,2,28000.0
2014-10-26,33695.03,15411.29,49106.32,2,28000.0
2014-10-27,42193.5,7198.62,49392.12,1,28000.0
2014-10-28,42193.5,7198.62,49392.12,1,28000.0
2014-10-29,33796.84,15595.28,49392.12,2,28000.0
2014-10-30,41294.2,8396.66,49690.86,1,28000.0
2014-10-31,33840.57,15850.29,49690.86,2,28000.0
2014-11-01,34040.57,15850.29,49890.86,2,28200.0
2014-11-02,34040.57,15850.29,49890.86,2,28200.0
2014-11-03,34040.57,15850.29,49890.86,2,28200.0
2014-11-04,34040.57,15850.29,49890.86,2,28200.0
2014-11-05,34040.57,15850.29,49890.86,2,28200.0
2014-11-06,34040.57,15850.29,49890.86,2,28200.0
2014-11-07,34040.57,15850.29,49890.86,2,28200.0
2014-11-08,34040.57,15850.29,49890.86,2,28200.0
2014-11-09,34040.57,15850.29,49890.86,2,28200.0
2014-11-10,34040.57,15850.29,49890.86,2,28200.0
2014-11-11,34040.57,15850.29,49890.86,2,28200.0
2014-11-12,34040.57,15850.29,49890.86,2,28200.0
2014-11-13,34040.57,15850.29,49890.86,2,28200.0
2014-11-14,34040.57,15850.29,49890.86,2,28200.0
2014-11-15,34040.57,15850.29,49890.86,2,28200.0
2014-11-16,34040.57,15850.29,49890.86,2,28200.0
2014-11-17,34040.57,15850.29,49890.86,2,28200.0
2014-11-18,34040.57,15850.29,49890.86,2,28200.0
2014-11-19,34040.57,15850.29,49890.86,2,28200.0
2014-11-20,34040.57,15850.29,49890.86,2,28200.0
2014-11-21,34040.57,15850.29,49890.86,2,28200.0
2014-11-22,34040.57,15850.29,49890.86,2,28200.0
2014-11-23,34040.57,15850.29,49890.86,2,28200.0
2014-11-24,34040.57,15850.29,49890.86,2,28200.0
2014-11-25,34040.57,15850.29,49890.86,2,28200.0
2014-11-26,34040.57,15850.29,49890.86,2,28200.0
2014-11-27,34040.57,15850.29,49890.86,2,28200.0
2014-11-28,42562.34,7453.63,50015.97,1,28200.0
2014-11-29,42562.34,7453.63,50015.97,1,28200.0
2014-11-30,42562.34,7453.63,50015.97,1,28200.0
2014-12-01,48352.56,0.0,48352.56,0,28400.0
2014-12-02,48352.56,0.0,48352.56,0,28400.0
2014-12-03,48352.56,0.0,48352.56,0,28400.0
2014-12-04,48352.56,0.0,48352.56,0,28400.0
2014-12-05,48352.56,0.0,48352.56,0,28400.0
2014-12-06,48352.56,0.0,48352.56,0,28400.0
2014-12-07,48352.56,0.0,48352.56,0,28400.0
2014-12-08,48352.56,0.0,48352.56,0,28400.0
2014-12-09,48352.56,0.0,48352.56,0,28400.0
2014-12-10,48352.56,0.0,48352.56,0,28400.0
2014-12-11,48352.56,0.0,48352.56,0,28400.0
2014-12-12,48352.56,0.0,48352.56,0,28400.0
2014-12-13,48352.56,0.0,48352.56,0,28400.0
2014-12-14,48352.56,0.0,48352.56,0,28400.0
2014-12-15,48352.56,0.0,48352.56,0,28400.0
2014-12-16,48352.56,0.0,48352.56,0,28400.0
2014-12-17,48352.56,0.0,48352.56,0,28400.0
2014-12-18,48352.56,0.0,48352.56,0,28400.0
2014-12-19,48352.56,0.0,48352.56,0,28400.0
2014-12-20,48352.56,0.0,48352.56,0,28400.0
2014-12-21,48352.56,0.0,48352.56,0,28400.0
2014-12-22,48352.56,0.0,48352.56,0,28400.0
2014-12-23,48352.56,0.0,48352.56,0,28400.0
2014-12-24,48352.56,0.0,48352.56,0,28400.0
2014-12-25,48352.56,0.0,48352.56,0,28400.0
2014-12-26,48352.56,0.0,48352.56,0,28400.0
2014-12-27,48352.56,0.0,48352.56,0,28400.0
2014-12-28,48352.56,0.0,48352.56,0,28400.0
2014-12-29,48352.56,0.0,48352.56,0,28400.0
2014-12-30,48352.56,0.0,48352.56,0,28400.0
2014-12-31,48352.56,0.0,48352.56,0,28400.0
2015-01-01,48552.56,0.0,48552.56,0,28600.0
2015-01-02,48552.56,0.0,48552.56,0,28600.0
2015-01-03,48552.56,0.0,48552.56,0,28600.0
2015-01-04,48552.56,0.0,48552.56,0,28600.0
2015-01-05,48552.56,0.0,48552.56,0,28600.0
2015-01-06,48552.56,0.0,48552.56,0,28600.0
2015-01-07,48552.56,0.0,48552.56,0,28600.0
2015-01-08,48552.56,0.0,48552.56,0,28600.0
2015-01-09,48552.56,0.0,48552.56,0,28600.0
2015-01-10,48552.56,0.0,48552.56,0,28600.0
2015-01-11,48552.56,0.0,48552.56,0,28600.0
2015-01-12,48552.56,0.0,48552.56,0,28600.0
2015-01-13,48552.56,0.0,48552.56,0,28600.0
2015-01-14,48552.56,0.0,48552.56,0,28600.0
2015-01-15,48552.56,0.0,48552.56,0,28600.0
2015-01-16,48552.56,0.0,48552.56,0,28600.0
2015-01-17,48552.56,0.0,48552.56,0,28600.0
2015-01-18,48552.56,0.0,48552.56,0,28600.0
2015-01-19,48552.56,0.0,48552.56,0,28600.0
2015-01-20,48552.56,0.0,48552.56,0,28600.0
2015-01-21,48552.56,0.0,48552.56,0,28600.0
2015-01-22,48552.56,0.0,48552.56,0,28600.0
2015-01-23,48552.56,0.0,48552.56,0,28600.0
2015-01-24,48552.56,0.0,48552.56,0,28600.0
2015-01-25,48552.56,0.0,48552.56,0,28600.0
2015-01-26,48552.56,0.0,48552.56,0,28600.0
2015-01-27,48552.56,0.0,48552.56,0,28600.0
2015-01-28,26703.91,21848.65,48552.56,2,28600.0
2015-01-29,16993.4,31559.17,48552.56,3,28600.0
2015-01-30,0.0,48552.56,48552.56,5,28600.0
2015-01-31,0.0,48552.56,48552.56,5,28600.0
2015-02-01,200.0,48552.56,48752.56,5,28800.0
2015-02-02,200.0,48552.56,48752.56,5,28800.0
2015-02-03,8211.17,41269.68,49480.85,4,28800.0
2015-02-04,8211.17,41269.68,49480.85,4,28800.0
2015-02-05,8211.17,41269.68,49480.85,4,28800.0
2015-02-06,8211.17,41269.68,49480.85,4,28800.0
2015-02-07,8211.17,41269.68,49480.85,4,28800.0
2015-02-08,8211.17,41269.68,49480.85,4,28800.0
2015-02-09,18892.74,31559.17,50451.9,3,28800.0
2015-02-10,18892.74,31559.17,50451.9,3,28800.0
2015-02-11,18892.74,31559.17,50451.9,3,28800.0
2015-02-12,18892.74,31559.17,50451.9,3,28800.0
2015-02-13,18892.74,31559.17,50451.9,3,28800.0
2015-02-14,18892.74,31559.17,50451.9,3,28800.0
2015-02-15,18892.74,31559.17,50451.9,3,28800.0
2015-02-16,18892.74,31559.17,50451.9,3,28800.0
2015-02-17,18892.74,31559.17,50451.9,3,28800.0
2015-02-18,18892.74,31559.17,50451.9,3,28800.0
2015-02-19,18892.74,31559.17,50451.9,3,28800.0
2015-02-20,18892.74,31559.17,50451.9,3,28800.0
2015-02-21,18892.74,31559.17,50451.9,3,28800.0
2015-02-22,18892.74,31559.17,50451.9,3,28800.0
2015-02-23,18892.74,31559.17,50451.9,3,28800.0
2015-02-24,29574.3,21848.65,51422.95,2,28800.0
2015-02-25,20832.4,30590.56,51422.95,3,28800.0
2015-02-26,12090.5,39332.46,51422.95,4,28800.0
2015-02-27,12090.5,39332.46,51422.95,4,28800.0
2015-02-28,12090.5,39332.46,51422.95,4,28800.0
2015-03-01,12290.5,39332.46,51622.95,4,29000.0
2015-03-02,22701.14,29621.94,52323.08,3,29000.0
2015-03-03,22701.14,29621.94,52323.08,3,29000.0
2015-03-04,22701.14,29621.94,52323.08,3,29000.0
2015-03-05,36660.0,17483.8,54143.8,2,29000.0
2015-03-06,36660.0,17483.8,54143.8,2,29000.0
2015-03-07,36660.0,17483.8,54143.8,2,29000.0
2015-03-08,36660.0,17483.8,54143.8,2,29000.0
2015-03-09,36660.0,17483.8,54143.8,2,29000.0
2015-03-10,36660.0,17483.8,54143.8,2,29000.0
2015-03-11,36660.0,17483.8,54143.8,2,29000.0
2015-03-12,36660.0,17483.8,54143.8,2,29000.0
2015-03-13,36660.0,17483.8,54143.8,2,29000.0
2015-03-14,36660.0,17483.8,54143.8,2,29000.0
2015-03-15,36660.0,17483.8,54143.8,2,29000.0
2015-03-16,36660.0,17483.8,54143.8,2,29000.0
2015-03-17,36660.0,17483.8,54143.8,2,29000.0
2015-03-18,36660.0,17483.8,54143.8,2,29000.0
2015-03-19,36660.0,17483.8,54143.8,2,29000.0
2015-03-20,36660.0,17483.8,54143.8,2,29000.0
2015-03-21,36660.0,17483.8,54143.8,2,29000.0
2015-03-22,36660.0,17483.8,54143.8,2,29000.0
2015-03-23,36660.0,17483.8,54143.8,2,29000.0
2015-03-24,36660.0,17483.8,54143.8,2,29000.0
2015-03-25,36660.0,17483.8,54143.8,2,29000.0
2015-03-26,36660.0,17483.8,54143.8,2,29000.0
2015-03-27,36660.0,17483.8,54143.8,2,29000.0
2015-03-28,36660.0,17483.8,54143.8,2,29000.0
2015-03-29,36660.0,17483.8,54143.8,2,29000.0
2015-03-30,35708.85,19227.84,54936.69,2,29000.0
2015-03-31,35708.85,19227.84,54936.69,2,29000.0
2015-04-01,35908.85,19227.84,55136.69,2,29200.0
2015-04-02,35908.85,19227.84,55136.69,2,29200.0
2015-04-03,35908.85,19227.84,55136.69,2,29200.0
2015-04-04,35908.85,19227.84,55136.69,2,29200.0
2015-04-05,35908.85,19227.84,55136.69,2,29200.0
2015-04-06,35908.85,19227.84,55136.69,2,29200.0
2015-04-07,35908.85,19227.84,55136.69,2,29200.0
2015-04-08,35908.85,19227.84,55136.69,2,29200.0
2015-04-09,35908.85,19227.84,55136.69,2,29200.0
2015-04-10,35908.85,19227.84,55136.69,2,29200.0
2015-04-11,35908.85,19227.84,55136.69,2,29200.0
2015-04-12,35908.85,19227.84,55136.69,2,29200.0
2015-04-13,35908.85,19227.84,55136.69,2,29200.0
2015-04-14,35908.85,19227.84,55136.69,2,29200.0
2015-04-15,35908.85,19227.84,55136.69,2,29200.0
2015-04-16,35908.85,19227.84,55136.69,2,29200.0
2015-04-17,35908.85,19227.84,55136.69,2,29200.0
2015-04-18,35908.85,19227.84,55136.69,2,29200.0
2015-04-19,35908.85,19227.84,55136.69,2,29200.0
2015-04-20,35908.85,19227.84,55136.69,2,29200.0
2015-04-21,35908.85,19227.84,55136.69,2,29200.0
2015-04-22,35908.85,19227.84,55136.69,2,29200.0
2015-04-23,35908.85,19227.84,55136.69,2,29200.0
2015-04-24,27638.35,27498.35,55136.69,3,29200.0
2015-04-25,27638.35,27498.35,55136.69,3,29200.0
2015-04-26,27638.35,27498.35,55136.69,3,29200.0
2015-04-27,27638.35,27498.35,55136.69,3,29200.0
2015-04-28,18265.11,36871.58,55136.69,4,29200.0
2015-04-29,10272.98,44465.69,54738.68,5,29200.0
2015-04-30,10272.98,44465.69,54738.68,5,29200.0
2015-05-01,10472.98,44465.69,54938.68,5,29400.0
2015-05-02,10472.98,44465.69,54938.68,5,29400.0
2015-05-03,10472.98,44465.69,54938.68,5,29400.0
2015-05-04,10472.98,44465.69,54938.68,5,29400.0
2015-05-05,10472.98,44465.69,54938.68,5,29400.0
2015-05-06,10472.98,44465.69,54938.68,5,29400.0
2015-05-07,10472.98,44465.69,54938.68,5,29400.0
2015-05-08,10472.98,44465.69,54938.68,5,29400.0
2015-05-09,10472.98,44465.69,54938.68,5,29400.0
2015-05-10,10472.98,44465.69,54938.68,5,29400.0
2015-05-11,10472.98,44465.69,54938.68,5,29400.0
2015-05-12,10472.98,44465.69,54938.68,5,29400.0
2015-05-13,10472.98,44465.69,54938.68,5,29400.0
2015-05-14,10472.98,44465.69,54938.68,5,29400.0
2015-05-15,10472.98,44465.69,54938.68,5,29400.0
2015-05-16,10472.98,44465.69,54938.68,5,29400.0
2015-05-17,10472.98,44465.69,54938.68,5,29400.0
2015-05-18,10472.98,44465.69,54938.68,5,29400.0
2015-05-19,10472.98,44465.69,54938.68,5,29400.0
2015-05-20,10472.98,44465.69,54938.68,5,29400.0
2015-05-21,10472.98,44465.69,54938.68,5,29400.0
2015-05-22,10472.98,44465.69,54938.68,5,29400.0
2015-05-23,10472.98,44465.69,54938.68,5,29400.0
2015-05-24,10472.98,44465.69,54938.68,5,29400.0
2015-05-25,10472.98,44465.69,54938.68,5,29400.0
2015-05-26,18600.41,36195.19,54795.6,4,29400.0
2015-05-27,18600.41,36195.19,54795.6,4,29400.0
2015-05-28,8860.99,46035.84,54896.83,5,29400.0
2015-05-29,25198.15,30316.9,55515.05,3,29400.0
2015-05-30,25198.15,30316.9,55515.05,3,29400.0
2015-05-31,25198.15,30316.9,55515.05,3,29400.0
2015-06-01,25398.15,30316.9,55715.05,3,29600.0
2015-06-02,25398.15,30316.9,55715.05,3,29600.0
2015-06-03,25398.15,30316.9,55715.05,3,29600.0
2015-06-04,25398.15,30316.9,55715.05,3,29600.0
2015-06-05,25398.15,30316.9,55715.05,3,29600.0
2015-06-06,25398.15,30316.9,55715.05,3,29600.0
2015-06-07,25398.15,30316.9,55715.05,3,29600.0
2015-06-08,25398.15,30316.9,55715.05,3,29600.0
2015-06-09,25398.15,30316.9,55715.05,3,29600.0
2015-06-10,34456.12,22082.37,56538.5,2,29600.0
2015-06-11,34456.12,22082.37,56538.5,2,29600.0
2015-06-12,34456.12,22082.37,56538.5,2,29600.0
2015-06-13,34456.12,22082.37,56538.5,2,29600.0
2015-06-14,34456.12,22082.37,56538.5,2,29600.0
2015-06-15,34456.12,22082.37,56538.5,2,29600.0
2015-06-16,34456.12,22082.37,56538.5,2,29600.0
2015-06-17,34456.12,22082.37,56538.5,2,29600.0
2015-06-18,34456.12,22082.37,56538.5,2,29600.0
2015-06-19,34456.12,22082.37,56538.5,2,29600.0
2015-06-20,34456.12,22082.37,56538.5,2,29600.0
2015-06-21,34456.12,22082.37,56538.5,2,29600.0
2015-06-22,34456.12,22082.37,56538.5,2,29600.0
2015-06-23,34456.12,22082.37,56538.5,2,29600.0
2015-06-24,34456.12,22082.37,56538.5,2,29600.0
2015-06-25,34456.12,22082.37,56538.5,2,29600.0
2015-06-26,34456.12,22082.37,56538.5,2,29600.0
2015-06-27,34456.12,22082.37,56538.5,2,29600.0
2015-06-28,34456.12,22082.37,56538.5,2,29600.0
2015-06-29,55199.46,0.0,55199.46,0,29600.0
2015-06-30,55199.46,0.0,55199.46,0,29600.0
2015-07-01,55399.46,0.0,55399.46,0,29800.0
2015-07-02,55399.46,0.0,55399.46,0,29800.0
2015-07-03,55399.46,0.0,55399.46,0,29800.0
2015-07-04,55399.46,0.0,55399.46,0,29800.0
2015-07-05,55399.46,0.0,55399.46,0,29800.0
2015-07-06,55399.46,0.0,55399.46,0,29800.0
2015-07-07,55399.46,0.0,55399.46,0,29800.0
2015-07-08,55399.46,0.0,55399.46,0,29800.0
2015-07-09,55399.46,0.0,55399.46,0,29800.0
2015-07-10,55399.46,0.0,55399.46,0,29800.0
2015-07-11,55399.46,0.0,55399.46,0,29800.0
2015-07-12,55399.46,0.0,55399.46,0,29800.0
2015-07-13,55399.46,0.0,55399.46,0,29800.0
2015-07-14,55399.46,0.0,55399.46,0,29800.0
2015-07-15,55399.46,0.0,55399.46,0,29800.0
2015-07-16,55399.46,0.0,55399.46,0,29800.0
2015-07-17,55399.46,0.0,55399.46,0,29800.0
2015-07-18,55399.46,0.0,55399.46,0,29800.0
2015-07-19,55399.46,0.0,55399.46,0,29800.0
2015-07-20,55399.46,0.0,55399.46,0,29800.0
2015-07-21,55399.46,0.0,55399.46,0,29800.0
2015-07-22,55399.46,0.0,55399.46,0,29800.0
2015-07-23,55399.46,0.0,55399.46,0,29800.0
2015-07-24,55399.46,0.0,55399.46,0,29800.0
2015-07-25,55399.46,0.0,55399.46,0,29800.0
2015-07-26,55399.46,0.0,55399.46,0,29800.0
2015-07-27,22159.78,33239.67,55399.46,3,29800.0
2015-07-28,0.0,55399.46,55399.46,6,29800.0
2015-07-29,0.0,55399.46,55399.46,6,29800.0
2015-07-30,0.0,55399.46,55399.46,6,29800.0
2015-07-31,0.0,55399.46,55399.46,6,29800.0
2015-08-01,200.0,55399.46,55599.46,6,30000.0
2015-08-02,200.0,55399.46,55599.46,6,30000.0
2015-08-03,200.0,55399.46,55599.46,6,30000.0
2015-08-04,200.0,55399.46,55599.46,6,30000.0
2015-08-05,12387.88,44319.57,56707.45,5,30000.0
2015-08-06,12387.88,44319.57,56707.45,5,30000.0
2015-08-07,12387.88,44319.57,56707.45,5,30000.0
2015-08-08,12387.88,44319.57,56707.45,5,30000.0
2015-08-09,12387.88,44319.57,56707.45,5,30000.0
2015-08-10,12387.88,44319.57,56707.45,5,30000.0
2015-08-11,12387.88,44319.57,56707.45,5,30000.0
2015-08-12,12387.88,44319.57,56707.45,5,30000.0
2015-08-13,12387.88,44319.57,56707.45,5,30000.0
2015-08-14,12387.88,44319.57,56707.45,5,30000.0
2015-08-15,12387.88,44319.57,56707.45,5,30000.0
2015-08-16,12387.88,44319.57,56707.45,5,30000.0
2015-08-17,12387.88,44319.57,56707.45,5,30000.0
2015-08-18,12387.88,44319.57,56707.45,5,30000.0
2015-08-19,12387.88,44319.57,56707.45,5,30000.0
2015-08-20,12387.88,44319.57,56707.45,5,30000.0
2015-08-21,12387.88,44319.57,56707.45,5,30000.0
2015-08-22,12387.88,44319.57,56707.45,5,30000.0
2015-08-23,12387.88,44319.57,56707.45,5,30000.0
2015-08-24,8580.72,45772.25,54352.97,5,30000.0
2015-08-25,0.0,54352.97,54352.97,7,30000.0
2015-08-26,0.0,52382.96,52382.96,8,30000.0
2015-08-27,5245.83,49706.99,54952.82,7,30000.0
2015-08-28,0.0,54952.82,54952.82,8,30000.0
2015-08-29,0.0,54952.82,54952.82,8,30000.0
2015-08-30,0.0,54952.82,54952.82,8,30000.0
2015-08-31,0.0,55477.41,55477.41,8,30000.0
2015-09-01,200.0,55477.41,55677.41,8,30200.0
2015-09-02,200.0,55477.41,55677.41,8,30200.0
2015-09-03,15190.65,41849.55,57040.19,6,30200.0
2015-09-04,15190.65,41849.55,57040.19,6,30200.0
2015-09-05,15190.65,41849.55,57040.19,6,30200.0
2015-09-06,15190.65,41849.55,57040.19,6,30200.0
2015-09-07,15190.65,41849.55,57040.19,6,30200.0
2015-09-08,15190.65,41849.55,57040.19,6,30200.0
2015-09-09,15190.65,41849.55,57040.19,6,30200.0
2015-09-10,15190.65,41849.55,57040.19,6,30200.0
2015-09-11,15190.65,41849.55,57040.19,6,30200.0
2015-09-12,15190.65,41849.55,57040.19,6,30200.0
2015-09-13,15190.65,41849.55,57040.19,6,30200.0
2015-09-14,15190.65,41849.55,57040.19,6,30200.0
2015-09-15,15190.65,41849.55,57040.19,6,30200.0
2015-09-16,15190.65,41849.55,57040.19,6,30200.0
2015-09-17,15190.65,41849.55,57040.19,6,30200.0
2015-09-18,15190.65,41849.55,57040.19,6,30200.0
2015-09-19,15190.65,41849.55,57040.19,6,30200.0
2015-09-20,15190.65,41849.55,57040.19,6,30200.0
2015-09-21,15190.65,41849.55,57040.19,6,30200.0
2015-09-22,15190.65,41849.55,57040.19,6,30200.0
2015-09-23,15190.65,41849.55,57040.19,6,30200.0
2015-09-24,15605.5,41421.77,57027.27,5,30200.0
2015-09-25,17430.25,39566.03,56996.28,4,30200.0
2015-09-26,17430.25,39566.03,56996.28,4,30200.0
2015-09-27,17430.25,39566.03,56996.28,4,30200.0
2015-09-28,55251.2,0.0,55251.2,0,30200.0
2015-09-29,55251.2,0.0,55251.2,0,30200.0
2015-09-30,55251.2,0.0,55251.2,0,30200.0
2015-10-01,55451.2,0.0,55451.2,0,30400.0
2015-10-02,55451.2,0.0,55451.2,0,30400.0
2015-10-03,55451.2,0.0,55451.2,0,30400.0
2015-10-04,55451.2,0.0,55451.2,0,30400.0
2015-10-05,55451.2,0.0,55451.2,0,30400.0
2015-10-06,55451.2,0.0,55451.2,0,30400.0
2015-10-07,55451.2,0.0,55451.2,0,30400.0
2015-10-08,55451.2,0.0,55451.2,0,30400.0
2015-10-09,55451.2,0.0,55451.2,0,30400.0
2015-10-10,55451.2,0.0,55451.2,0,30400.0
2015-10-11,55451.2,0.0,55451.2,0,30400.0
2015-10-12,55451.2,0.0,55451.2,0,30400.0
2015-10-13,55451.2,0.0,55451.2,0,30400.0
2015-10-14,55451.2,0.0,55451.2,0,30400.0
2015-10-15,55451.2,0.0,55451.2,0,30400.0
2015-10-16,55451.2,0.0,55451.2,0,30400.0
2015-10-17,55451.2,0.0,55451.2,0,30400.0
2015-10-18,55451.2,0.0,55451.2,0,30400.0
2015-10-19,55451.2,0.0,55451.2,0,30400.0
2015-10-20,55451.2,0.0,55451.2,0,30400.0
2015-10-21,55451.2,0.0,55451.2,0,30400.0
2015-10-22,55451.2,0.0,55451.2,0,30400.0
2015-10-23,55451.2,0.0,55451.2,0,30400.0
2015-10-24,55451.2,0.0,55451.2,0,30400.0
2015-10-25,55451.2,0.0,55451.2,0,30400.0
2015-10-26,55451.2,0.0,55451.2,0,30400.0
2015-10-27,55451.2,0.0,55451.2,0,30400.0
2015-10-28,55451.2,0.0,55451.2,0,30400.0
2015-10-29,55451.2,0.0,55451.2,0,30400.0
2015-10-30,55451.2,0.0,55451.2,0,30400.0
2015-10-31,55451.2,0.0,55451.2,0,30400.0
2015-11-01,55651.2,0.0,55651.2,0,30600.0
2015-11-02,55651.2,0.0,55651.2,0,30600.0
2015-11-03,55651.2,0.0,55651.2,0,30600.0
2015-11-04,55651.2,0.0,55651.2,0,30600.0
2015-11-05,55651.2,0.0,55651.2,0,30600.0
2015-11-06,55651.2,0.0,55651.2,0,30600.0
2015-11-07,55651.2,0.0,55651.2,0,30600.0
2015-11-08,55651.2,0.0,55651.2,0,30600.0
2015-11-09,55651.2,0.0,55651.2,0,30600.0
2015-11-10,55651.2,0.0,55651.2,0,30600.0
2015-11-11,55651.2,0.0,55651.2,0,30600.0
2015-11-12,55651.2,0.0,55651.2,0,30600.0
2015-11-13,55651.2,0.0,55651.2,0,30600.0
2015-11-14,55651.2,0.0,55651.2,0,30600.0
2015-11-15,55651.2,0.0,55651.2,0,30600.0
2015-11-16,55651.2,0.0,55651.2,0,30600.0
2015-11-17,55651.2,0.0,55651.2,0,30600.0
2015-11-18,55651.2,0.0,55651.2,0,30600.0
2015-11-19,55651.2,0.0,55651.2,0,30600.0
2015-11-20,55651.2,0.0,55651.2,0,30600.0
2015-11-21,55651.2,0.0,55651.2,0,30600.0
2015-11-22,55651.2,0.0,55651.2,0,30600.0
2015-11-23,55651.2,0.0,55651.2,0,30600.0
2015-11-24,55651.2,0.0,55651.2,0,30600.0
2015-11-25,55651.2,0.0,55651.2,0,30600.0
2015-11-26,55651.2,0.0,55651.2,0,30600.0
2015-11-27,55651.2,0.0,55651.2,0,30600.0
2015-11-28,55651.2,0.0,55651.2,0,30600.0
2015-11-29,55651.2,0.0,55651.2,0,30600.0
2015-11-30,55651.2,0.0,55651.2,0,30600.0
2015-12-01,55851.2,0.0,55851.2,0,30800.0
2015-12-02,55851.2,0.0,55851.2,0,30800.0
2015-12-03,55851.2,0.0,55851.2,0,30800.0
2015-12-04,55851.2,0.0,55851.2,0,30800.0
2015-12-05,55851.2,0.0,55851.2,0,30800.0
2015-12-06,55851.2,0.0,55851.2,0,30800.0
2015-12-07,55851.2,0.0,55851.2,0,30800.0
2015-12-08,55851.2,0.0,55851.2,0,30800.0
2015-12-09,55851.2,0.0,55851.2,0,30800.0
2015-12-10,55851.2,0.0,55851.2,0,30800.0
2015-12-11,55851.2,0.0,55851.2,0,30800.0
2015-12-12,55851.2,0.0,55851.2,0,30800.0
2015-12-13,55851.2,0.0,55851.2,0,30800.0
2015-12-14,55851.2,0.0,55851.2,0,30800.0
2015-12-15,55851.2,0.0,55851.2,0,30800.0
2015-12-16,55851.2,0.0,55851.2,0,30800.0
2015-12-17,55851.2,0.0,55851.2,0,30800.0
2015-12-18,55851.2,0.0,55851.2,0,30800.0
2015-12-19,55851.2,0.0,55851.2,0,30800.0
2015-12-20,55851.2,0.0,55851.2,0,30800.0
2015-12-21,55851.2,0.0,55851.2,0,30800.0
2015-12-22,39095.84,16755.36,55851.2,2,30800.0
2015-12-23,39095.84,16755.36,55851.2,2,30800.0
2015-12-24,39095.84,16755.36,55851.2,2,30800.0
2015-12-25,39095.84,16755.36,55851.2,2,30800.0
2015-12-26,39095.84,16755.36,55851.2,2,30800.0
2015-12-27,39095.84,16755.36,55851.2,2,30800.0
2015-12-28,7260.66,48590.55,55851.2,5,30800.0
2015-12-29,9863.32,47104.9,56968.23,5,30800.0
2015-12-30,0.0,56968.23,56968.23,6,30800.0
2015-12-31,0.0,56968.23,56968.23,6,30800.0
2016-01-01,200.0,56968.23,57168.23,6,31000.0
2016-01-02,200.0,56968.23,57168.23,6,31000.0
2016-01-03,200.0,56968.23,57168.23,6,31000.0
2016-01-04,200.0,56968.23,57168.23,6,31000.0
2016-01-05,200.0,56968.23,57168.23,6,31000.0
2016-01-06,200.0,56968.23,57168.23,6,31000.0
2016-01-07,200.0,56968.23,57168.23,6,31000.0
2016-01-08,200.0,56968.23,57168.23,6,31000.0
2016-01-09,200.0,56968.23,57168.23,6,31000.0
2016-01-10,200.0,56968.23,57168.23,6,31000.0
2016-01-11,200.0,56968.23,57168.23,6,31000.0
2016-01-12,200.0,56968.23,57168.23,6,31000.0
2016-01-13,200.0,56968.23,57168.23,6,31000.0
2016-01-14,200.0,56968.23,57168.23,6,31000.0
2016-01-15,200.0,56968.23,57168.23,6,31000.0
2016-01-16,200.0,56968.23,57168.23,6,31000.0
2016-01-17,200.0,56968.23,57168.23,6,31000.0
2016-01-18,200.0,56968.23,57168.23,6,31000.0
2016-01-19,7321.03,47473.52,54794.55,5,31000.0
2016-01-20,7321.03,47473.52,54794.55,5,31000.0
2016-01-21,22901.0,30718.16,53619.16,3,31000.0
2016-01-22,9496.21,44122.95,53619.16,4,31000.0
2016-01-23,9496.21,44122.95,53619.16,4,31000.0
2016-01-24,9496.21,44122.95,53619.16,4,31000.0
2016-01-25,9496.21,44122.95,53619.16,4,31000.0
2016-01-26,9496.21,44122.95,53619.16,4,31000.0
2016-01-27,0.0,53305.28,53305.28,5,31000.0
2016-01-28,0.0,52456.91,52456.91,5,31000.0
2016-01-29,0.0,53129.25,53129.25,6,31000.0
2016-01-30,0.0,53129.25,53129.25,6,31000.0
2016-01-31,0.0,53129.25,53129.25,6,31000.0
2016-02-01,200.0,53129.25,53329.25,6,31200.0
2016-02-02,200.0,53129.25,53329.25,6,31200.0
2016-02-03,200.0,53129.25,53329.25,6,31200.0
2016-02-04,200.0,53129.25,53329.25,6,31200.0
2016-02-05,200.0,53129.25,53329.25,6,31200.0
2016-02-06,200.0,53129.25,53329.25,6,31200.0
2016-02-07,200.0,53129.25,53329.25,6,31200.0
2016-02-08,200.0,53129.25,53329.25,6,31200.0
2016-02-09,200.0,53129.25,53329.25,6,31200.0
2016-02-10,200.0,53129.25,53329.25,6,31200.0
2016-02-11,200.0,53129.25,53329.25,6,31200.0
2016-02-12,200.0,53129.25,53329.25,6,31200.0
2016-02-13,200.0,53129.25,53329.25,6,31200.0
2016-02-14,200.0,53129.25,53329.25,6,31200.0
2016-02-15,200.0,53129.25,53329.25,6,31200.0
2016-02-16,14532.62,40772.47,55305.1,5,31200.0
2016-02-17,24252.47,31936.25,56188.72,4,31200.0
2016-02-18,24252.47,31936.25,56188.72,4,31200.0
2016-02-19,24252.47,31936.25,56188.72,4,31200.0
2016-02-20,24252.47,31936.25,56188.72,4,31200.0
2016-02-21,24252.47,31936.25,56188.72,4,31200.0
2016-02-22,24252.47,31936.25,56188.72,4,31200.0
2016-02-23,24252.47,31936.25,56188.72,4,31200.0
2016-02-24,24252.47,31936.25,56188.72,4,31200.0
2016-02-25,24252.47,31936.25,56188.72,4,31200.0
2016-02-26,24252.47,31936.25,56188.72,4,31200.0
2016-02-27,24252.47,31936.25,56188.72,4,31200.0
2016-02-28,24252.47,31936.25,56188.72,4,31200.0
2016-02-29,42923.59,13404.79,56328.38,1,31200.0
2016-03-01,43123.59,13404.79,56528.38,1,31400.0
2016-03-02,43123.59,13404.79,56528.38,1,31400.0
2016-03-03,43123.59,13404.79,56528.38,1,31400.0
2016-03-04,43123.59,13404.79,56528.38,1,31400.0
2016-03-05,43123.59,13404.79,56528.38,1,31400.0
2016-03-06,43123.59,13404.79,56528.38,1,31400.0
2016-03-07,43123.59,13404.79,56528.38,1,31400.0
2016-03-08,43123.59,13404.79,56528.38,1,31400.0
2016-03-09,43123.59,13404.79,56528.38,1,31400.0
2016-03-10,43123.59,13404.79,56528.38,1,31400.0
2016-03-11,43123.59,13404.79,56528.38,1,31400.0
2016-03-12,43123.59,13404.79,56528.38,1,31400.0
2016-03-13,43123.59,13404.79,56528.38,1,31400.0
2016-03-14,43123.59,13404.79,56528.38,1,31400.0
2016-03-15,43123.59,13404.79,56528.38,1,31400.0
2016-03-16,43123.59,13404.79,56528.38,1,31400.0
2016-03-17,43123.59,13404.79,56528.38,1,31400.0
2016-03-18,43123.59,13404.79,56528.38,1,31400.0
2016-03-19,43123.59,13404.79,56528.38,1,31400.0
2016-03-20,43123.59,13404.79,56528.38,1,31400.0
2016-03-21,43123.59,13404.79,56528.38,1,31400.0
2016-03-22,43123.59,13404.79,56528.38,1,31400.0
2016-03-23,43123.59,13404.79,56528.38,1,31400.0
2016-03-24,43123.59,13404.79,56528.38,1,31400.0
2016-03-25,43123.59,13404.79,56528.38,1,31400.0
2016-03-26,43123.59,13404.79,56528.38,1,31400.0
2016-03-27,43123.59,13404.79,56528.38,1,31400.0
2016-03-28,33513.77,23014.62,56528.38,2,31400.0
2016-03-29,33513.77,23014.62,56528.38,2,31400.0
2016-03-30,33513.77,23014.62,56528.38,2,31400.0
2016-03-31,33513.77,23014.62,56528.38,2,31400.0
2016-04-01,33713.77,23014.62,56728.38,2,31600.0
2016-04-02,33713.77,23014.62,56728.38,2,31600.0
2016-04-03,33713.77,23014.62,56728.38,2,31600.0
2016-04-04,33713.77,23014.62,56728.38,2,31600.0
2016-04-05,33713.77,23014.62,56728.38,2,31600.0
2016-04-06,33713.77,23014.62,56728.38,2,31600.0
2016-04-07,33713.77,23014.62,56728.38,2,31600.0
2016-04-08,33713.77,23014.62,56728.38,2,31600.0
2016-04-09,33713.77,23014.62,56728.38,2,31600.0
2016-04-10,33713.77,23014.62,56728.38,2,31600.0
2016-04-11,33713.77,23014.62,56728.38,2,31600.0
2016-04-12,33713.77,23014.62,56728.38,2,31600.0
2016-04-13,33713.77,23014.62,56728.38,2,31600.0
2016-04-14,33713.77,23014.62,56728.38,2,31600.0
2016-04-15,33713.77,23014.62,56728.38,2,31600.0
2016-04-16,33713.77,23014.62,56728.38,2,31600.0
2016-04-17,33713.77,23014.62,56728.38,2,31600.0
2016-04-18,33713.77,23014.62,56728.38,2,31600.0
2016-04-19,33713.77,23014.62,56728.38,2,31600.0
2016-04-20,33713.77,23014.62,56728.38,2,31600.0
2016-04-21,33713.77,23014.62,56728.38,2,31600.0
2016-04-22,49129.28,9609.83,58739.1,1,31600.0
2016-04-23,49129.28,9609.83,58739.1,1,31600.0
2016-04-24,49129.28,9609.83,58739.1,1,31600.0
2016-04-25,49129.28,9609.83,58739.1,1,31600.0
2016-04-26,40318.41,18420.69,58739.1,2,31600.0
2016-04-27,41934.21,17765.88,59700.08,2,31600.0
2016-04-28,29994.19,29705.89,59700.08,3,31600.0
2016-04-29,29994.19,29705.89,59700.08,3,31600.0
2016-04-30,29994.19,29705.89,59700.08,3,31600.0
2016-05-01,30194.19,29705.89,59900.08,3,31800.0
2016-05-02,30194.19,29705.89,59900.08,3,31800.0
2016-05-03,30194.19,29705.89,59900.08,3,31800.0
2016-05-04,30194.19,29705.89,59900.08,3,31800.0
2016-05-05,30194.19,29705.89,59900.08,3,31800.0
2016-05-06,30194.19,29705.89,59900.08,3,31800.0
2016-05-07,30194.19,29705.89,59900.08,3,31800.0
2016-05-08,30194.19,29705.89,59900.08,3,31800.0
2016-05-09,30194.19,29705.89,59900.08,3,31800.0
2016-05-10,30194.19,29705.89,59900.08,3,31800.0
2016-05-11,30194.19,29705.89,59900.08,3,31800.0
2016-05-12,30194.19,29705.89,59900.08,3,31800.0
2016-05-13,30194.19,29705.89,59900.08,3,31800.0
2016-05-14,30194.19,29705.89,59900.08,3,31800.0
2016-05-15,30194.19,29705.89,59900.08,3,31800.0
2016-05-16,30194.19,29705.89,59900.08,3,31800.0
2016-05-17,30194.19,29705.89,59900.08,3,31800.0
2016-05-18,30194.19,29705.89,59900.08,3,31800.0
2016-05-19,30194.19,29705.89,59900.08,3,31800.0
2016-05-20,30194.19,29705.89,59900.08,3,31800.0
2016-05-21,30194.19,29705.89,59900.08,3,31800.0
2016-05-22,30194.19,29705.89,59900.08,3,31800.0
2016-05-23,30194.19,29705.89,59900.08,3,31800.0
2016-05-24,30194.19,29705.89,59900.08,3,31800.0
2016-05-25,30194.19,29705.89,59900.08,3,31800.0
2016-05-26,38979.5,20895.03,59874.53,2,31800.0
2016-05-27,47063.19,11940.02,59003.21,1,31800.0
2016-05-28,47063.19,11940.02,59003.21,1,31800.0
2016-05-29,47063.19,11940.02,59003.21,1,31800.0
2016-05-30,47063.19,11940.02,59003.21,1,31800.0
2016-05-31,23263.62,34895.43,58159.05,3,31800.0
2016-06-01,23463.62,34895.43,58359.05,3,32000.0
2016-06-02,23463.62,34895.43,58359.05,3,32000.0
2016-06-03,23463.62,34895.43,58359.05,3,32000.0
2016-06-04,23463.62,34895.43,58359.05,3,32000.0
2016-06-05,23463.62,34895.43,58359.05,3,32000.0
2016-06-06,23463.62,34895.43,58359.05,3,32000.0
2016-06-07,23463.62,34895.43,58359.05,3,32000.0
2016-06-08,23463.62,34895.43,58359.05,3,32000.0
2016-06-09,23463.62,34895.43,58359.05,3,32000.0
2016-06-10,23463.62,34895.43,58359.05,3,32000.0
2016-06-11,23463.62,34895.43,58359.05,3,32000.0
2016-06-12,23463.62,34895.43,58359.05,3,32000.0
2016-06-13,23463.62,34895.43,58359.05,3,32000.0
2016-06-14,23463.62,34895.43,58359.05,3,32000.0
2016-06-15,23463.62,34895.43,58359.05,3,32000.0
2016-06-16,23463.62,34895.43,58359.05,3,32000.0
2016-06-17,23463.62,34895.43,58359.05,3,32000.0
2016-06-18,23463.62,34895.43,58359.05,3,32000.0
2016-06-19,23463.62,34895.43,58359.05,3,32000.0
2016-06-20,23463.62,34895.43,58359.05,3,32000.0
2016-06-21,23463.62,34895.43,58359.05,3,32000.0
2016-06-22,23463.62,34895.43,58359.05,3,32000.0
2016-06-23,26139.83,33382.4,59522.23,3,32000.0
2016-06-24,26139.83,33382.4,59522.23,3,32000.0
2016-06-25,26139.83,33382.4,59522.23,3,32000.0
2016-06-26,26139.83,33382.4,59522.23,3,32000.0
2016-06-27,17211.5,42310.73,59522.23,4,32000.0
2016-06-28,0.0,59522.23,59522.23,6,32000.0
2016-06-29,9821.17,50593.9,60415.07,5,32000.0
2016-06-30,8947.38,51515.38,60462.76,5,32000.0
2016-07-01,9147.38,51515.38,60662.76,5,32200.0
2016-07-02,9147.38,51515.38,60662.76,5,32200.0
2016-07-03,9147.38,51515.38,60662.76,5,32200.0
2016-07-04,9147.38,51515.38,60662.76,5,32200.0
2016-07-05,9147.38,51515.38,60662.76,5,32200.0
2016-07-06,9147.38,51515.38,60662.76,5,32200.0
2016-07-07,9147.38,51515.38,60662.76,5,32200.0
2016-07-08,9147.38,51515.38,60662.76,5,32200.0
2016-07-09,9147.38,51515.38,60662.76,5,32200.0
2016-07-10,9147.38,51515.38,60662.76,5,32200.0
2016-07-11,9147.38,51515.38,60662.76,5,32200.0
2016-07-12,28494.18,34303.88,62798.06,3,32200.0
2016-07-13,28494.18,34303.88,62798.06,3,32200.0
2016-07-14,28494.18,34303.88,62798.06,3,32200.0
2016-07-15,28494.18,34303.88,62798.06,3,32200.0
2016-07-16,28494.18,34303.88,62798.06,3,32200.0
2016-07-17,28494.18,34303.88,62798.06,3,32200.0
2016-07-18,28494.18,34303.88,62798.06,3,32200.0
2016-07-19,28494.18,34303.88,62798.06,3,32200.0
2016-07-20,28494.18,34303.88,62798.06,3,32200.0
2016-07-21,28494.18,34303.88,62798.06,3,32200.0
2016-07-22,28494.18,34303.88,62798.06,3,32200.0
2016-07-23,28494.18,34303.88,62798.06,3,32200.0
2016-07-24,28494.18,34303.88,62798.06,3,32200.0
2016-07-25,38123.21,24185.1,62308.31,2,32200.0
2016-07-26,38123.21,24185.1,62308.31,2,32200.0
2016-07-27,51425.02,12092.55,63517.57,1,32200.0
2016-07-28,51425.02,12092.55,63517.57,1,32200.0
2016-07-29,51425.02,12092.55,63517.57,1,32200.0
2016-07-30,51425.02,12092.55,63517.57,1,32200.0
2016-07-31,51425.02,12092.55,63517.57,1,32200.0
2016-08-01,64503.59,0.0,64503.59,0,32400.0
2016-08-02,64503.59,0.0,64503.59,0,32400.0
2016-08-03,64503.59,0.0,64503.59,0,32400.0
2016-08-04,64503.59,0.0,64503.59,0,32400.0
2016-08-05,64503.59,0.0,64503.59,0,32400.0
2016-08-06,64503.59,0.0,64503.59,0,32400.0
2016-08-07,64503.59,0.0,64503.59,0,32400.0
2016-08-08,64503.59,0.0,64503.59,0,32400.0
2016-08-09,64503.59,0.0,64503.59,0,32400.0
2016-08-10,64503.59,0.0,64503.59,0,32400.0
2016-08-11,64503.59,0.0,64503.59,0,32400.0
2016-08-12,64503.59,0.0,64503.59,0,32400.0
2016-08-13,64503.59,0.0,64503.59,0,32400.0
2016-08-14,64503.59,0.0,64503.59,0,32400.0
2016-08-15,64503.59,0.0,64503.59,0,32400.0
2016-08-16,64503.59,0.0,64503.59,0,32400.0
2016-08-17,64503.59,0.0,64503.59,0,32400.0
2016-08-18,64503.59,0.0,64503.59,0,32400.0
2016-08-19,64503.59,0.0,64503.59,0,32400.0
2016-08-20,64503.59,0.0,64503.59,0,32400.0
2016-08-21,64503.59,0.0,64503.59,0,32400.0
2016-08-22,64503.59,0.0,64503.59,0,32400.0
2016-08-23,64503.59,0.0,64503.59,0,32400.0
2016-08-24,64503.59,0.0,64503.59,0,32400.0
2016-08-25,64503.59,0.0,64503.59,0,32400.0
2016-08-26,64503.59,0.0,64503.59,0,32400.0
2016-08-27,64503.59,0.0,64503.59,0,32400.0
2016-08-28,64503.59,0.0,64503.59,0,32400.0
2016-08-29,51602.87,12900.72,64503.59,1,32400.0
2016-08-30,41927.33,22576.26,64503.59,2,32400.0
2016-08-31,29026.61,35476.97,64503.59,3,32400.0
2016-09-01,29226.61,35476.97,64703.59,3,32600.0
2016-09-02,29226.61,35476.97,64703.59,3,32600.0
2016-09-03,29226.61,35476.97,64703.59,3,32600.0
2016-09-04,29226.61,35476.97,64703.59,3,32600.0
2016-09-05,29226.61,35476.97,64703.59,3,32600.0
2016-09-06,29226.61,35476.97,64703.59,3,32600.0
2016-09-07,29226.61,35476.97,64703.59,3,32600.0
2016-09-08,29226.61,35476.97,64703.59,3,32600.0
2016-09-09,29226.61,35476.97,64703.59,3,32600.0
2016-09-10,29226.61,35476.97,64703.59,3,32600.0
2016-09-11,29226.61,35476.97,64703.59,3,32600.0
2016-09-12,29226.61,35476.97,64703.59,3,32600.0
2016-09-13,29226.61,35476.97,64703.59,3,32600.0
2016-09-14,29226.61,35476.97,64703.59,3,32600.0
2016-09-15,29226.61,35476.97,64703.59,3,32600.0
2016-09-16,29226.61,35476.97,64703.59,3,32600.0
2016-09-17,29226.61,35476.97,64703.59,3,32600.0
2016-09-18,29226.61,35476.97,64703.59,3,32600.0
2016-09-19,29226.61,35476.97,64703.59,3,32600.0
2016-09-20,29226.61,35476.97,64703.59,3,32600.0
2016-09-21,29226.61,35476.97,64703.59,3,32600.0
2016-09-22,29226.61,35476.97,64703.59,3,32600.0
2016-09-23,29226.61,35476.97,64703.59,3,32600.0
2016-09-24,29226.61,35476.97,64703.59,3,32600.0
2016-09-25,29226.61,35476.97,64703.59,3,32600.0
2016-09-26,16285.9,48417.69,64703.59,4,32600.0
2016-09-27,16285.9,48417.69,64703.59,4,32600.0
2016-09-28,0.0,65222.19,65222.19,6,32600.0
2016-09-29,10150.61,55546.66,65697.26,5,32600.0
2016-09-30,38467.5,30225.9,68693.4,3,32600.0
2016-10-01,38667.5,30225.9,68893.4,3,32800.0
2016-10-02,38667.5,30225.9,68893.4,3,32800.0
2016-10-03,38667.5,30225.9,68893.4,3,32800.0
2016-10-04,38667.5,30225.9,68893.4,3,32800.0
2016-10-05,38667.5,30225.9,68893.4,3,32800.0
2016-10-06,38667.5,30225.9,68893.4,3,32800.0
2016-10-07,38667.5,30225.9,68893.4,3,32800.0
2016-10-08,38667.5,30225.9,68893.4,3,32800.0
2016-10-09,38667.5,30225.9,68893.4,3,32800.0
2016-10-10,38667.5,30225.9,68893.4,3,32800.0
2016-10-11,38667.5,30225.9,68893.4,3,32800.0
2016-10-12,38667.5,30225.9,68893.4,3,32800.0
2016-10-13,38667.5,30225.9,68893.4,3,32800.0
2016-10-14,38667.5,30225.9,68893.4,3,32800.0
2016-10-15,38667.5,30225.9,68893.4,3,32800.0
2016-10-16,38667.5,30225.9,68893.4,3,32800.0
2016-10-17,38667.5,30225.9,68893.4,3,32800.0
2016-10-18,38667.5,30225.9,68893.4,3,32800.0
2016-10-19,38667.5,30225.9,68893.4,3,32800.0
2016-10-20,38667.5,30225.9,68893.4,3,32800.0
2016-10-21,38667.5,30225.9,68893.4,3,32800.0
2016-10-22,38667.5,30225.9,68893.4,3,32800.0
2016-10-23,38667.5,30225.9,68893.4,3,32800.0
2016-10-24,38667.5,30225.9,68893.4,3,32800.0
2016-10-25,38667.5,30225.9,68893.4,3,32800.0
2016-10-26,21444.15,47449.25,68893.4,4,32800.0
2016-10-27,0.0,68893.4,68893.4,6,32800.0
2016-10-28,9064.11,59213.08,68277.2,5,32800.0
2016-10-29,9064.11,59213.08,68277.2,5,32800.0
2016-10-30,9064.11,59213.08,68277.2,5,32800.0
2016-10-31,7049.44,60370.46,67419.9,5,32800.0
2016-11-01,7249.44,60370.46,67619.9,5,33000.0
2016-11-02,7249.44,60370.46,67619.9,5,33000.0
2016-11-03,7249.44,60370.46,67619.9,5,33000.0
2016-11-04,7249.44,60370.46,67619.9,5,33000.0
2016-11-05,7249.44,60370.46,67619.9,5,33000.0
2016-11-06,7249.44,60370.46,67619.9,5,33000.0
2016-11-07,7249.44,60370.46,67619.9,5,33000.0
2016-11-08,7249.44,60370.46,67619.9,5,33000.0
2016-11-09,7249.44,60370.46,67619.9,5,33000.0
2016-11-10,39663.82,31685.73,71349.54,3,33000.0
2016-11-11,50929.55,21444.15,72373.7,2,33000.0
2016-11-12,50929.55,21444.15,72373.7,2,33000.0
2016-11-13,50929.55,21444.15,72373.7,2,33000.0
2016-11-14,63812.62,9732.27,73544.89,1,33000.0
2016-11-15,63812.62,9732.27,73544.89,1,33000.0
2016-11-16,63812.62,9732.27,73544.89,1,33000.0
2016-11-17,63812.62,9732.27,73544.89,1,33000.0
2016-11-18,63812.62,9732.27,73544.89,1,33000.0
2016-11-19,63812.62,9732.27,73544.89,1,33000.0
2016-11-20,63812.62,9732.27,73544.89,1,33000.0
2016-11-21,63812.62,9732.27,73544.89,1,33000.0
2016-11-22,63812.62,9732.27,73544.89,1,33000.0
2016-11-23,63812.62,9732.27,73544.89,1,33000.0
2016-11-24,63812.62,9732.27,73544.89,1,33000.0
2016-11-25,63812.62,9732.27,73544.89,1,33000.0
2016-11-26,63812.62,9732.27,73544.89,1,33000.0
2016-11-27,63812.62,9732.27,73544.89,1,33000.0
2016-11-28,55744.79,18581.6,74326.39,1,33000.0
2016-11-29,40879.51,33446.88,74326.39,2,33000.0
2016-11-30,26014.24,48312.15,74326.39,3,33000.0
2016-12-01,26214.24,48312.15,74526.39,3,33200.0
2016-12-02,26214.24,48312.15,74526.39,3,33200.0
2016-12-03,26214.24,48312.15,74526.39,3,33200.0
2016-12-04,26214.24,48312.15,74526.39,3,33200.0
2016-12-05,47583.07,29730.56,77313.63,2,33200.0
2016-12-06,47583.07,29730.56,77313.63,2,33200.0
2016-12-07,47583.07,29730.56,77313.63,2,33200.0
2016-12-08,47583.07,29730.56,77313.63,2,33200.0
2016-12-09,47583.07,29730.56,77313.63,2,33200.0
2016-12-10,47583.07,29730.56,77313.63,2,33200.0
2016-12-11,47583.07,29730.56,77313.63,2,33200.0
2016-12-12,47583.07,29730.56,77313.63,2,33200.0
2016-12-13,47583.07,29730.56,77313.63,2,33200.0
2016-12-14,47583.07,29730.56,77313.63,2,33200.0
2016-12-15,47583.07,29730.56,77313.63,2,33200.0
2016-12-16,47583.07,29730.56,77313.63,2,33200.0
2016-12-17,47583.07,29730.56,77313.63,2,33200.0
2016-12-18,47583.07,29730.56,77313.63,2,33200.0
2016-12-19,47583.07,29730.56,77313.63,2,33200.0
2016-12-20,47583.07,29730.56,77313.63,2,33200.0
2016-12-21,32120.35,45193.28,77313.63,3,33200.0
2016-12-22,20523.3,56790.33,77313.63,4,33200.0
2016-12-23,20523.3,56790.33,77313.63,4,33200.0
2016-12-24,20523.3,56790.33,77313.63,4,33200.0
2016-12-25,20523.3,56790.33,77313.63,4,33200.0
2016-12-26,20523.3,56790.33,77313.63,4,33200.0
2016-12-27,20523.3,56790.33,77313.63,4,33200.0
2016-12-28,20523.3,56790.33,77313.63,4,33200.0
2016-12-29,19941.32,57391.64,77332.95,4,33200.0
2016-12-30,35350.66,42526.36,77877.02,3,33200.0
2016-12-31,35350.66,42526.36,77877.02,3,33200.0
2017-01-01,35550.66,42526.36,78077.02,3,33400.0
2017-01-02,35550.66,42526.36,78077.02,3,33400.0
2017-01-03,35550.66,42526.36,78077.02,3,33400.0
2017-01-04,52563.91,27059.77,79623.68,2,33400.0
2017-01-05,52563.91,27059.77,79623.68,2,33400.0
2017-01-06,52563.91,27059.77,79623.68,2,33400.0
2017-01-07,52563.91,27059.77,79623.68,2,33400.0
2017-01-08,52563.91,27059.77,79623.68,2,33400.0
2017-01-09,52563.91,27059.77,79623.68,2,33400.0
2017-01-10,52563.91,27059.77,79623.68,2,33400.0
2017-01-11,52563.91,27059.77,79623.68,2,33400.0
2017-01-12,52563.91,27059.77,79623.68,2,33400.0
2017-01-13,52563.91,27059.77,79623.68,2,33400.0
2017-01-14,52563.91,27059.77,79623.68,2,33400.0
2017-01-15,52563.91,27059.77,79623.68,2,33400.0
2017-01-16,52563.91,27059.77,79623.68,2,33400.0
2017-01-17,52563.91,27059.77,79623.68,2,33400.0
2017-01-18,52563.91,27059.77,79623.68,2,33400.0
2017-01-19,52563.91,27059.77,79623.68,2,33400.0
2017-01-20,68665.25,11597.04,80262.29,1,33400.0
2017-01-21,68665.25,11597.04,80262.29,1,33400.0
2017-01-22,68665.25,11597.04,80262.29,1,33400.0
2017-01-23,80970.87,0.0,80970.87,0,33400.0
2017-01-24,80970.87,0.0,80970.87,0,33400.0
2017-01-25,80970.87,0.0,80970.87,0,33400.0
2017-01-26,80970.87,0.0,80970.87,0,33400.0
2017-01-27,64776.7,16194.17,80970.87,1,33400.0
2017-01-28,64776.7,16194.17,80970.87,1,33400.0
2017-01-29,64776.7,16194.17,80970.87,1,33400.0
2017-01-30,64776.7,16194.17,80970.87,1,33400.0
2017-01-31,36436.89,44533.98,80970.87,3,33400.0
2017-02-01,36636.89,44533.98,81170.87,3,33600.0
2017-02-02,36636.89,44533.98,81170.87,3,33600.0
2017-02-03,36636.89,44533.98,81170.87,3,33600.0
2017-02-04,36636.89,44533.98,81170.87,3,33600.0
2017-02-05,36636.89,44533.98,81170.87,3,33600.0
2017-02-06,36636.89,44533.98,81170.87,3,33600.0
2017-02-07,36636.89,44533.98,81170.87,3,33600.0
2017-02-08,36636.89,44533.98,81170.87,3,33600.0
2017-02-09,36636.89,44533.98,81170.87,3,33600.0
2017-02-10,36636.89,44533.98,81170.87,3,33600.0
2017-02-11,36636.89,44533.98,81170.87,3,33600.0
2017-02-12,36636.89,44533.98,81170.87,3,33600.0
2017-02-13,54450.48,28339.81,82790.29,2,33600.0
2017-02-14,54450.48,28339.81,82790.29,2,33600.0
2017-02-15,54450.48,28339.81,82790.29,2,33600.0
2017-02-16,54450.48,28339.81,82790.29,2,33600.0
2017-02-17,54450.48,28339.81,82790.29,2,33600.0
2017-02-18,54450.48,28339.81,82790.29,2,33600.0
2017-02-19,54450.48,28339.81,82790.29,2,33600.0
2017-02-20,54450.48,28339.81,82790.29,2,33600.0
2017-02-21,54450.48,28339.81,82790.29,2,33600.0
2017-02-22,54450.48,28339.81,82790.29,2,33600.0
2017-02-23,54450.48,28339.81,82790.29,2,33600.0
2017-02-24,54450.48,28339.81,82790.29,2,33600.0
2017-02-25,54450.48,28339.81,82790.29,2,33600.0
2017-02-26,54450.48,28339.81,82790.29,2,33600.0
2017-02-27,54450.48,28339.81,82790.29,2,33600.0
2017-02-28,54450.48,28339.81,82790.29,2,33600.0
2017-03-01,54650.48,28339.81,82990.29,2,33800.0
2017-03-02,83810.12,0.0,83810.12,0,33800.0
2017-03-03,83810.12,0.0,83810.12,0,33800.0
2017-03-04,83810.12,0.0,83810.12,0,33800.0
2017-03-05,83810.12,0.0,83810.12,0,33800.0
2017-03-06,83810.12,0.0,83810.12,0,33800.0
2017-03-07,83810.12,0.0,83810.12,0,33800.0
2017-03-08,83810.12,0.0,83810.12,0,33800.0
2017-03-09,83810.12,0.0,83810.12,0,33800.0
2017-03-10,83810.12,0.0,83810.12,0,33800.0
2017-03-11,83810.12,0.0,83810.12,0,33800.0
2017-03-12,83810.12,0.0,83810.12,0,33800.0
2017-03-13,83810.12,0.0,83810.12,0,33800.0
2017-03-14,83810.12,0.0,83810.12,0,33800.0
2017-03-15,83810.12,0.0,83810.12,0,33800.0
2017-03-16,83810.12,0.0,83810.12,0,33800.0
2017-03-17,83810.12,0.0,83810.12,0,33800.0
2017-03-18,83810.12,0.0,83810.12,0,33800.0
2017-03-19,83810.12,0.0,83810.12,0,33800.0
2017-03-20,83810.12,0.0,83810.12,0,33800.0
2017-03-21,83810.12,0.0,83810.12,0,33800.0
2017-03-22,83810.12,0.0,83810.12,0,33800.0
2017-03-23,83810.12,0.0,83810.12,0,33800.0
2017-03-24,83810.12,0.0,83810.12,0,33800.0
2017-03-25,83810.12,0.0,83810.12,0,33800.0
2017-03-26,83810.12,0.0,83810.12,0,33800.0
2017-03-27,83810.12,0.0,83810.12,0,33800.0
2017-03-28,71238.6,12571.52,83810.12,1,33800.0
2017-03-29,71238.6,12571.52,83810.12,1,33800.0
2017-03-30,58667.08,25143.04,83810.12,2,33800.0
2017-03-31,58667.08,25143.04,83810.12,2,33800.0
2017-04-01,58867.08,25143.04,84010.12,2,34000.0
2017-04-02,58867.08,25143.04,84010.12,2,34000.0
2017-04-03,58867.08,25143.04,84010.12,2,34000.0
2017-04-04,58867.08,25143.04,84010.12,2,34000.0
2017-04-05,58867.08,25143.04,84010.12,2,34000.0
2017-04-06,58867.08,25143.04,84010.12,2,34000.0
2017-04-07,58867.08,25143.04,84010.12,2,34000.0
2017-04-08,58867.08,25143.04,84010.12,2,34000.0
2017-04-09,58867.08,25143.04,84010.12,2,34000.0
2017-04-10,58867.08,25143.04,84010.12,2,34000.0
2017-04-11,58867.08,25143.04,84010.12,2,34000.0
2017-04-12,58867.08,25143.04,84010.12,2,34000.0
2017-04-13,58867.08,25143.04,84010.12,2,34000.0
2017-04-14,58867.08,25143.04,84010.12,2,34000.0
2017-04-15,58867.08,25143.04,84010.12,2,34000.0
2017-04-16,58867.08,25143.04,84010.12,2,34000.0
2017-04-17,58867.08,25143.04,84010.12,2,34000.0
2017-04-18,58867.08,25143.04,84010.12,2,34000.0
2017-04-19,58867.08,25143.04,84010.12,2,34000.0
2017-04-20,58867.08,25143.04,84010.12,2,34000.0
2017-04-21,58867.08,25143.04,84010.12,2,34000.0
2017-04-22,58867.08,25143.04,84010.12,2,34000.0
2017-04-23,58867.08,25143.04,84010.12,2,34000.0
2017-04-24,44585.36,39424.76,84010.12,3,34000.0
2017-04-25,27783.34,56226.78,84010.12,4,34000.0
2017-04-26,0.0,84010.12,84010.12,6,34000.0
2017-04-27,0.0,84994.47,84994.47,6,34000.0
2017-04-28,0.0,86350.06,86350.06,7,34000.0
2017-04-29,0.0,86350.06,86350.06,7,34000.0
2017-04-30,0.0,86350.06,86350.06,7,34000.0
2017-05-01,12756.43,73778.54,86534.97,6,34200.0
2017-05-02,12756.43,73778.54,86534.97,6,34200.0
2017-05-03,12756.43,73778.54,86534.97,6,34200.0
2017-05-04,12756.43,73778.54,86534.97,6,34200.0
2017-05-05,12756.43,73778.54,86534.97,6,34200.0
2017-05-06,12756.43,73778.54,86534.97,6,34200.0
2017-05-07,12756.43,73778.54,86534.97,6,34200.0
2017-05-08,12756.43,73778.54,86534.97,6,34200.0
2017-05-09,12756.43,73778.54,86534.97,6,34200.0
2017-05-10,12756.43,73778.54,86534.97,6,34200.0
2017-05-11,28466.32,59496.82,87963.14,5,34200.0
2017-05-12,28466.32,59496.82,87963.14,5,34200.0
2017-05-13,28466.32,59496.82,87963.14,5,34200.0
2017-05-14,28466.32,59496.82,87963.14,5,34200.0
2017-05-15,28466.32,59496.82,87963.14,5,34200.0
2017-05-16,28466.32,59496.82,87963.14,5,34200.0
2017-05-17,28466.32,59496.82,87963.14,5,34200.0
2017-05-18,28466.32,59496.82,87963.14,5,34200.0
2017-05-19,28466.32,59496.82,87963.14,5,34200.0
2017-05-20,28466.32,59496.82,87963.14,5,34200.0
2017-05-21,28466.32,59496.82,87963.14,5,34200.0
2017-05-22,46948.55,42694.79,89643.34,4,34200.0
2017-05-23,46948.55,42694.79,89643.34,4,34200.0
2017-05-24,46948.55,42694.79,89643.34,4,34200.0
2017-05-25,49511.11,41336.94,90848.05,4,34200.0
2017-05-26,45282.84,47323.77,92606.6,4,34200.0
2017-05-27,45282.84,47323.77,92606.6,4,34200.0
2017-05-28,45282.84,47323.77,92606.6,4,34200.0
2017-05-29,45282.84,47323.77,92606.6,4,34200.0
2017-05-30,18300.86,73904.9,92205.76,5,34200.0
2017-05-31,18300.86,73904.9,92205.76,5,34200.0
2017-06-01,18500.86,73904.9,92405.76,5,34400.0
2017-06-02,18500.86,73904.9,92405.76,5,34400.0
2017-06-03,18500.86,73904.9,92405.76,5,34400.0
2017-06-04,18500.86,73904.9,92405.76,5,34400.0
2017-06-05,18500.86,73904.9,92405.76,5,34400.0
2017-06-06,18500.86,73904.9,92405.76,5,34400.0
2017-06-07,18500.86,73904.9,92405.76,5,34400.0
2017-06-08,18500.86,73904.9,92405.76,5,34400.0
2017-06-09,18500.86,73904.9,92405.76,5,34400.0
2017-06-10,18500.86,73904.9,92405.76,5,34400.0
2017-06-11,18500.86,73904.9,92405.76,5,34400.0
2017-06-12,18500.86,73904.9,92405.76,5,34400.0
2017-06-13,18500.86,73904.9,92405.76,5,34400.0
2017-06-14,18500.86,73904.9,92405.76,5,34400.0
2017-06-15,18500.86,73904.9,92405.76,5,34400.0
2017-06-16,18500.86,73904.9,92405.76,5,34400.0
2017-06-17,18500.86,73904.9,92405.76,5,34400.0
2017-06-18,18500.86,73904.9,92405.76,5,34400.0
2017-06-19,33780.95,60013.91,93794.86,4,34400.0
2017-06-20,33780.95,60013.91,93794.86,4,34400.0
2017-06-21,33780.95,60013.91,93794.86,4,34400.0
2017-06-22,33780.95,60013.91,93794.86,4,34400.0
2017-06-23,33780.95,60013.91,93794.86,4,34400.0
2017-06-24,33780.95,60013.91,93794.86,4,34400.0
2017-06-25,33780.95,60013.91,93794.86,4,34400.0
2017-06-26,52024.45,41492.59,93517.04,3,34400.0
2017-06-27,52024.45,41492.59,93517.04,3,34400.0
2017-06-28,52024.45,41492.59,93517.04,3,34400.0
2017-06-29,77339.04,15840.53,93179.56,1,34400.0
2017-06-30,63362.1,29817.46,93179.56,2,34400.0
2017-07-01,63562.1,29817.46,93379.56,2,34600.0
2017-07-02,63562.1,29817.46,93379.56,2,34600.0
2017-07-03,63562.1,29817.46,93379.56,2,34600.0
2017-07-04,63562.1,29817.46,93379.56,2,34600.0
2017-07-05,63562.1,29817.46,93379.56,2,34600.0
2017-07-06,63562.1,29817.46,93379.56,2,34600.0
2017-07-07,63562.1,29817.46,93379.56,2,34600.0
2017-07-08,63562.1,29817.46,93379.56,2,34600.0
2017-07-09,63562.1,29817.46,93379.56,2,34600.0
2017-07-10,63562.1,29817.46,93379.56,2,34600.0
2017-07-11,63562.1,29817.46,93379.56,2,34600.0
2017-07-12,63562.1,29817.46,93379.56,2,34600.0
2017-07-13,63562.1,29817.46,93379.56,2,34600.0
2017-07-14,78936.73,15840.53,94777.26,1,34600.0
2017-07-15,78936.73,15840.53,94777.26,1,34600.0
2017-07-16,78936.73,15840.53,94777.26,1,34600.0
2017-07-17,78936.73,15840.53,94777.26,1,34600.0
2017-07-18,78936.73,15840.53,94777.26,1,34600.0
2017-07-19,78936.73,15840.53,94777.26,1,34600.0
2017-07-20,78936.73,15840.53,94777.26,1,34600.0
2017-07-21,78936.73,15840.53,94777.26,1,34600.0
2017-07-22,78936.73,15840.53,94777.26,1,34600.0
2017-07-23,78936.73,15840.53,94777.26,1,34600.0
2017-07-24,78936.73,15840.53,94777.26,1,34600.0
2017-07-25,48180.66,48180.66,96361.31,3,34600.0
2017-07-26,17345.04,79016.27,96361.31,5,34600.0
2017-07-27,17345.04,79016.27,96361.31,5,34600.0
2017-07-28,17345.04,79016.27,96361.31,5,34600.0
2017-07-29,17345.04,79016.27,96361.31,5,34600.0
2017-07-30,17345.04,79016.27,96361.31,5,34600.0
2017-07-31,17345.04,79016.27,96361.31,5,34600.0
2017-08-01,33444.65,64562.08,98006.73,4,34800.0
2017-08-02,33444.65,64562.08,98006.73,4,34800.0
2017-08-03,33444.65,64562.08,98006.73,4,34800.0
2017-08-04,33444.65,64562.08,98006.73,4,34800.0
2017-08-05,33444.65,64562.08,98006.73,4,34800.0
2017-08-06,33444.65,64562.08,98006.73,4,34800.0
2017-08-07,33444.65,64562.08,98006.73,4,34800.0
2017-08-08,33444.65,64562.08,98006.73,4,34800.0
2017-08-09,33444.65,64562.08,98006.73,4,34800.0
2017-08-10,33444.65,64562.08,98006.73,4,34800.0
2017-08-11,33444.65,64562.08,98006.73,4,34800.0
2017-08-12,33444.65,64562.08,98006.73,4,34800.0
2017-08-13,33444.65,64562.08,98006.73,4,34800.0
2017-08-14,33444.65,64562.08,98006.73,4,34800.0
2017-08-15,33444.65,64562.08,98006.73,4,34800.0
2017-08-16,33444.65,64562.08,98006.73,4,34800.0
2017-08-17,33444.65,64562.08,98006.73,4,34800.0
2017-08-18,33444.65,64562.08,98006.73,4,34800.0
2017-08-19,33444.65,64562.08,98006.73,4,34800.0
2017-08-20,33444.65,64562.08,98006.73,4,34800.0
2017-08-21,33444.65,64562.08,98006.73,4,34800.0
2017-08-22,33444.65,64562.08,98006.73,4,34800.0
2017-08-23,33444.65,64562.08,98006.73,4,34800.0
2017-08-24,80421.75,16381.42,96803.18,1,34800.0
2017-08-25,95930.05,0.0,95930.05,0,34800.0
2017-08-26,95930.05,0.0,95930.05,0,34800.0
2017-08-27,95930.05,0.0,95930.05,0,34800.0
2017-08-28,95930.05,0.0,95930.05,0,34800.0
2017-08-29,63313.83,32616.22,95930.05,2,34800.0
2017-08-30,13430.21,82499.84,95930.05,5,34800.0
2017-08-31,13430.21,82499.84,95930.05,5,34800.0
2017-09-01,13630.21,82499.84,96130.05,5,35000.0
2017-09-02,13630.21,82499.84,96130.05,5,35000.0
2017-09-03,13630.21,82499.84,96130.05,5,35000.0
2017-09-04,13630.21,82499.84,96130.05,5,35000.0
2017-09-05,13630.21,82499.84,96130.05,5,35000.0
2017-09-06,13630.21,82499.84,96130.05,5,35000.0
2017-09-07,13630.21,82499.84,96130.05,5,35000.0
2017-09-08,13630.21,82499.84,96130.05,5,35000.0
2017-09-09,13630.21,82499.84,96130.05,5,35000.0
2017-09-10,13630.21,82499.84,96130.05,5,35000.0
2017-09-11,13630.21,82499.84,96130.05,5,35000.0
2017-09-12,13630.21,82499.84,96130.05,5,35000.0
2017-09-13,31569.13,66191.73,97760.86,4,35000.0
2017-09-14,31569.13,66191.73,97760.86,4,35000.0
2017-09-15,47397.58,51802.23,99199.81,3,35000.0
2017-09-16,47397.58,51802.23,99199.81,3,35000.0
2017-09-17,47397.58,51802.23,99199.81,3,35000.0
2017-09-18,47397.58,51802.23,99199.81,3,35000.0
2017-09-19,47397.58,51802.23,99199.81,3,35000.0
2017-09-20,47397.58,51802.23,99199.81,3,35000.0
2017-09-21,47397.58,51802.23,99199.81,3,35000.0
2017-09-22,47397.58,51802.23,99199.81,3,35000.0
2017-09-23,47397.58,51802.23,99199.81,3,35000.0
2017-09-24,47397.58,51802.23,99199.81,3,35000.0
2017-09-25,47397.58,51802.23,99199.81,3,35000.0
2017-09-26,47397.58,51802.23,99199.81,3,35000.0
2017-09-27,47397.58,51802.23,99199.81,3,35000.0
2017-09-28,62900.07,35494.12,98394.19,2,35000.0
2017-09-29,99857.79,0.0,99857.79,0,35000.0
2017-09-30,99857.79,0.0,99857.79,0,35000.0
2017-10-01,100057.79,0.0,100057.79,0,35200.0
2017-10-02,100057.79,0.0,100057.79,0,35200.0
2017-10-03,100057.79,0.0,100057.79,0,35200.0
2017-10-04,100057.79,0.0,100057.79,0,35200.0
2017-10-05,100057.79,0.0,100057.79,0,35200.0
2017-10-06,100057.79,0.0,100057.79,0,35200.0
2017-10-07,100057.79,0.0,100057.79,0,35200.0
2017-10-08,100057.79,0.0,100057.79,0,35200.0
2017-10-09,100057.79,0.0,100057.79,0,35200.0
2017-10-10,100057.79,0.0,100057.79,0,35200.0
2017-10-11,100057.79,0.0,100057.79,0,35200.0
2017-10-12,100057.79,0.0,100057.79,0,35200.0
2017-10-13,100057.79,0.0,100057.79,0,35200.0
2017-10-14,100057.79,0.0,100057.79,0,35200.0
2017-10-15,100057.79,0.0,100057.79,0,35200.0
2017-10-16,100057.79,0.0,100057.79,0,35200.0
2017-10-17,100057.79,0.0,100057.79,0,35200.0
2017-10-18,100057.79,0.0,100057.79,0,35200.0
2017-10-19,100057.79,0.0,100057.79,0,35200.0
2017-10-20,100057.79,0.0,100057.79,0,35200.0
2017-10-21,100057.79,0.0,100057.79,0,35200.0
2017-10-22,100057.79,0.0,100057.79,0,35200.0
2017-10-23,100057.79,0.0,100057.79,0,35200.0
2017-10-24,100057.79,0.0,100057.79,0,35200.0
2017-10-25,100057.79,0.0,100057.79,0,35200.0
2017-10-26,60034.68,40023.12,100057.79,2,35200.0
2017-10-27,40023.12,60034.68,100057.79,3,35200.0
2017-10-28,40023.12,60034.68,100057.79,3,35200.0
2017-10-29,40023.12,60034.68,100057.79,3,35200.0
2017-10-30,40023.12,60034.68,100057.79,3,35200.0
2017-10-31,25014.45,75043.35,100057.79,4,35200.0
2017-11-01,25214.45,75043.35,100257.79,4,35400.0
2017-11-02,25214.45,75043.35,100257.79,4,35400.0
2017-11-03,25214.45,75043.35,100257.79,4,35400.0
2017-11-04,25214.45,75043.35,100257.79,4,35400.0
2017-11-05,25214.45,75043.35,100257.79,4,35400.0
2017-11-06,25214.45,75043.35,100257.79,4,35400.0
2017-11-07,25214.45,75043.35,100257.79,4,35400.0
2017-11-08,25214.45,75043.35,100257.79,4,35400.0
2017-11-09,25214.45,75043.35,100257.79,4,35400.0
2017-11-10,25214.45,75043.35,100257.79,4,35400.0
2017-11-11,25214.45,75043.35,100257.79,4,35400.0
2017-11-12,25214.45,75043.35,100257.79,4,35400.0
2017-11-13,25214.45,75043.35,100257.79,4,35400.0
2017-11-14,25214.45,75043.35,100257.79,4,35400.0
2017-11-15,25214.45,75043.35,100257.79,4,35400.0
2017-11-16,25214.45,75043.35,100257.79,4,35400.0
2017-11-17,25214.45,75043.35,100257.79,4,35400.0
2017-11-18,25214.45,75043.35,100257.79,4,35400.0
2017-11-19,25214.45,75043.35,100257.79,4,35400.0
2017-11-20,25214.45,75043.35,100257.79,4,35400.0
2017-11-21,41723.98,60034.68,101758.66,3,35400.0
2017-11-22,41723.98,60034.68,101758.66,3,35400.0
2017-11-23,41723.98,60034.68,101758.66,3,35400.0
2017-11-24,41723.98,60034.68,101758.66,3,35400.0
2017-11-25,41723.98,60034.68,101758.66,3,35400.0
2017-11-26,41723.98,60034.68,101758.66,3,35400.0
2017-11-27,82676.46,20669.12,103345.58,1,35400.0
2017-11-28,82676.46,20669.12,103345.58,1,35400.0
2017-11-29,65107.71,38237.86,103345.58,2,35400.0
2017-11-30,47538.97,55806.61,103345.58,3,35400.0
2017-12-01,47738.97,55806.61,103545.58,3,35600.0
2017-12-02,47738.97,55806.61,103545.58,3,35600.0
2017-12-03,47738.97,55806.61,103545.58,3,35600.0
2017-12-04,47738.97,55806.61,103545.58,3,35600.0
2017-12-05,47738.97,55806.61,103545.58,3,35600.0
2017-12-06,47738.97,55806.61,103545.58,3,35600.0
2017-12-07,47738.97,55806.61,103545.58,3,35600.0
2017-12-08,47738.97,55806.61,103545.58,3,35600.0
2017-12-09,47738.97,55806.61,103545.58,3,35600.0
2017-12-10,47738.97,55806.61,103545.58,3,35600.0
2017-12-11,47738.97,55806.61,103545.58,3,35600.0
2017-12-12,67064.59,38237.86,105302.45,2,35600.0
2017-12-13,67064.59,38237.86,105302.45,2,35600.0
2017-12-14,67064.59,38237.86,105302.45,2,35600.0
2017-12-15,67064.59,38237.86,105302.45,2,35600.0
2017-12-16,67064.59,38237.86,105302.45,2,35600.0
2017-12-17,67064.59,38237.86,105302.45,2,35600.0
2017-12-18,67064.59,38237.86,105302.45,2,35600.0
2017-12-19,67064.59,38237.86,105302.45,2,35600.0
2017-12-20,67064.59,38237.86,105302.45,2,35600.0
2017-12-21,67064.59,38237.86,105302.45,2,35600.0
2017-12-22,67064.59,38237.86,105302.45,2,35600.0
2017-12-23,67064.59,38237.86,105302.45,2,35600.0
2017-12-24,67064.59,38237.86,105302.45,2,35600.0
2017-12-25,67064.59,38237.86,105302.45,2,35600.0
2017-12-26,67064.59,38237.86,105302.45,2,35600.0
2017-12-27,89170.21,17568.75,106738.96,1,35600.0
2017-12-28,89170.21,17568.75,106738.96,1,35600.0
2017-12-29,89170.21,17568.75,106738.96,1,35600.0
2017-12-30,89170.21,17568.75,106738.96,1,35600.0
2017-12-31,89170.21,17568.75,106738.96,1,35600.0
2018-01-01,89370.21,17568.75,106938.96,1,35800.0
2018-01-02,104245.67,0.0,104245.67,0,35800.0
2018-01-03,104245.67,0.0,104245.67,0,35800.0
2018-01-04,104245.67,0.0,104245.67,0,35800.0
2018-01-05,104245.67,0.0,104245.67,0,35800.0
2018-01-06,104245.67,0.0,104245.67,0,35800.0
2018-01-07,104245.67,0.0,104245.67,0,35800.0
2018-01-08,104245.67,0.0,104245.67,0,35800.0
2018-01-09,104245.67,0.0,104245.67,0,35800.0
2018-01-10,104245.67,0.0,104245.67,0,35800.0
2018-01-11,104245.67,0.0,104245.67,0,35800.0
2018-01-12,104245.67,0.0,104245.67,0,35800.0
2018-01-13,104245.67,0.0,104245.67,0,35800.0
2018-01-14,104245.67,0.0,104245.67,0,35800.0
2018-01-15,104245.67,0.0,104245.67,0,35800.0
2018-01-16,104245.67,0.0,104245.67,0,35800.0
2018-01-17,104245.67,0.0,104245.67,0,35800.0
2018-01-18,104245.67,0.0,104245.67,0,35800.0
2018-01-19,104245.67,0.0,104245.67,0,35800.0
2018-01-20,104245.67,0.0,104245.67,0,35800.0
2018-01-21,104245.67,0.0,104245.67,0,35800.0
2018-01-22,104245.67,0.0,104245.67,0,35800.0
2018-01-23,104245.67,0.0,104245.67,0,35800.0
2018-01-24,104245.67,0.0,104245.67,0,35800.0
2018-01-25,104245.67,0.0,104245.67,0,35800.0
2018-01-26,88608.82,15636.85,104245.67,1,35800.0
2018-01-27,88608.82,15636.85,104245.67,1,35800.0
2018-01-28,88608.82,15636.85,104245.67,1,35800.0
2018-01-29,67759.68,36485.98,104245.67,2,35800.0
2018-01-30,67759.68,36485.98,104245.67,2,35800.0
2018-01-31,67759.68,36485.98,104245.67,2,35800.0
2018-02-01,90893.73,15636.85,106530.58,1,36000.0
2018-02-02,90893.73,15636.85,106530.58,1,36000.0
2018-02-03,90893.73,15636.85,106530.58,1,36000.0
2018-02-04,90893.73,15636.85,106530.58,1,36000.0
2018-02-05,90893.73,15636.85,106530.58,1,36000.0
2018-02-06,90893.73,15636.85,106530.58,1,36000.0
2018-02-07,90893.73,15636.85,106530.58,1,36000.0
2018-02-08,90893.73,15636.85,106530.58,1,36000.0
2018-02-09,90893.73,15636.85,106530.58,1,36000.0
2018-02-10,90893.73,15636.85,106530.58,1,36000.0
2018-02-11,90893.73,15636.85,106530.58,1,36000.0
2018-02-12,90893.73,15636.85,106530.58,1,36000.0
2018-02-13,90893.73,15636.85,106530.58,1,36000.0
2018-02-14,90893.73,15636.85,106530.58,1,36000.0
2018-02-15,90893.73,15636.85,106530.58,1,36000.0
2018-02-16,90893.73,15636.85,106530.58,1,36000.0
2018-02-17,90893.73,15636.85,106530.58,1,36000.0
2018-02-18,90893.73,15636.85,106530.58,1,36000.0
2018-02-19,90893.73,15636.85,106530.58,1,36000.0
2018-02-20,90893.73,15636.85,106530.58,1,36000.0
2018-02-21,90893.73,15636.85,106530.58,1,36000.0
2018-02-22,90893.73,15636.85,106530.58,1,36000.0
2018-02-23,90893.73,15636.85,106530.58,1,36000.0
2018-02-24,90893.73,15636.85,106530.58,1,36000.0
2018-02-25,90893.73,15636.85,106530.58,1,36000.0
2018-02-26,106214.72,0.0,106214.72,0,36000.0
2018-02-27,106214.72,0.0,106214.72,0,36000.0
2018-02-28,43548.03,62666.68,106214.72,3,36000.0
2018-03-01,43748.03,62666.68,106414.72,3,36200.0
2018-03-02,43748.03,62666.68,106414.72,3,36200.0
2018-03-03,43748.03,62666.68,106414.72,3,36200.0
2018-03-04,43748.03,62666.68,106414.72,3,36200.0
2018-03-05,43748.03,62666.68,106414.72,3,36200.0
2018-03-06,43748.03,62666.68,106414.72,3,36200.0
2018-03-07,43748.03,62666.68,106414.72,3,36200.0
2018-03-08,43748.03,62666.68,106414.72,3,36200.0
2018-03-09,43748.03,62666.68,106414.72,3,36200.0
2018-03-10,43748.03,62666.68,106414.72,3,36200.0
2018-03-11,43748.03,62666.68,106414.72,3,36200.0
2018-03-12,43748.03,62666.68,106414.72,3,36200.0
2018-03-13,43748.03,62666.68,106414.72,3,36200.0
2018-03-14,43748.03,62666.68,106414.72,3,36200.0
2018-03-15,43748.03,62666.68,106414.72,3,36200.0
2018-03-16,43748.03,62666.68,106414.72,3,36200.0
2018-03-17,43748.03,62666.68,106414.72,3,36200.0
2018-03-18,43748.03,62666.68,106414.72,3,36200.0
2018-03-19,43748.03,62666.68,106414.72,3,36200.0
2018-03-20,43748.03,62666.68,106414.72,3,36200.0
2018-03-21,43748.03,62666.68,106414.72,3,36200.0
2018-03-22,43748.03,62666.68,106414.72,3,36200.0
2018-03-23,43748.03,62666.68,106414.72,3,36200.0
2018-03-24,43748.03,62666.68,106414.72,3,36200.0
2018-03-25,43748.03,62666.68,106414.72,3,36200.0
2018-03-26,1182.15,105232.57,106414.72,5,36200.0
2018-03-27,1182.15,105232.57,106414.72,5,36200.0
2018-03-28,1182.15,105232.57,106414.72,5,36200.0
2018-03-29,1182.15,105232.57,106414.72,5,36200.0
2018-03-30,1182.15,105232.57,106414.72,5,36200.0
2018-03-31,1182.15,105232.57,106414.72,5,36200.0
2018-04-01,1382.15,105232.57,106614.72,5,36400.0
2018-04-02,38932.45,69119.57,108052.01,3,36400.0
2018-04-03,38932.45,69119.57,108052.01,3,36400.0
2018-04-04,38932.45,69119.57,108052.01,3,36400.0
2018-04-05,38932.45,69119.57,108052.01,3,36400.0
2018-04-06,38932.45,69119.57,108052.01,3,36400.0
2018-04-07,38932.45,69119.57,108052.01,3,36400.0
2018-04-08,38932.45,69119.57,108052.01,3,36400.0
2018-04-09,38932.45,69119.57,108052.01,3,36400.0
2018-04-10,38932.45,69119.57,108052.01,3,36400.0
2018-04-11,38932.45,69119.57,108052.01,3,36400.0
2018-04-12,38932.45,69119.57,108052.01,3,36400.0
2018-04-13,38932.45,69119.57,108052.01,3,36400.0
2018-04-14,38932.45,69119.57,108052.01,3,36400.0
2018-04-15,38932.45,69119.57,108052.01,3,36400.0
2018-04-16,38932.45,69119.57,108052.01,3,36400.0
2018-04-17,38932.45,69119.57,108052.01,3,36400.0
2018-04-18,38932.45,69119.57,108052.01,3,36400.0
2018-04-19,38932.45,69119.57,108052.01,3,36400.0
2018-04-20,38932.45,69119.57,108052.01,3,36400.0
2018-04-21,38932.45,69119.57,108052.01,3,36400.0
2018-04-22,38932.45,69119.57,108052.01,3,36400.0
2018-04-23,38932.45,69119.57,108052.01,3,36400.0
2018-04-24,38932.45,69119.57,108052.01,3,36400.0
2018-04-25,55866.75,53157.36,109024.11,2,36400.0
2018-04-26,55866.75,53157.36,109024.11,2,36400.0
2018-04-27,55866.75,53157.36,109024.11,2,36400.0
2018-04-28,55866.75,53157.36,109024.11,2,36400.0
2018-04-29,55866.75,53157.36,109024.11,2,36400.0
2018-04-30,55866.75,53157.36,109024.11,2,36400.0
2018-05-01,56066.75,53157.36,109224.11,2,36600.0
2018-05-02,56066.75,53157.36,109224.11,2,36600.0
2018-05-03,56066.75,53157.36,109224.11,2,36600.0
2018-05-04,56066.75,53157.36,109224.11,2,36600.0
2018-05-05,56066.75,53157.36,109224.11,2,36600.0
2018-05-06,56066.75,53157.36,109224.11,2,36600.0
2018-05-07,56066.75,53157.36,109224.11,2,36600.0
2018-05-08,86603.48,26603.68,113207.16,1,36600.0
2018-05-09,86603.48,26603.68,113207.16,1,36600.0
2018-05-10,86603.48,26603.68,113207.16,1,36600.0
2018-05-11,86603.48,26603.68,113207.16,1,36600.0
2018-05-12,86603.48,26603.68,113207.16,1,36600.0
2018-05-13,86603.48,26603.68,113207.16,1,36600.0
2018-05-14,86603.48,26603.68,113207.16,1,36600.0
2018-05-15,86603.48,26603.68,113207.16,1,36600.0
2018-05-16,86603.48,26603.68,113207.16,1,36600.0
2018-05-17,117197.72,0.0,117197.72,0,36600.0
2018-05-18,117197.72,0.0,117197.72,0,36600.0
2018-05-19,117197.72,0.0,117197.72,0,36600.0
2018-05-20,117197.72,0.0,117197.72,0,36600.0
2018-05-21,117197.72,0.0,117197.72,0,36600.0
2018-05-22,117197.72,0.0,117197.72,0,36600.0
2018-05-23,117197.72,0.0,117197.72,0,36600.0
2018-05-24,117197.72,0.0,117197.72,0,36600.0
2018-05-25,117197.72,0.0,117197.72,0,36600.0
2018-05-26,117197.72,0.0,117197.72,0,36600.0
2018-05-27,117197.72,0.0,117197.72,0,36600.0
2018-05-28,117197.72,0.0,117197.72,0,36600.0
2018-05-29,117197.72,0.0,117197.72,0,36600.0
2018-05-30,117197.72,0.0,117197.72,0,36600.0
2018-05-31,117197.72,0.0,117197.72,0,36600.0
2018-06-01,117397.72,0.0,117397.72,0,36800.0
2018-06-02,117397.72,0.0,117397.72,0,36800.0
2018-06-03,117397.72,0.0,117397.72,0,36800.0
2018-06-04,117397.72,0.0,117397.72,0,36800.0
2018-06-05,117397.72,0.0,117397.72,0,36800.0
2018-06-06,117397.72,0.0,117397.72,0,36800.0
2018-06-07,117397.72,0.0,117397.72,0,36800.0
2018-06-08,117397.72,0.0,117397.72,0,36800.0
2018-06-09,117397.72,0.0,117397.72,0,36800.0
2018-06-10,117397.72,0.0,117397.72,0,36800.0
2018-06-11,117397.72,0.0,117397.72,0,36800.0
2018-06-12,117397.72,0.0,117397.72,0,36800.0
2018-06-13,117397.72,0.0,117397.72,0,36800.0
2018-06-14,117397.72,0.0,117397.72,0,36800.0
2018-06-15,117397.72,0.0,117397.72,0,36800.0
2018-06-16,117397.72,0.0,117397.72,0,36800.0
2018-06-17,117397.72,0.0,117397.72,0,36800.0
2018-06-18,117397.72,0.0,117397.72,0,36800.0
2018-06-19,117397.72,0.0,117397.72,0,36800.0
2018-06-20,117397.72,0.0,117397.72,0,36800.0
2018-06-21,117397.72,0.0,117397.72,0,36800.0
2018-06-22,117397.72,0.0,117397.72,0,36800.0
2018-06-23,117397.72,0.0,117397.72,0,36800.0
2018-06-24,117397.72,0.0,117397.72,0,36800.0
2018-06-25,117397.72,0.0,117397.72,0,36800.0
2018-06-26,117397.72,0.0,117397.72,0,36800.0
2018-06-27,117397.72,0.0,117397.72,0,36800.0
2018-06-28,117397.72,0.0,117397.72,0,36800.0
2018-06-29,117397.72,0.0,117397.72,0,36800.0
2018-06-30,117397.72,0.0,117397.72,0,36800.0
2018-07-01,117597.72,0.0,117597.72,0,37000.0
2018-07-02,117597.72,0.0,117597.72,0,37000.0
2018-07-03,117597.72,0.0,117597.72,0,37000.0
2018-07-04,117597.72,0.0,117597.72,0,37000.0
2018-07-05,117597.72,0.0,117597.72,0,37000.0
2018-07-06,117597.72,0.0,117597.72,0,37000.0
2018-07-07,117597.72,0.0,117597.72,0,37000.0
2018-07-08,117597.72,0.0,117597.72,0,37000.0
2018-07-09,117597.72,0.0,117597.72,0,37000.0
2018-07-10,117597.72,0.0,117597.72,0,37000.0
2018-07-11,117597.72,0.0,117597.72,0,37000.0
2018-07-12,117597.72,0.0,117597.72,0,37000.0
2018-07-13,117597.72,0.0,117597.72,0,37000.0
2018-07-14,117597.72,0.0,117597.72,0,37000.0
2018-07-15,117597.72,0.0,117597.72,0,37000.0
2018-07-16,117597.72,0.0,117597.72,0,37000.0
2018-07-17,117597.72,0.0,117597.72,0,37000.0
2018-07-18,117597.72,0.0,117597.72,0,37000.0
2018-07-19,117597.72,0.0,117597.72,0,37000.0
2018-07-20,117597.72,0.0,117597.72,0,37000.0
2018-07-21,117597.72,0.0,117597.72,0,37000.0
2018-07-22,117597.72,0.0,117597.72,0,37000.0
2018-07-23,117597.72,0.0,117597.72,0,37000.0
2018-07-24,117597.72,0.0,117597.72,0,37000.0
2018-07-25,117597.72,0.0,117597.72,0,37000.0
2018-07-26,117597.72,0.0,117597.72,0,37000.0
2018-07-27,50567.02,67030.7,117597.72,3,37000.0
2018-07-28,50567.02,67030.7,117597.72,3,37000.0
2018-07-29,50567.02,67030.7,117597.72,3,37000.0
2018-07-30,27047.47,90550.24,117597.72,4,37000.0
2018-07-31,0.0,117597.72,117597.72,6,37000.0
2018-08-01,200.0,117597.72,117797.72,6,37200.0
2018-08-02,200.0,117597.72,117797.72,6,37200.0
2018-08-03,200.0,117597.72,117797.72,6,37200.0
2018-08-04,200.0,117597.72,117797.72,6,37200.0
2018-08-05,200.0,117597.72,117797.72,6,37200.0
2018-08-06,200.0,117597.72,117797.72,6,37200.0
2018-08-07,200.0,117597.72,117797.72,6,37200.0
2018-08-08,200.0,117597.72,117797.72,6,37200.0
2018-08-09,200.0,117597.72,117797.72,6,37200.0
2018-08-10,200.0,117597.72,117797.72,6,37200.0
2018-08-11,200.0,117597.72,117797.72,6,37200.0
2018-08-12,200.0,117597.72,117797.72,6,37200.0
2018-08-13,200.0,117597.72,117797.72,6,37200.0
2018-08-14,200.0,117597.72,117797.72,6,37200.0
2018-08-15,200.0,117597.72,117797.72,6,37200.0
2018-08-16,200.0,117597.72,117797.72,6,37200.0
2018-08-17,200.0,117597.72,117797.72,6,37200.0
2018-08-18,200.0,117597.72,117797.72,6,37200.0
2018-08-19,200.0,117597.72,117797.72,6,37200.0
2018-08-20,200.0,117597.72,117797.72,6,37200.0
2018-08-21,26071.5,94078.17,120149.67,5,37200.0
2018-08-22,26071.5,94078.17,120149.67,5,37200.0
2018-08-23,26071.5,94078.17,120149.67,5,37200.0
2018-08-24,26071.5,94078.17,120149.67,5,37200.0
2018-08-25,26071.5,94078.17,120149.67,5,37200.0
2018-08-26,26071.5,94078.17,120149.67,5,37200.0
2018-08-27,71100.02,50567.02,121667.03,3,37200.0
2018-08-28,71100.02,50567.02,121667.03,3,37200.0
2018-08-29,94842.99,27047.47,121890.47,2,37200.0
2018-08-30,121494.4,0.0,121494.4,0,37200.0
2018-08-31,121494.4,0.0,121494.4,0,37200.0
2018-09-01,121694.4,0.0,121694.4,0,37400.0
2018-09-02,121694.4,0.0,121694.4,0,37400.0
2018-09-03,121694.4,0.0,121694.4,0,37400.0
2018-09-04,121694.4,0.0,121694.4,0,37400.0
2018-09-05,121694.4,0.0,121694.4,0,37400.0
2018-09-06,121694.4,0.0,121694.4,0,37400.0
2018-09-07,121694.4,0.0,121694.4,0,37400.0
2018-09-08,121694.4,0.0,121694.4,0,37400.0
2018-09-09,121694.4,0.0,121694.4,0,37400.0
2018-09-10,121694.4,0.0,121694.4,0,37400.0
2018-09-11,121694.4,0.0,121694.4,0,37400.0
2018-09-12,121694.4,0.0,121694.4,0,37400.0
2018-09-13,121694.4,0.0,121694.4,0,37400.0
2018-09-14,121694.4,0.0,121694.4,0,37400.0
2018-09-15,121694.4,0.0,121694.4,0,37400.0
2018-09-16,121694.4,0.0,121694.4,0,37400.0
2018-09-17,121694.4,0.0,121694.4,0,37400.0
2018-09-18,121694.4,0.0,121694.4,0,37400.0
2018-09-19,121694.4,0.0,121694.4,0,37400.0
2018-09-20,121694.4,0.0,121694.4,0,37400.0
2018-09-21,121694.4,0.0,121694.4,0,37400.0
2018-09-22,121694.4,0.0,121694.4,0,37400.0
2018-09-23,121694.4,0.0,121694.4,0,37400.0
2018-09-24,121694.4,0.0,121694.4,0,37400.0
2018-09-25,97355.52,24338.88,121694.4,1,37400.0
2018-09-26,97355.52,24338.88,121694.4,1,37400.0
2018-09-27,79101.36,42593.04,121694.4,2,37400.0
2018-09-28,54762.48,66931.92,121694.4,3,37400.0
2018-09-29,54762.48,66931.92,121694.4,3,37400.0
2018-09-30,54762.48,66931.92,121694.4,3,37400.0
2018-10-01,54962.48,66931.92,121894.4,3,37600.0
2018-10-02,54962.48,66931.92,121894.4,3,37600.0
2018-10-03,54962.48,66931.92,121894.4,3,37600.0
2018-10-04,54962.48,66931.92,121894.4,3,37600.0
2018-10-05,54962.48,66931.92,121894.4,3,37600.0
2018-10-06,54962.48,66931.92,121894.4,3,37600.0
2018-10-07,54962.48,66931.92,121894.4,3,37600.0
2018-10-08,54962.48,66931.92,121894.4,3,37600.0
2018-10-09,54962.48,66931.92,121894.4,3,37600.0
2018-10-10,54962.48,66931.92,121894.4,3,37600.0
2018-10-11,54962.48,66931.92,121894.4,3,37600.0
2018-10-12,54962.48,66931.92,121894.4,3,37600.0
2018-10-13,54962.48,66931.92,121894.4,3,37600.0
2018-10-14,54962.48,66931.92,121894.4,3,37600.0
2018-10-15,54962.48,66931.92,121894.4,3,37600.0
2018-10-16,54962.48,66931.92,121894.4,3,37600.0
2018-10-17,54962.48,66931.92,121894.4,3,37600.0
2018-10-18,54962.48,66931.92,121894.4,3,37600.0
2018-10-19,54962.48,66931.92,121894.4,3,37600.0
2018-10-20,54962.48,66931.92,121894.4,3,37600.0
2018-10-21,54962.48,66931.92,121894.4,3,37600.0
2018-10-22,32003.93,92324.35,124328.29,4,37600.0
2018-10-23,32003.93,92324.35,124328.29,4,37600.0
2018-10-24,7138.28,117190.01,124328.29,5,37600.0
2018-10-25,0.0,124328.29,124328.29,6,37600.0
2018-10-26,0.0,124328.29,124328.29,6,37600.0
2018-10-27,0.0,124328.29,124328.29,6,37600.0
2018-10-28,0.0,124328.29,124328.29,6,37600.0
2018-10-29,0.0,119859.06,119859.06,7,37600.0
2018-10-30,0.0,119859.06,119859.06,7,37600.0
2018-10-31,0.0,119859.06,119859.06,7,37600.0
2018-11-01,200.0,119859.06,120059.06,7,37800.0
2018-11-02,200.0,119859.06,120059.06,7,37800.0
2018-11-03,200.0,119859.06,120059.06,7,37800.0
2018-11-04,200.0,119859.06,120059.06,7,37800.0
2018-11-05,200.0,119859.06,120059.06,7,37800.0
2018-11-06,8052.1,112720.79,120772.89,6,37800.0
2018-11-07,8052.1,112720.79,120772.89,6,37800.0
2018-11-08,8052.1,112720.79,120772.89,6,37800.0
2018-11-09,8052.1,112720.79,120772.89,6,37800.0
2018-11-10,8052.1,112720.79,120772.89,6,37800.0
2018-11-11,8052.1,112720.79,120772.89,6,37800.0
2018-11-12,8052.1,112720.79,120772.89,6,37800.0
2018-11-13,8052.1,112720.79,120772.89,6,37800.0
2018-11-14,35404.33,87855.13,123259.45,5,37800.0
2018-11-15,35404.33,87855.13,123259.45,5,37800.0
2018-11-16,55181.07,69876.27,125057.34,4,37800.0
2018-11-17,55181.07,69876.27,125057.34,4,37800.0
2018-11-18,55181.07,69876.27,125057.34,4,37800.0
2018-11-19,55181.07,69876.27,125057.34,4,37800.0
2018-11-20,55181.07,69876.27,125057.34,4,37800.0
2018-11-21,106575.9,20144.95,126720.85,2,37800.0
2018-11-22,106575.9,20144.95,126720.85,2,37800.0
2018-11-23,106575.9,20144.95,126720.85,2,37800.0
2018-11-24,106575.9,20144.95,126720.85,2,37800.0
2018-11-25,106575.9,20144.95,126720.85,2,37800.0
2018-11-26,106575.9,20144.95,126720.85,2,37800.0
2018-11-27,106575.9,20144.95,126720.85,2,37800.0
2018-11-28,127540.88,0.0,127540.88,0,37800.0
2018-11-29,127540.88,0.0,127540.88,0,37800.0
2018-11-30,127540.88,0.0,127540.88,0,37800.0
2018-12-01,127740.88,0.0,127740.88,0,38000.0
2018-12-02,127740.88,0.0,127740.88,0,38000.0
2018-12-03,127740.88,0.0,127740.88,0,38000.0
2018-12-04,127740.88,0.0,127740.88,0,38000.0
2018-12-05,127740.88,0.0,127740.88,0,38000.0
2018-12-06,127740.88,0.0,127740.88,0,38000.0
2018-12-07,127740.88,0.0,127740.88,0,38000.0
2018-12-08,127740.88,0.0,127740.88,0,38000.0
2018-12-09,127740.88,0.0,127740.88,0,38000.0
2018-12-10,127740.88,0.0,127740.88,0,38000.0
2018-12-11,127740.88,0.0,127740.88,0,38000.0
2018-12-12,127740.88,0.0,127740.88,0,38000.0
2018-12-13,127740.88,0.0,127740.88,0,38000.0
2018-12-14,127740.88,0.0,127740.88,0,38000.0
2018-12-15,127740.88,0.0,127740.88,0,38000.0
2018-12-16,127740.88,0.0,127740.88,0,38000.0
2018-12-17,127740.88,0.0,127740.88,0,38000.0
2018-12-18,127740.88,0.0,127740.88,0,38000.0
2018-12-19,102192.7,25548.18,127740.88,1,38000.0
2018-12-20,102192.7,25548.18,127740.88,1,38000.0
2018-12-21,51096.35,76644.53,127740.88,3,38000.0
2018-12-22,51096.35,76644.53,127740.88,3,38000.0
2018-12-23,51096.35,76644.53,127740.88,3,38000.0
2018-12-24,51096.35,76644.53,127740.88,3,38000.0
2018-12-25,51096.35,76644.53,127740.88,3,38000.0
2018-12-26,29380.4,98360.48,127740.88,4,38000.0
2018-12-27,0.0,127740.88,127740.88,5,38000.0
2018-12-28,0.0,127740.88,127740.88,5,38000.0
2018-12-29,0.0,127740.88,127740.88,5,38000.0
2018-12-30,0.0,127740.88,127740.88,5,38000.0
2018-12-31,33787.46,98360.48,132147.94,4,38000.0
2019-01-01,33987.46,98360.48,132347.94,4,38200.0
2019-01-02,57875.01,76644.53,134519.54,3,38200.0
2019-01-03,57875.01,76644.53,134519.54,3,38200.0
2019-01-04,85978.0,51096.35,137074.35,2,38200.0
2019-01-05,85978.0,51096.35,137074.35,2,38200.0
2019-01-06,85978.0,51096.35,137074.35,2,38200.0
2019-01-07,85978.0,51096.35,137074.35,2,38200.0
2019-01-08,85978.0,51096.35,137074.35,2,38200.0
2019-01-09,114081.0,25548.18,139629.17,1,38200.0
2019-01-10,114081.0,25548.18,139629.17,1,38200.0
2019-01-11,114081.0,25548.18,139629.17,1,38200.0
2019-01-12,114081.0,25548.18,139629.17,1,38200.0
2019-01-13,114081.0,25548.18,139629.17,1,38200.0
2019-01-14,114081.0,25548.18,139629.17,1,38200.0
2019-01-15,114081.0,25548.18,139629.17,1,38200.0
2019-01-16,114081.0,25548.18,139629.17,1,38200.0
2019-01-17,114081.0,25548.18,139629.17,1,38200.0
2019-01-18,114081.0,25548.18,139629.17,1,38200.0
2019-01-19,114081.0,25548.18,139629.17,1,38200.0
2019-01-20,114081.0,25548.18,139629.17,1,38200.0
2019-01-21,114081.0,25548.18,139629.17,1,38200.0
2019-01-22,140548.91,0.0,140548.91,0,38200.0
2019-01-23,140548.91,0.0,140548.91,0,38200.0
2019-01-24,140548.91,0.0,140548.91,0,38200.0
2019-01-25,140548.91,0.0,140548.91,0,38200.0
2019-01-26,140548.91,0.0,140548.91,0,38200.0
2019-01-27,140548.91,0.0,140548.91,0,38200.0
2019-01-28,140548.91,0.0,140548.91,0,38200.0
2019-01-29,119466.57,21082.34,140548.91,1,38200.0
2019-01-30,119466.57,21082.34,140548.91,1,38200.0
2019-01-31,142657.14,0.0,142657.14,0,38200.0
2019-02-01,142857.14,0.0,142857.14,0,38400.0
2019-02-02,142857.14,0.0,142857.14,0,38400.0
2019-02-03,142857.14,0.0,142857.14,0,38400.0
2019-02-04,142857.14,0.0,142857.14,0,38400.0
2019-02-05,142857.14,0.0,142857.14,0,38400.0
2019-02-06,142857.14,0.0,142857.14,0,38400.0
2019-02-07,142857.14,0.0,142857.14,0,38400.0
2019-02-08,142857.14,0.0,142857.14,0,38400.0
2019-02-09,142857.14,0.0,142857.14,0,38400.0
2019-02-10,142857.14,0.0,142857.14,0,38400.0
2019-02-11,142857.14,0.0,142857.14,0,38400.0
2019-02-12,142857.14,0.0,142857.14,0,38400.0
2019-02-13,142857.14,0.0,142857.14,0,38400.0
2019-02-14,142857.14,0.0,142857.14,0,38400.0
2019-02-15,142857.14,0.0,142857.14,0,38400.0
2019-02-16,142857.14,0.0,142857.14,0,38400.0
2019-02-17,142857.14,0.0,142857.14,0,38400.0
2019-02-18,142857.14,0.0,142857.14,0,38400.0
2019-02-19,142857.14,0.0,142857.14,0,38400.0
2019-02-20,142857.14,0.0,142857.14,0,38400.0
2019-02-21,142857.14,0.0,142857.14,0,38400.0
2019-02-22,142857.14,0.0,142857.14,0,38400.0
2019-02-23,142857.14,0.0,142857.14,0,38400.0
2019-02-24,142857.14,0.0,142857.14,0,38400.0
2019-02-25,142857.14,0.0,142857.14,0,38400.0
2019-02-26,142857.14,0.0,142857.14,0,38400.0
2019-02-27,118571.43,24285.71,142857.14,1,38400.0
2019-02-28,54285.71,88571.43,142857.14,4,38400.0
2019-03-01,54485.71,88571.43,143057.14,4,38600.0
2019-03-02,54485.71,88571.43,143057.14,4,38600.0
2019-03-03,54485.71,88571.43,143057.14,4,38600.0
2019-03-04,78057.14,67142.86,145200.0,3,38600.0
2019-03-05,78057.14,67142.86,145200.0,3,38600.0
2019-03-06,78057.14,67142.86,145200.0,3,38600.0
2019-03-07,78057.14,67142.86,145200.0,3,38600.0
2019-03-08,78057.14,67142.86,145200.0,3,38600.0
2019-03-09,78057.14,67142.86,145200.0,3,38600.0
2019-03-10,78057.14,67142.86,145200.0,3,38600.0
2019-03-11,101628.57,45714.28,147342.85,2,38600.0
2019-03-12,101628.57,45714.28,147342.85,2,38600.0
2019-03-13,101628.57,45714.28,147342.85,2,38600.0
2019-03-14,101628.57,45714.28,147342.85,2,38600.0
2019-03-15,101628.57,45714.28,147342.85,2,38600.0
2019-03-16,101628.57,45714.28,147342.85,2,38600.0
2019-03-17,101628.57,45714.28,147342.85,2,38600.0
2019-03-18,101628.57,45714.28,147342.85,2,38600.0
2019-03-19,101628.57,45714.28,147342.85,2,38600.0
2019-03-20,101628.57,45714.28,147342.85,2,38600.0
2019-03-21,101628.57,45714.28,147342.85,2,38600.0
2019-03-22,101628.57,45714.28,147342.85,2,38600.0
2019-03-23,101628.57,45714.28,147342.85,2,38600.0
2019-03-24,101628.57,45714.28,147342.85,2,38600.0
2019-03-25,101628.57,45714.28,147342.85,2,38600.0
2019-03-26,79527.14,67815.71,147342.85,3,38600.0
2019-03-27,79527.14,67815.71,147342.85,3,38600.0
2019-03-28,79527.14,67815.71,147342.85,3,38600.0
2019-03-29,79527.14,67815.71,147342.85,3,38600.0
2019-03-30,79527.14,67815.71,147342.85,3,38600.0
2019-03-31,79527.14,67815.71,147342.85,3,38600.0
2019-04-01,127787.71,22101.43,149889.14,1,38800.0
2019-04-02,127787.71,22101.43,149889.14,1,38800.0
2019-04-03,127787.71,22101.43,149889.14,1,38800.0
2019-04-04,127787.71,22101.43,149889.14,1,38800.0
2019-04-05,127787.71,22101.43,149889.14,1,38800.0
2019-04-06,127787.71,22101.43,149889.14,1,38800.0
2019-04-07,127787.71,22101.43,149889.14,1,38800.0
2019-04-08,127787.71,22101.43,149889.14,1,38800.0
2019-04-09,127787.71,22101.43,149889.14,1,38800.0
2019-04-10,127787.71,22101.43,149889.14,1,38800.0
2019-04-11,127787.71,22101.43,149889.14,1,38800.0
2019-04-12,127787.71,22101.43,149889.14,1,38800.0
2019-04-13,127787.71,22101.43,149889.14,1,38800.0
2019-04-14,127787.71,22101.43,149889.14,1,38800.0
2019-04-15,127787.71,22101.43,149889.14,1,38800.0
2019-04-16,127787.71,22101.43,149889.14,1,38800.0
2019-04-17,127787.71,22101.43,149889.14,1,38800.0
2019-04-18,127787.71,22101.43,149889.14,1,38800.0
2019-04-19,127787.71,22101.43,149889.14,1,38800.0
2019-04-20,127787.71,22101.43,149889.14,1,38800.0
2019-04-21,127787.71,22101.43,149889.14,1,38800.0
2019-04-22,127787.71,22101.43,149889.14,1,38800.0
2019-04-23,127787.71,22101.43,149889.14,1,38800.0
2019-04-24,127787.71,22101.43,149889.14,1,38800.0
2019-04-25,149716.75,0.0,149716.75,0,38800.0
2019-04-26,149716.75,0.0,149716.75,0,38800.0
2019-04-27,149716.75,0.0,149716.75,0,38800.0
2019-04-28,149716.75,0.0,149716.75,0,38800.0
2019-04-29,149716.75,0.0,149716.75,0,38800.0
2019-04-30,149716.75,0.0,149716.75,0,38800.0
2019-05-01,149916.75,0.0,149916.75,0,39000.0
2019-05-02,149916.75,0.0,149916.75,0,39000.0
2019-05-03,149916.75,0.0,149916.75,0,39000.0
2019-05-04,149916.75,0.0,149916.75,0,39000.0
2019-05-05,149916.75,0.0,149916.75,0,39000.0
2019-05-06,149916.75,0.0,149916.75,0,39000.0
2019-05-07,149916.75,0.0,149916.75,0,39000.0
2019-05-08,149916.75,0.0,149916.75,0,39000.0
2019-05-09,149916.75,0.0,149916.75,0,39000.0
2019-05-10,149916.75,0.0,149916.75,0,39000.0
2019-05-11,149916.75,0.0,149916.75,0,39000.0
2019-05-12,149916.75,0.0,149916.75,0,39000.0
2019-05-13,149916.75,0.0,149916.75,0,39000.0
2019-05-14,149916.75,0.0,149916.75,0,39000.0
2019-05-15,149916.75,0.0,149916.75,0,39000.0
2019-05-16,149916.75,0.0,149916.75,0,39000.0
2019-05-17,149916.75,0.0,149916.75,0,39000.0
2019-05-18,149916.75,0.0,149916.75,0,39000.0
2019-05-19,149916.75,0.0,149916.75,0,39000.0
2019-05-20,149916.75,0.0,149916.75,0,39000.0
2019-05-21,149916.75,0.0,149916.75,0,39000.0
2019-05-22,149916.75,0.0,149916.75,0,39000.0
2019-05-23,149916.75,0.0,149916.75,0,39000.0
2019-05-24,149916.75,0.0,149916.75,0,39000.0
2019-05-25,149916.75,0.0,149916.75,0,39000.0
2019-05-26,149916.75,0.0,149916.75,0,39000.0
2019-05-27,149916.75,0.0,149916.75,0,39000.0
2019-05-28,127429.24,22487.51,149916.75,1,39000.0
2019-05-29,127429.24,22487.51,149916.75,1,39000.0
2019-05-30,46474.19,103442.56,149916.75,4,39000.0
2019-05-31,0.0,149916.75,149916.75,6,39000.0
2019-06-01,200.0,149916.75,150116.75,6,39200.0
2019-06-02,200.0,149916.75,150116.75,6,39200.0
2019-06-03,200.0,149916.75,150116.75,6,39200.0
2019-06-04,33181.68,119933.4,153115.08,5,39200.0
2019-06-05,33181.68,119933.4,153115.08,5,39200.0
2019-06-06,61216.12,94447.55,155663.67,4,39200.0
2019-06-07,61216.12,94447.55,155663.67,4,39200.0
2019-06-08,61216.12,94447.55,155663.67,4,39200.0
2019-06-09,61216.12,94447.55,155663.67,4,39200.0
2019-06-10,61216.12,94447.55,155663.67,4,39200.0
2019-06-11,61216.12,94447.55,155663.67,4,39200.0
2019-06-12,79356.04,77956.71,157312.75,3,39200.0
2019-06-13,79356.04,77956.71,157312.75,3,39200.0
2019-06-14,79356.04,77956.71,157312.75,3,39200.0
2019-06-15,79356.04,77956.71,157312.75,3,39200.0
2019-06-16,79356.04,77956.71,157312.75,3,39200.0
2019-06-17,79356.04,77956.71,157312.75,3,39200.0
2019-06-18,79356.04,77956.71,157312.75,3,39200.0
2019-06-19,79356.04,77956.71,157312.75,3,39200.0
2019-06-20,79356.04,77956.71,157312.75,3,39200.0
2019-06-21,79356.04,77956.71,157312.75,3,39200.0
2019-06-22,79356.04,77956.71,157312.75,3,39200.0
2019-06-23,79356.04,77956.71,157312.75,3,39200.0
2019-06-24,55759.13,101553.62,157312.75,4,39200.0
2019-06-25,55759.13,101553.62,157312.75,4,39200.0
2019-06-26,55759.13,101553.62,157312.75,4,39200.0
2019-06-27,78959.5,79066.11,158025.61,3,39200.0
2019-06-28,74879.09,85695.1,160574.19,3,39200.0
2019-06-29,74879.09,85695.1,160574.19,3,39200.0
2019-06-30,74879.09,85695.1,160574.19,3,39200.0
2019-07-01,129650.41,32114.84,161765.24,1,39400.0
2019-07-02,129650.41,32114.84,161765.24,1,39400.0
2019-07-03,129650.41,32114.84,161765.24,1,39400.0
2019-07-04,129650.41,32114.84,161765.24,1,39400.0
2019-07-05,129650.41,32114.84,161765.24,1,39400.0
2019-07-06,129650.41,32114.84,161765.24,1,39400.0
2019-07-07,129650.41,32114.84,161765.24,1,39400.0
2019-07-08,129650.41,32114.84,161765.24,1,39400.0
2019-07-09,129650.41,32114.84,161765.24,1,39400.0
2019-07-10,129650.41,32114.84,161765.24,1,39400.0
2019-07-11,129650.41,32114.84,161765.24,1,39400.0
2019-07-12,129650.41,32114.84,161765.24,1,39400.0
2019-07-13,129650.41,32114.84,161765.24,1,39400.0
2019-07-14,129650.41,32114.84,161765.24,1,39400.0
2019-07-15,129650.41,32114.84,161765.24,1,39400.0
2019-07-16,129650.41,32114.84,161765.24,1,39400.0
2019-07-17,129650.41,32114.84,161765.24,1,39400.0
2019-07-18,129650.41,32114.84,161765.24,1,39400.0
2019-07-19,129650.41,32114.84,161765.24,1,39400.0
2019-07-20,129650.41,32114.84,161765.24,1,39400.0
2019-07-21,129650.41,32114.84,161765.24,1,39400.0
2019-07-22,129650.41,32114.84,161765.24,1,39400.0
2019-07-23,129650.41,32114.84,161765.24,1,39400.0
2019-07-24,129650.41,32114.84,161765.24,1,39400.0
2019-07-25,129650.41,32114.84,161765.24,1,39400.0
2019-07-26,129650.41,32114.84,161765.24,1,39400.0
2019-07-27,129650.41,32114.84,161765.24,1,39400.0
2019-07-28,129650.41,32114.84,161765.24,1,39400.0
2019-07-29,160217.31,0.0,160217.31,0,39400.0
2019-07-30,132980.37,27236.94,160217.31,1,39400.0
2019-07-31,41656.5,118560.81,160217.31,4,39400.0
2019-08-01,41856.5,118560.81,160417.31,4,39600.0
2019-08-02,41856.5,118560.81,160417.31,4,39600.0
2019-08-03,41856.5,118560.81,160417.31,4,39600.0
2019-08-04,41856.5,118560.81,160417.31,4,39600.0
2019-08-05,41856.5,118560.81,160417.31,4,39600.0
2019-08-06,41856.5,118560.81,160417.31,4,39600.0
2019-08-07,41856.5,118560.81,160417.31,4,39600.0
2019-08-08,41856.5,118560.81,160417.31,4,39600.0
2019-08-09,41856.5,118560.81,160417.31,4,39600.0
2019-08-10,41856.5,118560.81,160417.31,4,39600.0
2019-08-11,41856.5,118560.81,160417.31,4,39600.0
2019-08-12,41856.5,118560.81,160417.31,4,39600.0
2019-08-13,41856.5,118560.81,160417.31,4,39600.0
2019-08-14,41856.5,118560.81,160417.31,4,39600.0
2019-08-15,41856.5,118560.81,160417.31,4,39600.0
2019-08-16,41856.5,118560.81,160417.31,4,39600.0
2019-08-17,41856.5,118560.81,160417.31,4,39600.0
2019-08-18,41856.5,118560.81,160417.31,4,39600.0
2019-08-19,41856.5,118560.81,160417.31,4,39600.0
2019-08-20,41856.5,118560.81,160417.31,4,39600.0
2019-08-21,41856.5,118560.81,160417.31,4,39600.0
2019-08-22,41856.5,118560.81,160417.31,4,39600.0
2019-08-23,0.0,160417.31,160417.31,6,39600.0
2019-08-24,0.0,160417.31,160417.31,6,39600.0
2019-08-25,0.0,160417.31,160417.31,6,39600.0
2019-08-26,0.0,160417.31,160417.31,6,39600.0
2019-08-27,0.0,160417.31,160417.31,6,39600.0
2019-08-28,0.0,160417.31,160417.31,6,39600.0
2019-08-29,0.0,158644.18,158644.18,6,39600.0
2019-08-30,110034.64,49751.04,159785.68,2,39600.0
2019-08-31,110034.64,49751.04,159785.68,2,39600.0
2019-09-01,110234.64,49751.04,159985.68,2,39800.0
2019-09-02,110234.64,49751.04,159985.68,2,39800.0
2019-09-03,110234.64,49751.04,159985.68,2,39800.0
2019-09-04,110234.64,49751.04,159985.68,2,39800.0
2019-09-05,110234.64,49751.04,159985.68,2,39800.0
2019-09-06,110234.64,49751.04,159985.68,2,39800.0
2019-09-07,110234.64,49751.04,159985.68,2,39800.0
2019-09-08,110234.64,49751.04,159985.68,2,39800.0
2019-09-09,110234.64,49751.04,159985.68,2,39800.0
2019-09-10,129807.93,31957.14,161765.07,1,39800.0
2019-09-11,129807.93,31957.14,161765.07,1,39800.0
2019-09-12,129807.93,31957.14,161765.07,1,39800.0
2019-09-13,129807.93,31957.14,161765.07,1,39800.0
2019-09-14,129807.93,31957.14,161765.07,1,39800.0
2019-09-15,129807.93,31957.14,161765.07,1,39800.0
2019-09-16,129807.93,31957.14,161765.07,1,39800.0
2019-09-17,129807.93,31957.14,161765.07,1,39800.0
2019-09-18,129807.93,31957.14,161765.07,1,39800.0
2019-09-19,129807.93,31957.14,161765.07,1,39800.0
2019-09-20,129807.93,31957.14,161765.07,1,39800.0
2019-09-21,129807.93,31957.14,161765.07,1,39800.0
2019-09-22,129807.93,31957.14,161765.07,1,39800.0
2019-09-23,164960.78,0.0,164960.78,0,39800.0
2019-09-24,131968.63,32992.16,164960.78,1,39800.0
2019-09-25,131968.63,32992.16,164960.78,1,39800.0
2019-09-26,131968.63,32992.16,164960.78,1,39800.0
2019-09-27,103925.29,61035.49,164960.78,2,39800.0
2019-09-28,103925.29,61035.49,164960.78,2,39800.0
2019-09-29,103925.29,61035.49,164960.78,2,39800.0
2019-09-30,70933.14,94027.65,164960.78,3,39800.0
2019-10-01,71133.14,94027.65,165160.78,3,40000.0
2019-10-02,71133.14,94027.65,165160.78,3,40000.0
2019-10-03,71133.14,94027.65,165160.78,3,40000.0
2019-10-04,71133.14,94027.65,165160.78,3,40000.0
2019-10-05,71133.14,94027.65,165160.78,3,40000.0
2019-10-06,71133.14,94027.65,165160.78,3,40000.0
2019-10-07,71133.14,94027.65,165160.78,3,40000.0
2019-10-08,71133.14,94027.65,165160.78,3,40000.0
2019-10-09,71133.14,94027.65,165160.78,3,40000.0
2019-10-10,71133.14,94027.65,165160.78,3,40000.0
2019-10-11,71133.14,94027.65,165160.78,3,40000.0
2019-10-12,71133.14,94027.65,165160.78,3,40000.0
2019-10-13,71133.14,94027.65,165160.78,3,40000.0
2019-10-14,71133.14,94027.65,165160.78,3,40000.0
2019-10-15,71133.14,94027.65,165160.78,3,40000.0
2019-10-16,71133.14,94027.65,165160.78,3,40000.0
2019-10-17,71133.14,94027.65,165160.78,3,40000.0
2019-10-18,71133.14,94027.65,165160.78,3,40000.0
2019-10-19,71133.14,94027.65,165160.78,3,40000.0
2019-10-20,71133.14,94027.65,165160.78,3,40000.0
2019-10-21,102011.65,65984.31,167995.97,2,40000.0
2019-10-22,102011.65,65984.31,167995.97,2,40000.0
2019-10-23,102011.65,65984.31,167995.97,2,40000.0
2019-10-24,108921.05,58035.66,166956.71,2,40000.0
2019-10-25,108921.05,58035.66,166956.71,2,40000.0
2019-10-26,108921.05,58035.66,166956.71,2,40000.0
2019-10-27,108921.05,58035.66,166956.71,2,40000.0
2019-10-28,42138.36,124818.35,166956.71,4,40000.0
2019-10-29,13755.72,153200.99,166956.71,5,40000.0
2019-10-30,4471.75,161769.03,166240.78,5,40000.0
2019-10-31,0.0,166240.78,166240.78,6,40000.0
2019-11-01,5118.93,161769.03,166887.96,5,40200.0
2019-11-02,5118.93,161769.03,166887.96,5,40200.0
2019-11-03,5118.93,161769.03,166887.96,5,40200.0
2019-11-04,5118.93,161769.03,166887.96,5,40200.0
2019-11-05,5118.93,161769.03,166887.96,5,40200.0
2019-11-06,5118.93,161769.03,166887.96,5,40200.0
2019-11-07,5118.93,161769.03,166887.96,5,40200.0
2019-11-08,5118.93,161769.03,166887.96,5,40200.0
2019-11-09,5118.93,161769.03,166887.96,5,40200.0
2019-11-10,5118.93,161769.03,166887.96,5,40200.0
2019-11-11,5118.93,161769.03,166887.96,5,40200.0
2019-11-12,5118.93,161769.03,166887.96,5,40200.0
2019-11-13,5118.93,161769.03,166887.96,5,40200.0
2019-11-14,5118.93,161769.03,166887.96,5,40200.0
2019-11-15,5118.93,161769.03,166887.96,5,40200.0
2019-11-16,5118.93,161769.03,166887.96,5,40200.0
2019-11-17,5118.93,161769.03,166887.96,5,40200.0
2019-11-18,5118.93,161769.03,166887.96,5,40200.0
2019-11-19,5118.93,161769.03,166887.96,5,40200.0
2019-11-20,5118.93,161769.03,166887.96,5,40200.0
2019-11-21,5118.93,161769.03,166887.96,5,40200.0
2019-11-22,5118.93,161769.03,166887.96,5,40200.0
2019-11-23,5118.93,161769.03,166887.96,5,40200.0
2019-11-24,5118.93,161769.03,166887.96,5,40200.0
2019-11-25,0.0,168127.61,168127.61,6,40200.0
2019-11-26,0.0,168127.61,168127.61,6,40200.0
2019-11-27,0.0,166472.24,166472.24,6,40200.0
2019-11-28,0.0,166472.24,166472.24,6,40200.0
2019-11-29,30221.84,138089.59,168311.43,5,40200.0
2019-11-30,30221.84,138089.59,168311.43,5,40200.0
2019-12-01,30421.84,138089.59,168511.43,5,40400.0
2019-12-02,30421.84,138089.59,168511.43,5,40400.0
2019-12-03,30421.84,138089.59,168511.43,5,40400.0
2019-12-04,56148.78,114701.46,170850.24,4,40400.0
2019-12-05,56148.78,114701.46,170850.24,4,40400.0
2019-12-06,56148.78,114701.46,170850.24,4,40400.0
2019-12-07,56148.78,114701.46,170850.24,4,40400.0
2019-12-08,56148.78,114701.46,170850.24,4,40400.0
2019-12-09,56148.78,114701.46,170850.24,4,40400.0
2019-12-10,56148.78,114701.46,170850.24,4,40400.0
2019-12-11,56148.78,114701.46,170850.24,4,40400.0
2019-12-12,56148.78,114701.46,170850.24,4,40400.0
2019-12-13,56148.78,114701.46,170850.24,4,40400.0
2019-12-14,56148.78,114701.46,170850.24,4,40400.0
2019-12-15,56148.78,114701.46,170850.24,4,40400.0
2019-12-16,56148.78,114701.46,170850.24,4,40400.0
2019-12-17,56148.78,114701.46,170850.24,4,40400.0
2019-12-18,104399.27,72962.29,177361.56,3,40400.0
2019-12-19,104399.27,72962.29,177361.56,3,40400.0
2019-12-20,104399.27,72962.29,177361.56,3,40400.0
2019-12-21,104399.27,72962.29,177361.56,3,40400.0
2019-12-22,104399.27,72962.29,177361.56,3,40400.0
2019-12-23,135839.13,44380.59,180219.73,2,40400.0
2019-12-24,135839.13,44380.59,180219.73,2,40400.0
2019-12-25,135839.13,44380.59,180219.73,2,40400.0
2019-12-26,81053.47,99260.74,180314.21,3,40400.0
2019-12-27,81053.47,99260.74,180314.21,3,40400.0
2019-12-28,81053.47,99260.74,180314.21,3,40400.0
2019-12-29,81053.47,99260.74,180314.21,3,40400.0
2019-12-30,44990.62,135323.58,180314.21,4,40400.0
2019-12-31,17943.49,162370.72,180314.21,5,40400.0
2020-01-01,18143.49,162370.72,180514.21,5,40600.0
2020-01-02,18143.49,162370.72,180514.21,5,40600.0
2020-01-03,18143.49,162370.72,180514.21,5,40600.0
2020-01-04,18143.49,162370.72,180514.21,5,40600.0
2020-01-05,18143.49,162370.72,180514.21,5,40600.0
2020-01-06,18143.49,162370.72,180514.21,5,40600.0
2020-01-07,18143.49,162370.72,180514.21,5,40600.0
2020-01-08,18143.49,162370.72,180514.21,5,40600.0
2020-01-09,18143.49,162370.72,180514.21,5,40600.0
2020-01-10,18143.49,162370.72,180514.21,5,40600.0
2020-01-11,18143.49,162370.72,180514.21,5,40600.0
2020-01-12,18143.49,162370.72,180514.21,5,40600.0
2020-01-13,18143.49,162370.72,180514.21,5,40600.0
2020-01-14,18143.49,162370.72,180514.21,5,40600.0
2020-01-15,18143.49,162370.72,180514.21,5,40600.0
2020-01-16,18143.49,162370.72,180514.21,5,40600.0
2020-01-17,18143.49,162370.72,180514.21,5,40600.0
2020-01-18,18143.49,162370.72,180514.21,5,40600.0
2020-01-19,18143.49,162370.72,180514.21,5,40600.0
2020-01-20,18143.49,162370.72,180514.21,5,40600.0
2020-01-21,18143.49,162370.72,180514.21,5,40600.0
2020-01-22,18143.49,162370.72,180514.21,5,40600.0
2020-01-23,18143.49,162370.72,180514.21,5,40600.0
2020-01-24,18143.49,162370.72,180514.21,5,40600.0
2020-01-25,18143.49,162370.72,180514.21,5,40600.0
2020-01-26,18143.49,162370.72,180514.21,5,40600.0
2020-01-27,75144.96,104670.17,179815.13,3,40600.0
2020-01-28,75144.96,104670.17,179815.13,3,40600.0
2020-01-29,105791.16,68607.33,174398.49,2,40600.0
2020-01-30,133043.85,41560.2,174604.05,1,40600.0
2020-01-31,133043.85,41560.2,174604.05,1,40600.0
2020-02-01,133243.85,41560.2,174804.05,1,40800.0
2020-02-02,133243.85,41560.2,174804.05,1,40800.0
2020-02-03,133243.85,41560.2,174804.05,1,40800.0
2020-02-04,133243.85,41560.2,174804.05,1,40800.0
2020-02-05,133243.85,41560.2,174804.05,1,40800.0
2020-02-06,133243.85,41560.2,174804.05,1,40800.0
2020-02-07,133243.85,41560.2,174804.05,1,40800.0
2020-02-08,133243.85,41560.2,174804.05,1,40800.0
2020-02-09,133243.85,41560.2,174804.05,1,40800.0
2020-02-10,133243.85,41560.2,174804.05,1,40800.0
2020-02-11,133243.85,41560.2,174804.05,1,40800.0
2020-02-12,133243.85,41560.2,174804.05,1,40800.0
2020-02-13,133243.85,41560.2,174804.05,1,40800.0
2020-02-14,133243.85,41560.2,174804.05,1,40800.0
2020-02-15,133243.85,41560.2,174804.05,1,40800.0
2020-02-16,133243.85,41560.2,174804.05,1,40800.0
2020-02-17,133243.85,41560.2,174804.05,1,40800.0
2020-02-18,133243.85,41560.2,174804.05,1,40800.0
2020-02-19,133243.85,41560.2,174804.05,1,40800.0
2020-02-20,133243.85,41560.2,174804.05,1,40800.0
2020-02-21,133243.85,41560.2,174804.05,1,40800.0
2020-02-22,133243.85,41560.2,174804.05,1,40800.0
2020-02-23,133243.85,41560.2,174804.05,1,40800.0
2020-02-24,133243.85,41560.2,174804.05,1,40800.0
2020-02-25,98283.04,76521.01,174804.05,2,40800.0
2020-02-26,54582.03,120222.02,174804.05,3,40800.0
2020-02-27,0.0,160644.4,160644.4,6,40800.0
2020-02-28,0.0,163375.35,163375.35,6,40800.0
2020-02-29,0.0,163375.35,163375.35,6,40800.0
2020-03-01,200.0,163375.35,163575.35,6,41000.0
2020-03-02,200.0,163375.35,163575.35,6,41000.0
2020-03-03,33244.55,133334.85,166579.4,5,41000.0
2020-03-04,33244.55,133334.85,166579.4,5,41000.0
2020-03-05,33244.55,133334.85,166579.4,5,41000.0
2020-03-06,33244.55,133334.85,166579.4,5,41000.0
2020-03-07,33244.55,133334.85,166579.4,5,41000.0
2020-03-08,33244.55,133334.85,166579.4,5,41000.0
2020-03-09,53726.71,106025.3,159752.02,4,41000.0
2020-03-10,53726.71,106025.3,159752.02,4,41000.0
2020-03-11,53726.71,106025.3,159752.02,4,41000.0
2020-03-12,100310.89,43701.01,144011.91,1,41000.0
2020-03-13,100310.89,43701.01,144011.91,1,41000.0
2020-03-14,100310.89,43701.01,144011.91,1,41000.0
2020-03-15,100310.89,43701.01,144011.91,1,41000.0
2020-03-16,100310.89,43701.01,144011.91,1,41000.0
2020-03-17,100310.89,43701.01,144011.91,1,41000.0
2020-03-18,100310.89,43701.01,144011.91,1,41000.0
2020-03-19,100310.89,43701.01,144011.91,1,41000.0
2020-03-20,100310.89,43701.01,144011.91,1,41000.0
2020-03-21,100310.89,43701.01,144011.91,1,41000.0
2020-03-22,100310.89,43701.01,144011.91,1,41000.0
2020-03-23,100310.89,43701.01,144011.91,1,41000.0
2020-03-24,100310.89,43701.01,144011.91,1,41000.0
2020-03-25,100310.89,43701.01,144011.91,1,41000.0
2020-03-26,100310.89,43701.01,144011.91,1,41000.0
2020-03-27,100310.89,43701.01,144011.91,1,41000.0
2020-03-28,100310.89,43701.01,144011.91,1,41000.0
2020-03-29,100310.89,43701.01,144011.91,1,41000.0
2020-03-30,100310.89,43701.01,144011.91,1,41000.0
2020-03-31,100310.89,43701.01,144011.91,1,41000.0
2020-04-01,100510.89,43701.01,144211.91,1,41200.0
2020-04-02,100510.89,43701.01,144211.91,1,41200.0
2020-04-03,100510.89,43701.01,144211.91,1,41200.0
2020-04-04,100510.89,43701.01,144211.91,1,41200.0
2020-04-05,100510.89,43701.01,144211.91,1,41200.0
2020-04-06,100510.89,43701.01,144211.91,1,41200.0
2020-04-07,100510.89,43701.01,144211.91,1,41200.0
2020-04-08,100510.89,43701.01,144211.91,1,41200.0
2020-04-09,100510.89,43701.01,144211.91,1,41200.0
2020-04-10,100510.89,43701.01,144211.91,1,41200.0
2020-04-11,100510.89,43701.01,144211.91,1,41200.0
2020-04-12,100510.89,43701.01,144211.91,1,41200.0
2020-04-13,100510.89,43701.01,144211.91,1,41200.0
2020-04-14,100510.89,43701.01,144211.91,1,41200.0
2020-04-15,100510.89,43701.01,144211.91,1,41200.0
2020-04-16,100510.89,43701.01,144211.91,1,41200.0
2020-04-17,100510.89,43701.01,144211.91,1,41200.0
2020-04-18,100510.89,43701.01,144211.91,1,41200.0
2020-04-19,100510.89,43701.01,144211.91,1,41200.0
2020-04-20,100510.89,43701.01,144211.91,1,41200.0
2020-04-21,100510.89,43701.01,144211.91,1,41200.0
2020-04-22,100510.89,43701.01,144211.91,1,41200.0
2020-04-23,100510.89,43701.01,144211.91,1,41200.0
2020-04-24,100510.89,43701.01,144211.91,1,41200.0
2020-04-25,100510.89,43701.01,144211.91,1,41200.0
2020-04-26,100510.89,43701.01,144211.91,1,41200.0
2020-04-27,100510.89,43701.01,144211.91,1,41200.0
2020-04-28,100510.89,43701.01,144211.91,1,41200.0
2020-04-29,100510.89,43701.01,144211.91,1,41200.0
2020-04-30,100510.89,43701.01,144211.91,1,41200.0
2020-05-01,100710.89,43701.01,144411.91,1,41400.0
2020-05-02,100710.89,43701.01,144411.91,1,41400.0
2020-05-03,100710.89,43701.01,144411.91,1,41400.0
2020-05-04,100710.89,43701.01,144411.91,1,41400.0
2020-05-05,100710.89,43701.01,144411.91,1,41400.0
2020-05-06,100710.89,43701.01,144411.91,1,41400.0
2020-05-07,100710.89,43701.01,144411.91,1,41400.0
2020-05-08,100710.89,43701.01,144411.91,1,41400.0
2020-05-09,100710.89,43701.01,144411.91,1,41400.0
2020-05-10,100710.89,43701.01,144411.91,1,41400.0
2020-05-11,100710.89,43701.01,144411.91,1,41400.0
2020-05-12,100710.89,43701.01,144411.91,1,41400.0
2020-05-13,100710.89,43701.01,144411.91,1,41400.0
2020-05-14,100710.89,43701.01,144411.91,1,41400.0
2020-05-15,100710.89,43701.01,144411.91,1,41400.0
2020-05-16,100710.89,43701.01,144411.91,1,41400.0
2020-05-17,100710.89,43701.01,144411.91,1,41400.0
2020-05-18,100710.89,43701.01,144411.91,1,41400.0
2020-05-19,100710.89,43701.01,144411.91,1,41400.0
2020-05-20,100710.89,43701.01,144411.91,1,41400.0
2020-05-21,100710.89,43701.01,144411.91,1,41400.0
2020-05-22,100710.89,43701.01,144411.91,1,41400.0
2020-05-23,100710.89,43701.01,144411.91,1,41400.0
2020-05-24,100710.89,43701.01,144411.91,1,41400.0
2020-05-25,100710.89,43701.01,144411.91,1,41400.0
2020-05-26,100710.89,43701.01,144411.91,1,41400.0
2020-05-27,100710.89,43701.01,144411.91,1,41400.0
2020-05-28,100710.89,43701.01,144411.91,1,41400.0
2020-05-29,100710.89,43701.01,144411.91,1,41400.0
2020-05-30,100710.89,43701.01,144411.91,1,41400.0
2020-05-31,100710.89,43701.01,144411.91,1,41400.0
2020-06-01,100910.89,43701.01,144611.91,1,41600.0
2020-06-02,100910.89,43701.01,144611.91,1,41600.0
2020-06-03,100910.89,43701.01,144611.91,1,41600.0
2020-06-04,100910.89,43701.01,144611.91,1,41600.0
2020-06-05,100910.89,43701.01,144611.91,1,41600.0
2020-06-06,100910.89,43701.01,144611.91,1,41600.0
2020-06-07,100910.89,43701.01,144611.91,1,41600.0
2020-06-08,100910.89,43701.01,144611.91,1,41600.0
2020-06-09,100910.89,43701.01,144611.91,1,41600.0
2020-06-10,100910.89,43701.01,144611.91,1,41600.0
2020-06-11,100910.89,43701.01,144611.91,1,41600.0
2020-06-12,100910.89,43701.01,144611.91,1,41600.0
2020-06-13,100910.89,43701.01,144611.91,1,41600.0
2020-06-14,100910.89,43701.01,144611.91,1,41600.0
2020-06-15,100910.89,43701.01,144611.91,1,41600.0
2020-06-16,100910.89,43701.01,144611.91,1,41600.0
2020-06-17,100910.89,43701.01,144611.91,1,41600.0
2020-06-18,100910.89,43701.01,144611.91,1,41600.0
2020-06-19,100910.89,43701.01,144611.91,1,41600.0
2020-06-20,100910.89,43701.01,144611.91,1,41600.0
2020-06-21,100910.89,43701.01,144611.91,1,41600.0
2020-06-22,100910.89,43701.01,144611.91,1,41600.0
2020-06-23,71988.51,72623.39,144611.91,2,41600.0
2020-06-24,50296.73,94315.18,144611.91,3,41600.0
2020-06-25,50296.73,94315.18,144611.91,3,41600.0
2020-06-26,89133.82,50614.17,139747.98,2,41600.0
2020-06-27,89133.82,50614.17,139747.98,2,41600.0
2020-06-28,89133.82,50614.17,139747.98,2,41600.0
2020-06-29,89133.82,50614.17,139747.98,2,41600.0
2020-06-30,65376.66,74371.32,139747.98,3,41600.0
2020-07-01,65576.66,74371.32,139947.98,3,41800.0
2020-07-02,65576.66,74371.32,139947.98,3,41800.0
2020-07-03,65576.66,74371.32,139947.98,3,41800.0
2020-07-04,65576.66,74371.32,139947.98,3,41800.0
2020-07-05,65576.66,74371.32,139947.98,3,41800.0
2020-07-06,65576.66,74371.32,139947.98,3,41800.0
2020-07-07,65576.66,74371.32,139947.98,3,41800.0
2020-07-08,65576.66,74371.32,139947.98,3,41800.0
2020-07-09,65576.66,74371.32,139947.98,3,41800.0
2020-07-10,65576.66,74371.32,139947.98,3,41800.0
2020-07-11,65576.66,74371.32,139947.98,3,41800.0
2020-07-12,65576.66,74371.32,139947.98,3,41800.0
2020-07-13,65576.66,74371.32,139947.98,3,41800.0
2020-07-14,65576.66,74371.32,139947.98,3,41800.0
2020-07-15,65576.66,74371.32,139947.98,3,41800.0
2020-07-16,65576.66,74371.32,139947.98,3,41800.0
2020-07-17,65576.66,74371.32,139947.98,3,41800.0
2020-07-18,65576.66,74371.32,139947.98,3,41800.0
2020-07-19,65576.66,74371.32,139947.98,3,41800.0
2020-07-20,65576.66,74371.32,139947.98,3,41800.0
2020-07-21,65576.66,74371.32,139947.98,3,41800.0
2020-07-22,65576.66,74371.32,139947.98,3,41800.0
2020-07-23,92702.96,45448.94,138151.9,2,41800.0
2020-07-24,115058.51,23757.16,138815.67,1,41800.0
2020-07-25,115058.51,23757.16,138815.67,1,41800.0
2020-07-26,115058.51,23757.16,138815.67,1,41800.0
2020-07-27,66473.03,72342.64,138815.67,3,41800.0
2020-07-28,66473.03,72342.64,138815.67,3,41800.0
2020-07-29,66473.03,72342.64,138815.67,3,41800.0
2020-07-30,66552.65,72167.99,138720.64,3,41800.0
2020-07-31,22162.04,116558.6,138720.64,5,41800.0
2020-08-01,22362.04,116558.6,138920.64,5,42000.0
2020-08-02,22362.04,116558.6,138920.64,5,42000.0
2020-08-03,22362.04,116558.6,138920.64,5,42000.0
2020-08-04,22362.04,116558.6,138920.64,5,42000.0
2020-08-05,22362.04,116558.6,138920.64,5,42000.0
2020-08-06,22362.04,116558.6,138920.64,5,42000.0
2020-08-07,45266.63,95736.25,141002.88,4,42000.0
2020-08-08,45266.63,95736.25,141002.88,4,42000.0
2020-08-09,45266.63,95736.25,141002.88,4,42000.0
2020-08-10,71207.39,72153.74,143361.13,3,42000.0
2020-08-11,94323.1,51345.64,145668.75,2,42000.0
2020-08-12,120263.86,27763.13,148027.0,1,42000.0
2020-08-13,120263.86,27763.13,148027.0,1,42000.0
2020-08-14,120263.86,27763.13,148027.0,1,42000.0
2020-08-15,120263.86,27763.13,148027.0,1,42000.0
2020-08-16,120263.86,27763.13,148027.0,1,42000.0
2020-08-17,120263.86,27763.13,148027.0,1,42000.0
2020-08-18,120263.86,27763.13,148027.0,1,42000.0
2020-08-19,120263.86,27763.13,148027.0,1,42000.0
2020-08-20,120263.86,27763.13,148027.0,1,42000.0
2020-08-21,120263.86,27763.13,148027.0,1,42000.0
2020-08-22,120263.86,27763.13,148027.0,1,42000.0
2020-08-23,120263.86,27763.13,148027.0,1,42000.0
2020-08-24,120263.86,27763.13,148027.0,1,42000.0
2020-08-25,69934.68,78092.31,148027.0,3,42000.0
2020-08-26,25399.63,123088.23,148487.87,5,42000.0
2020-08-27,0.0,148487.87,148487.87,6,42000.0
2020-08-28,0.0,148487.87,148487.87,6,42000.0
2020-08-29,0.0,148487.87,148487.87,6,42000.0
2020-08-30,0.0,148487.87,148487.87,6,42000.0
2020-08-31,0.0,152496.59,152496.59,6,42000.0
2020-09-01,33749.31,123323.28,157072.58,5,42200.0
2020-09-02,33749.31,123323.28,157072.58,5,42200.0
2020-09-03,33749.31,123323.28,157072.58,5,42200.0
2020-09-04,33749.31,123323.28,157072.58,5,42200.0
2020-09-05,33749.31,123323.28,157072.58,5,42200.0
2020-09-06,33749.31,123323.28,157072.58,5,42200.0
2020-09-07,33749.31,123323.28,157072.58,5,42200.0
2020-09-08,33749.31,123323.28,157072.58,5,42200.0
2020-09-09,33749.31,123323.28,157072.58,5,42200.0
2020-09-10,33749.31,123323.28,157072.58,5,42200.0
2020-09-11,33749.31,123323.28,157072.58,5,42200.0
2020-09-12,33749.31,123323.28,157072.58,5,42200.0
2020-09-13,33749.31,123323.28,157072.58,5,42200.0
2020-09-14,33749.31,123323.28,157072.58,5,42200.0
2020-09-15,33749.31,123323.28,157072.58,5,42200.0
2020-09-16,33749.31,123323.28,157072.58,5,42200.0
2020-09-17,33749.31,123323.28,157072.58,5,42200.0
2020-09-18,33749.31,123323.28,157072.58,5,42200.0
2020-09-19,33749.31,123323.28,157072.58,5,42200.0
2020-09-20,33749.31,123323.28,157072.58,5,42200.0
2020-09-21,10188.42,146884.16,157072.58,6,42200.0
2020-09-22,10188.42,146884.16,157072.58,6,42200.0
2020-09-23,0.0,157072.58,157072.58,7,42200.0
2020-09-24,0.0,157455.08,157455.08,7,42200.0
2020-09-25,5632.78,144915.24,150548.02,6,42200.0
2020-09-26,5632.78,144915.24,150548.02,6,42200.0
2020-09-27,5632.78,144915.24,150548.02,6,42200.0
2020-09-28,729.77,149576.95,150306.73,6,42200.0
2020-09-29,0.0,150306.73,150306.73,7,42200.0
2020-09-30,0.0,150306.73,150306.73,7,42200.0
2020-10-01,200.0,150306.73,150506.73,7,42400.0
2020-10-02,200.0,150306.73,150506.73,7,42400.0
2020-10-03,200.0,150306.73,150506.73,7,42400.0
2020-10-04,200.0,150306.73,150506.73,7,42400.0
2020-10-05,115859.1,46872.87,162731.96,3,42400.0
2020-10-06,115859.1,46872.87,162731.96,3,42400.0
2020-10-07,115859.1,46872.87,162731.96,3,42400.0
2020-10-08,116661.85,46143.09,162804.94,2,42400.0
2020-10-09,116661.85,46143.09,162804.94,2,42400.0
2020-10-10,116661.85,46143.09,162804.94,2,42400.0
2020-10-11,116661.85,46143.09,162804.94,2,42400.0
2020-10-12,116661.85,46143.09,162804.94,2,42400.0
2020-10-13,116661.85,46143.09,162804.94,2,42400.0
2020-10-14,116661.85,46143.09,162804.94,2,42400.0
2020-10-15,116661.85,46143.09,162804.94,2,42400.0
2020-10-16,116661.85,46143.09,162804.94,2,42400.0
2020-10-17,116661.85,46143.09,162804.94,2,42400.0
2020-10-18,116661.85,46143.09,162804.94,2,42400.0
2020-10-19,116661.85,46143.09,162804.94,2,42400.0
2020-10-20,116661.85,46143.09,162804.94,2,42400.0
2020-10-21,140898.93,22582.2,163481.14,1,42400.0
2020-10-22,140898.93,22582.2,163481.14,1,42400.0
2020-10-23,116376.76,47104.37,163481.14,2,42400.0
2020-10-24,143351.15,22582.2,165933.35,1,42400.0
2020-10-25,143351.15,22582.2,165933.35,1,42400.0
2020-10-26,141655.67,24998.06,166653.73,1,42400.0
2020-10-27,113324.53,53329.19,166653.73,2,42400.0
2020-10-28,51662.65,114991.07,166653.73,4,42400.0
2020-10-29,37330.43,132656.37,169986.8,5,42400.0
2020-10-30,0.0,169986.8,169986.8,6,42400.0
2020-10-31,0.0,169986.8,169986.8,6,42400.0
2020-11-01,200.0,169986.8,170186.8,6,42600.0
2020-11-02,28247.82,144488.78,172736.6,5,42600.0
2020-11-03,55745.69,119490.72,175236.41,4,42600.0
2020-11-04,55745.69,119490.72,175236.41,4,42600.0
2020-11-05,83859.8,93992.7,177852.5,3,42600.0
2020-11-06,83859.8,93992.7,177852.5,3,42600.0
2020-11-07,83859.8,93992.7,177852.5,3,42600.0
2020-11-08,83859.8,93992.7,177852.5,3,42600.0
2020-11-09,160787.43,28331.13,189118.56,1,42600.0
2020-11-10,160787.43,28331.13,189118.56,1,42600.0
2020-11-11,160787.43,28331.13,189118.56,1,42600.0
2020-11-12,160787.43,28331.13,189118.56,1,42600.0
2020-11-13,160787.43,28331.13,189118.56,1,42600.0
2020-11-14,160787.43,28331.13,189118.56,1,42600.0
2020-11-15,160787.43,28331.13,189118.56,1,42600.0
2020-11-16,160787.43,28331.13,189118.56,1,42600.0
2020-11-17,160787.43,28331.13,189118.56,1,42600.0
2020-11-18,160787.43,28331.13,189118.56,1,42600.0
2020-11-19,160787.43,28331.13,189118.56,1,42600.0
2020-11-20,160787.43,28331.13,189118.56,1,42600.0
2020-11-21,160787.43,28331.13,189118.56,1,42600.0
2020-11-22,160787.43,28331.13,189118.56,1,42600.0
2020-11-23,160787.43,28331.13,189118.56,1,42600.0
2020-11-24,160787.43,28331.13,189118.56,1,42600.0
2020-11-25,160787.43,28331.13,189118.56,1,42600.0
2020-11-26,160787.43,28331.13,189118.56,1,42600.0
2020-11-27,188908.91,0.0,188908.91,0,42600.0
2020-11-28,188908.91,0.0,188908.91,0,42600.0
2020-11-29,188908.91,0.0,188908.91,0,42600.0
2020-11-30,188908.91,0.0,188908.91,0,42600.0
2020-12-01,189108.91,0.0,189108.91,0,42800.0
2020-12-02,189108.91,0.0,189108.91,0,42800.0
2020-12-03,189108.91,0.0,189108.91,0,42800.0
2020-12-04,189108.91,0.0,189108.91,0,42800.0
2020-12-05,189108.91,0.0,189108.91,0,42800.0
2020-12-06,189108.91,0.0,189108.91,0,42800.0
2020-12-07,189108.91,0.0,189108.91,0,42800.0
2020-12-08,189108.91,0.0,189108.91,0,42800.0
2020-12-09,189108.91,0.0,189108.91,0,42800.0
2020-12-10,189108.91,0.0,189108.91,0,42800.0
2020-12-11,189108.91,0.0,189108.91,0,42800.0
2020-12-12,189108.91,0.0,189108.91,0,42800.0
2020-12-13,189108.91,0.0,189108.91,0,42800.0
2020-12-14,189108.91,0.0,189108.91,0,42800.0
2020-12-15,189108.91,0.0,189108.91,0,42800.0
2020-12-16,189108.91,0.0,189108.91,0,42800.0
2020-12-17,189108.91,0.0,189108.91,0,42800.0
2020-12-18,189108.91,0.0,189108.91,0,42800.0
2020-12-19,189108.91,0.0,189108.91,0,42800.0
2020-12-20,189108.91,0.0,189108.91,0,42800.0
2020-12-21,189108.91,0.0,189108.91,0,42800.0
2020-12-22,189108.91,0.0,189108.91,0,42800.0
2020-12-23,189108.91,0.0,189108.91,0,42800.0
2020-12-24,189108.91,0.0,189108.91,0,42800.0
2020-12-25,189108.91,0.0,189108.91,0,42800.0
2020-12-26,189108.91,0.0,189108.91,0,42800.0
2020-12-27,189108.91,0.0,189108.91,0,42800.0
2020-12-28,189108.91,0.0,189108.91,0,42800.0
2020-12-29,189108.91,0.0,189108.91,0,42800.0
2020-12-30,189108.91,0.0,189108.91,0,42800.0
2020-12-31,189108.91,0.0,189108.91,0,42800.0
2021-01-01,189308.91,0.0,189308.91,0,43000.0
2021-01-02,189308.91,0.0,189308.91,0,43000.0
2021-01-03,189308.91,0.0,189308.91,0,43000.0
2021-01-04,189308.91,0.0,189308.91,0,43000.0
2021-01-05,189308.91,0.0,189308.91,0,43000.0
2021-01-06,189308.91,0.0,189308.91,0,43000.0
2021-01-07,189308.91,0.0,189308.91,0,43000.0
2021-01-08,189308.91,0.0,189308.91,0,43000.0
2021-01-09,189308.91,0.0,189308.91,0,43000.0
2021-01-10,189308.91,0.0,189308.91,0,43000.0
2021-01-11,189308.91,0.0,189308.91,0,43000.0
2021-01-12,189308.91,0.0,189308.91,0,43000.0
2021-01-13,189308.91,0.0,189308.91,0,43000.0
2021-01-14,189308.91,0.0,189308.91,0,43000.0
2021-01-15,189308.91,0.0,189308.91,0,43000.0
2021-01-16,189308.91,0.0,189308.91,0,43000.0
2021-01-17,189308.91,0.0,189308.91,0,43000.0
2021-01-18,189308.91,0.0,189308.91,0,43000.0
2021-01-19,189308.91,0.0,189308.91,0,43000.0
2021-01-20,189308.91,0.0,189308.91,0,43000.0
2021-01-21,189308.91,0.0,189308.91,0,43000.0
2021-01-22,189308.91,0.0,189308.91,0,43000.0
2021-01-23,189308.91,0.0,189308.91,0,43000.0
2021-01-24,189308.91,0.0,189308.91,0,43000.0
2021-01-25,189308.91,0.0,189308.91,0,43000.0
2021-01-26,189308.91,0.0,189308.91,0,43000.0
2021-01-27,189308.91,0.0,189308.91,0,43000.0
2021-01-28,189308.91,0.0,189308.91,0,43000.0
2021-01-29,189308.91,0.0,189308.91,0,43000.0
2021-01-30,189308.91,0.0,189308.91,0,43000.0
2021-01-31,189308.91,0.0,189308.91,0,43000.0
2021-02-01,189508.91,0.0,189508.91,0,43200.0
2021-02-02,189508.91,0.0,189508.91,0,43200.0
2021-02-03,189508.91,0.0,189508.91,0,43200.0
2021-02-04,189508.91,0.0,189508.91,0,43200.0
2021-02-05,189508.91,0.0,189508.91,0,43200.0
2021-02-06,189508.91,0.0,189508.91,0,43200.0
2021-02-07,189508.91,0.0,189508.91,0,43200.0
2021-02-08,189508.91,0.0,189508.91,0,43200.0
2021-02-09,189508.91,0.0,189508.91,0,43200.0
2021-02-10,189508.91,0.0,189508.91,0,43200.0
2021-02-11,189508.91,0.0,189508.91,0,43200.0
2021-02-12,189508.91,0.0,189508.91,0,43200.0
2021-02-13,189508.91,0.0,189508.91,0,43200.0
2021-02-14,189508.91,0.0,189508.91,0,43200.0
2021-02-15,189508.91,0.0,189508.91,0,43200.0
2021-02-16,189508.91,0.0,189508.91,0,43200.0
2021-02-17,189508.91,0.0,189508.91,0,43200.0
2021-02-18,189508.91,0.0,189508.91,0,43200.0
2021-02-19,189508.91,0.0,189508.91,0,43200.0
2021-02-20,189508.91,0.0,189508.91,0,43200.0
2021-02-21,189508.91,0.0,189508.91,0,43200.0
2021-02-22,189508.91,0.0,189508.91,0,43200.0
2021-02-23,189508.91,0.0,189508.91,0,43200.0
2021-02-24,189508.91,0.0,189508.91,0,43200.0
2021-02-25,123180.79,66328.12,189508.91,2,43200.0
2021-02-26,123180.79,66328.12,189508.91,2,43200.0
2021-02-27,123180.79,66328.12,189508.91,2,43200.0
2021-02-28,123180.79,66328.12,189508.91,2,43200.0
2021-03-01,123380.79,66328.12,189708.91,2,43400.0
2021-03-02,123380.79,66328.12,189708.91,2,43400.0
2021-03-03,151807.13,28426.34,180233.47,1,43400.0
2021-03-04,151807.13,28426.34,180233.47,1,43400.0
2021-03-05,151807.13,28426.34,180233.47,1,43400.0
2021-03-06,151807.13,28426.34,180233.47,1,43400.0
2021-03-07,151807.13,28426.34,180233.47,1,43400.0
2021-03-08,151807.13,28426.34,180233.47,1,43400.0
2021-03-09,151807.13,28426.34,180233.47,1,43400.0
2021-03-10,151807.13,28426.34,180233.47,1,43400.0
2021-03-11,151807.13,28426.34,180233.47,1,43400.0
2021-03-12,151807.13,28426.34,180233.47,1,43400.0
2021-03-13,151807.13,28426.34,180233.47,1,43400.0
2021-03-14,151807.13,28426.34,180233.47,1,43400.0
2021-03-15,151807.13,28426.34,180233.47,1,43400.0
2021-03-16,151807.13,28426.34,180233.47,1,43400.0
2021-03-17,151807.13,28426.34,180233.47,1,43400.0
2021-03-18,151807.13,28426.34,180233.47,1,43400.0
2021-03-19,151807.13,28426.34,180233.47,1,43400.0
2021-03-20,151807.13,28426.34,180233.47,1,43400.0
2021-03-21,151807.13,28426.34,180233.47,1,43400.0
2021-03-22,151807.13,28426.34,180233.47,1,43400.0
2021-03-23,151807.13,28426.34,180233.47,1,43400.0
2021-03-24,151807.13,28426.34,180233.47,1,43400.0
2021-03-25,115760.44,64473.03,180233.47,2,43400.0
2021-03-26,79713.74,100519.72,180233.47,3,43400.0
2021-03-27,79713.74,100519.72,180233.47,3,43400.0
2021-03-28,79713.74,100519.72,180233.47,3,43400.0
2021-03-29,122513.03,64027.82,186540.85,2,43400.0
2021-03-30,122513.03,64027.82,186540.85,2,43400.0
2021-03-31,90801.08,95739.76,186540.85,3,43400.0
2021-04-01,126819.72,64027.82,190847.54,2,43600.0
2021-04-02,126819.72,64027.82,190847.54,2,43600.0
2021-04-03,126819.72,64027.82,190847.54,2,43600.0
2021-04-04,126819.72,64027.82,190847.54,2,43600.0
2021-04-05,126819.72,64027.82,190847.54,2,43600.0
2021-04-06,126819.72,64027.82,190847.54,2,43600.0
2021-04-07,126819.72,64027.82,190847.54,2,43600.0
2021-04-08,126819.72,64027.82,190847.54,2,43600.0
2021-04-09,126819.72,64027.82,190847.54,2,43600.0
2021-04-10,126819.72,64027.82,190847.54,2,43600.0
2021-04-11,126819.72,64027.82,190847.54,2,43600.0
2021-04-12,126819.72,64027.82,190847.54,2,43600.0
2021-04-13,126819.72,64027.82,190847.54,2,43600.0
2021-04-14,126819.72,64027.82,190847.54,2,43600.0
2021-04-15,126819.72,64027.82,190847.54,2,43600.0
2021-04-16,126819.72,64027.82,190847.54,2,43600.0
2021-04-17,126819.72,64027.82,190847.54,2,43600.0
2021-04-18,126819.72,64027.82,190847.54,2,43600.0
2021-04-19,126819.72,64027.82,190847.54,2,43600.0
2021-04-20,126819.72,64027.82,190847.54,2,43600.0
2021-04-21,126819.72,64027.82,190847.54,2,43600.0
2021-04-22,126819.72,64027.82,190847.54,2,43600.0
2021-04-23,126819.72,64027.82,190847.54,2,43600.0
2021-04-24,126819.72,64027.82,190847.54,2,43600.0
2021-04-25,126819.72,64027.82,190847.54,2,43600.0
2021-04-26,165043.64,27981.13,193024.77,1,43600.0
2021-04-27,165043.64,27981.13,193024.77,1,43600.0
2021-04-28,190811.46,0.0,190811.46,0,43600.0
2021-04-29,190811.46,0.0,190811.46,0,43600.0
2021-04-30,190811.46,0.0,190811.46,0,43600.0
2021-05-01,191011.46,0.0,191011.46,0,43800.0
2021-05-02,191011.46,0.0,191011.46,0,43800.0
2021-05-03,191011.46,0.0,191011.46,0,43800.0
2021-05-04,191011.46,0.0,191011.46,0,43800.0
2021-05-05,191011.46,0.0,191011.46,0,43800.0
2021-05-06,191011.46,0.0,191011.46,0,43800.0
2021-05-07,191011.46,0.0,191011.46,0,43800.0
2021-05-08,191011.46,0.0,191011.46,0,43800.0
2021-05-09,191011.46,0.0,191011.46,0,43800.0
2021-05-10,191011.46,0.0,191011.46,0,43800.0
2021-05-11,191011.46,0.0,191011.46,0,43800.0
2021-05-12,191011.46,0.0,191011.46,0,43800.0
2021-05-13,191011.46,0.0,191011.46,0,43800.0
2021-05-14,191011.46,0.0,191011.46,0,43800.0
2021-05-15,191011.46,0.0,191011.46,0,43800.0
2021-05-16,191011.46,0.0,191011.46,0,43800.0
2021-05-17,191011.46,0.0,191011.46,0,43800.0
2021-05-18,191011.46,0.0,191011.46,0,43800.0
2021-05-19,191011.46,0.0,191011.46,0,43800.0
2021-05-20,191011.46,0.0,191011.46,0,43800.0
2021-05-21,191011.46,0.0,191011.46,0,43800.0
2021-05-22,191011.46,0.0,191011.46,0,43800.0
2021-05-23,191011.46,0.0,191011.46,0,43800.0
2021-05-24,191011.46,0.0,191011.46,0,43800.0
2021-05-25,162359.74,28651.72,191011.46,1,43800.0
2021-05-26,129887.79,61123.67,191011.46,2,43800.0
2021-05-27,11460.69,179550.77,191011.46,6,43800.0
2021-05-28,78696.72,118427.1,197123.82,4,43800.0
2021-05-29,78696.72,118427.1,197123.82,4,43800.0
2021-05-30,78696.72,118427.1,197123.82,4,43800.0
2021-05-31,78696.72,118427.1,197123.82,4,43800.0
2021-06-01,78896.72,118427.1,197323.82,4,44000.0
2021-06-02,78896.72,118427.1,197323.82,4,44000.0
2021-06-03,78896.72,118427.1,197323.82,4,44000.0
2021-06-04,78896.72,118427.1,197323.82,4,44000.0
2021-06-05,78896.72,118427.1,197323.82,4,44000.0
2021-06-06,78896.72,118427.1,197323.82,4,44000.0
2021-06-07,78896.72,118427.1,197323.82,4,44000.0
2021-06-08,78896.72,118427.1,197323.82,4,44000.0
2021-06-09,78896.72,118427.1,197323.82,4,44000.0
2021-06-10,78896.72,118427.1,197323.82,4,44000.0
2021-06-11,78896.72,118427.1,197323.82,4,44000.0
2021-06-12,78896.72,118427.1,197323.82,4,44000.0
2021-06-13,78896.72,118427.1,197323.82,4,44000.0
2021-06-14,78896.72,118427.1,197323.82,4,44000.0
2021-06-15,78896.72,118427.1,197323.82,4,44000.0
2021-06-16,78896.72,118427.1,197323.82,4,44000.0
2021-06-17,78896.72,118427.1,197323.82,4,44000.0
2021-06-18,78896.72,118427.1,197323.82,4,44000.0
2021-06-19,78896.72,118427.1,197323.82,4,44000.0
2021-06-20,78896.72,118427.1,197323.82,4,44000.0
2021-06-21,78896.72,118427.1,197323.82,4,44000.0
2021-06-22,78896.72,118427.1,197323.82,4,44000.0
2021-06-23,78896.72,118427.1,197323.82,4,44000.0
2021-06-24,107786.25,89775.39,197561.63,3,44000.0
2021-06-25,171450.94,28651.72,200102.66,1,44000.0
2021-06-26,171450.94,28651.72,200102.66,1,44000.0
2021-06-27,171450.94,28651.72,200102.66,1,44000.0
2021-06-28,198781.82,0.0,198781.82,0,44000.0
2021-06-29,198781.82,0.0,198781.82,0,44000.0
2021-06-30,198781.82,0.0,198781.82,0,44000.0
2021-07-01,198981.82,0.0,198981.82,0,44200.0
2021-07-02,198981.82,0.0,198981.82,0,44200.0
2021-07-03,198981.82,0.0,198981.82,0,44200.0
2021-07-04,198981.82,0.0,198981.82,0,44200.0
2021-07-05,198981.82,0.0,198981.82,0,44200.0
2021-07-06,198981.82,0.0,198981.82,0,44200.0
2021-07-07,198981.82,0.0,198981.82,0,44200.0
2021-07-08,198981.82,0.0,198981.82,0,44200.0
2021-07-09,198981.82,0.0,198981.82,0,44200.0
2021-07-10,198981.82,0.0,198981.82,0,44200.0
2021-07-11,198981.82,0.0,198981.82,0,44200.0
2021-07-12,198981.82,0.0,198981.82,0,44200.0
2021-07-13,198981.82,0.0,198981.82,0,44200.0
2021-07-14,198981.82,0.0,198981.82,0,44200.0
2021-07-15,198981.82,0.0,198981.82,0,44200.0
2021-07-16,198981.82,0.0,198981.82,0,44200.0
2021-07-17,198981.82,0.0,198981.82,0,44200.0
2021-07-18,198981.82,0.0,198981.82,0,44200.0
2021-07-19,198981.82,0.0,198981.82,0,44200.0
2021-07-20,198981.82,0.0,198981.82,0,44200.0
2021-07-21,198981.82,0.0,198981.82,0,44200.0
2021-07-22,198981.82,0.0,198981.82,0,44200.0
2021-07-23,198981.82,0.0,198981.82,0,44200.0
2021-07-24,198981.82,0.0,198981.82,0,44200.0
2021-07-25,198981.82,0.0,198981.82,0,44200.0
2021-07-26,198981.82,0.0,198981.82,0,44200.0
2021-07-27,198981.82,0.0,198981.82,0,44200.0
2021-07-28,198981.82,0.0,198981.82,0,44200.0
2021-07-29,198981.82,0.0,198981.82,0,44200.0
2021-07-30,198981.82,0.0,198981.82,0,44200.0
2021-07-31,198981.82,0.0,198981.82,0,44200.0
2021-08-01,199181.82,0.0,199181.82,0,44400.0
2021-08-02,199181.82,0.0,199181.82,0,44400.0
2021-08-03,199181.82,0.0,199181.82,0,44400.0
2021-08-04,199181.82,0.0,199181.82,0,44400.0
2021-08-05,199181.82,0.0,199181.82,0,44400.0
2021-08-06,199181.82,0.0,199181.82,0,44400.0
2021-08-07,199181.82,0.0,199181.82,0,44400.0
2021-08-08,199181.82,0.0,199181.82,0,44400.0
2021-08-09,199181.82,0.0,199181.82,0,44400.0
2021-08-10,199181.82,0.0,199181.82,0,44400.0
2021-08-11,199181.82,0.0,199181.82,0,44400.0
2021-08-12,199181.82,0.0,199181.82,0,44400.0
2021-08-13,199181.82,0.0,199181.82,0,44400.0
2021-08-14,199181.82,0.0,199181.82,0,44400.0
2021-08-15,199181.82,0.0,199181.82,0,44400.0
2021-08-16,199181.82,0.0,199181.82,0,44400.0
2021-08-17,199181.82,0.0,199181.82,0,44400.0
2021-08-18,199181.82,0.0,199181.82,0,44400.0
2021-08-19,199181.82,0.0,199181.82,0,44400.0
2021-08-20,199181.82,0.0,199181.82,0,44400.0
2021-08-21,199181.82,0.0,199181.82,0,44400.0
2021-08-22,199181.82,0.0,199181.82,0,44400.0
2021-08-23,199181.82,0.0,199181.82,0,44400.0
2021-08-24,199181.82,0.0,199181.82,0,44400.0
2021-08-25,199181.82,0.0,199181.82,0,44400.0
2021-08-26,169304.54,29877.27,199181.82,1,44400.0
2021-08-27,121301.73,80867.82,202169.54,2,44400.0
2021-08-28,179425.47,30325.43,209750.9,1,44400.0
2021-08-29,179425.47,30325.43,209750.9,1,44400.0
2021-08-30,17917.28,191833.62,209750.9,5,44400.0
2021-08-31,124365.86,97445.72,221811.58,3,44400.0
2021-09-01,124565.86,97445.72,222011.58,3,44600.0
2021-09-02,124565.86,97445.72,222011.58,3,44600.0
2021-09-03,124565.86,97445.72,222011.58,3,44600.0
2021-09-04,124565.86,97445.72,222011.58,3,44600.0
2021-09-05,124565.86,97445.72,222011.58,3,44600.0
2021-09-06,124565.86,97445.72,222011.58,3,44600.0
2021-09-07,124565.86,97445.72,222011.58,3,44600.0
2021-09-08,124565.86,97445.72,222011.58,3,44600.0
2021-09-09,124565.86,97445.72,222011.58,3,44600.0
2021-09-10,124565.86,97445.72,222011.58,3,44600.0
2021-09-11,124565.86,97445.72,222011.58,3,44600.0
2021-09-12,124565.86,97445.72,222011.58,3,44600.0
2021-09-13,124565.86,97445.72,222011.58,3,44600.0
2021-09-14,124565.86,97445.72,222011.58,3,44600.0
2021-09-15,124565.86,97445.72,222011.58,3,44600.0
2021-09-16,124565.86,97445.72,222011.58,3,44600.0
2021-09-17,124565.86,97445.72,222011.58,3,44600.0
2021-09-18,124565.86,97445.72,222011.58,3,44600.0
2021-09-19,124565.86,97445.72,222011.58,3,44600.0
2021-09-20,124565.86,97445.72,222011.58,3,44600.0
2021-09-21,124565.86,97445.72,222011.58,3,44600.0
2021-09-22,124565.86,97445.72,222011.58,3,44600.0
2021-09-23,124565.86,97445.72,222011.58,3,44600.0
2021-09-24,80163.54,141848.03,222011.58,4,44600.0
2021-09-25,80163.54,141848.03,222011.58,4,44600.0
2021-09-26,80163.54,141848.03,222011.58,4,44600.0
2021-09-27,162364.06,67120.29,229484.35,2,44600.0
2021-09-28,162364.06,67120.29,229484.35,2,44600.0
2021-09-29,229282.36,0.0,229282.36,0,44600.0
2021-09-30,160497.65,68784.71,229282.36,2,44600.0
2021-10-01,198529.24,34392.35,232921.6,1,44800.0
2021-10-02,198529.24,34392.35,232921.6,1,44800.0
2021-10-03,198529.24,34392.35,232921.6,1,44800.0
2021-10-04,198529.24,34392.35,232921.6,1,44800.0
2021-10-05,198529.24,34392.35,232921.6,1,44800.0
2021-10-06,198529.24,34392.35,232921.6,1,44800.0
2021-10-07,198529.24,34392.35,232921.6,1,44800.0
2021-10-08,198529.24,34392.35,232921.6,1,44800.0
2021-10-09,198529.24,34392.35,232921.6,1,44800.0
2021-10-10,198529.24,34392.35,232921.6,1,44800.0
2021-10-11,198529.24,34392.35,232921.6,1,44800.0
2021-10-12,198529.24,34392.35,232921.6,1,44800.0
2021-10-13,198529.24,34392.35,232921.6,1,44800.0
2021-10-14,198529.24,34392.35,232921.6,1,44800.0
2021-10-15,198529.24,34392.35,232921.6,1,44800.0
2021-10-16,198529.24,34392.35,232921.6,1,44800.0
2021-10-17,198529.24,34392.35,232921.6,1,44800.0
2021-10-18,198529.24,34392.35,232921.6,1,44800.0
2021-10-19,198529.24,34392.35,232921.6,1,44800.0
2021-10-20,198529.24,34392.35,232921.6,1,44800.0
2021-10-21,198529.24,34392.35,232921.6,1,44800.0
2021-10-22,198529.24,34392.35,232921.6,1,44800.0
2021-10-23,198529.24,34392.35,232921.6,1,44800.0
2021-10-24,198529.24,34392.35,232921.6,1,44800.0
2021-10-25,158932.57,73989.03,232921.6,2,44800.0
2021-10-26,158932.57,73989.03,232921.6,2,44800.0
2021-10-27,119335.9,113585.7,232921.6,3,44800.0
2021-10-28,162892.24,73989.03,236881.26,2,44800.0
2021-10-29,164675.75,75644.75,240320.5,2,44800.0
2021-10-30,164675.75,75644.75,240320.5,2,44800.0
2021-10-31,164675.75,75644.75,240320.5,2,44800.0
2021-11-01,164875.75,75644.75,240520.5,2,45000.0
2021-11-02,164875.75,75644.75,240520.5,2,45000.0
2021-11-03,164875.75,75644.75,240520.5,2,45000.0
2021-11-04,164875.75,75644.75,240520.5,2,45000.0
2021-11-05,164875.75,75644.75,240520.5,2,45000.0
2021-11-06,164875.75,75644.75,240520.5,2,45000.0
2021-11-07,164875.75,75644.75,240520.5,2,45000.0
2021-11-08,204528.64,39596.67,244125.31,1,45000.0
2021-11-09,204528.64,39596.67,244125.31,1,45000.0
2021-11-10,204528.64,39596.67,244125.31,1,45000.0
2021-11-11,204528.64,39596.67,244125.31,1,45000.0
2021-11-12,204528.64,39596.67,244125.31,1,45000.0
2021-11-13,204528.64,39596.67,244125.31,1,45000.0
2021-11-14,204528.64,39596.67,244125.31,1,45000.0
2021-11-15,204528.64,39596.67,244125.31,1,45000.0
2021-11-16,204528.64,39596.67,244125.31,1,45000.0
2021-11-17,204528.64,39596.67,244125.31,1,45000.0
2021-11-18,204528.64,39596.67,244125.31,1,45000.0
2021-11-19,204528.64,39596.67,244125.31,1,45000.0
2021-11-20,204528.64,39596.67,244125.31,1,45000.0
2021-11-21,204528.64,39596.67,244125.31,1,45000.0
2021-11-22,143497.31,100628.0,244125.31,2,45000.0
2021-11-23,53170.95,190954.36,244125.31,4,45000.0
2021-11-24,53170.95,190954.36,244125.31,4,45000.0
2021-11-25,53170.95,190954.36,244125.31,4,45000.0
2021-11-26,55169.4,187803.65,242973.04,4,45000.0
2021-11-27,55169.4,187803.65,242973.04,4,45000.0
2021-11-28,55169.4,187803.65,242973.04,4,45000.0
2021-11-29,0.0,242973.04,242973.04,6,45000.0
2021-11-30,0.0,242973.04,242973.04,6,45000.0
2021-12-01,200.0,242973.04,243173.04,6,45200.0
2021-12-02,200.0,242973.04,243173.04,6,45200.0
2021-12-03,200.0,242973.04,243173.04,6,45200.0
2021-12-04,200.0,242973.04,243173.04,6,45200.0
2021-12-05,200.0,242973.04,243173.04,6,45200.0
2021-12-06,200.0,242973.04,243173.04,6,45200.0
2021-12-07,45851.43,201471.74,247323.17,5,45200.0
2021-12-08,45851.43,201471.74,247323.17,5,45200.0
2021-12-09,45851.43,201471.74,247323.17,5,45200.0
2021-12-10,45851.43,201471.74,247323.17,5,45200.0
2021-12-11,45851.43,201471.74,247323.17,5,45200.0
2021-12-12,45851.43,201471.74,247323.17,5,45200.0
2021-12-13,45851.43,201471.74,247323.17,5,45200.0
2021-12-14,45851.43,201471.74,247323.17,5,45200.0
2021-12-15,45851.43,201471.74,247323.17,5,45200.0
2021-12-16,45851.43,201471.74,247323.17,5,45200.0
2021-12-17,45851.43,201471.74,247323.17,5,45200.0
2021-12-18,45851.43,201471.74,247323.17,5,45200.0
2021-12-19,45851.43,201471.74,247323.17,5,45200.0
2021-12-20,45851.43,201471.74,247323.17,5,45200.0
2021-12-21,3806.49,243516.68,247323.17,6,45200.0
2021-12-22,0.0,251527.67,251527.67,6,45200.0
2021-12-23,51026.06,204905.57,255931.63,5,45200.0
2021-12-24,51026.06,204905.57,255931.63,5,45200.0
2021-12-25,51026.06,204905.57,255931.63,5,45200.0
2021-12-26,51026.06,204905.57,255931.63,5,45200.0
2021-12-27,82956.37,168459.61,251415.98,4,45200.0
2021-12-28,138017.89,118403.68,256421.57,3,45200.0
2021-12-29,113048.6,142937.64,255986.24,3,45200.0
2021-12-30,113048.6,142937.64,255986.24,3,45200.0
2021-12-31,113048.6,142937.64,255986.24,3,45200.0
2022-01-01,113248.6,142937.64,256186.24,3,45400.0
2022-01-02,113248.6,142937.64,256186.24,3,45400.0
2022-01-03,113248.6,142937.64,256186.24,3,45400.0
2022-01-04,113248.6,142937.64,256186.24,3,45400.0
2022-01-05,113248.6,142937.64,256186.24,3,45400.0
2022-01-06,113248.6,142937.64,256186.24,3,45400.0
2022-01-07,113248.6,142937.64,256186.24,3,45400.0
2022-01-08,113248.6,142937.64,256186.24,3,45400.0
2022-01-09,113248.6,142937.64,256186.24,3,45400.0
2022-01-10,113248.6,142937.64,256186.24,3,45400.0
2022-01-11,113248.6,142937.64,256186.24,3,45400.0
2022-01-12,113248.6,142937.64,256186.24,3,45400.0
2022-01-13,113248.6,142937.64,256186.24,3,45400.0
2022-01-14,113248.6,142937.64,256186.24,3,45400.0
2022-01-15,113248.6,142937.64,256186.24,3,45400.0
2022-01-16,113248.6,142937.64,256186.24,3,45400.0
2022-01-17,113248.6,142937.64,256186.24,3,45400.0
2022-01-18,113248.6,142937.64,256186.24,3,45400.0
2022-01-19,113248.6,142937.64,256186.24,3,45400.0
2022-01-20,113248.6,142937.64,256186.24,3,45400.0
2022-01-21,113248.6,142937.64,256186.24,3,45400.0
2022-01-22,113248.6,142937.64,256186.24,3,45400.0
2022-01-23,113248.6,142937.64,256186.24,3,45400.0
2022-01-24,158540.82,99429.26,257970.08,2,45400.0
2022-01-25,158540.82,99429.26,257970.08,2,45400.0
2022-01-26,114685.91,143284.18,257970.08,3,45400.0
2022-01-27,63091.89,194878.19,257970.08,4,45400.0
2022-01-28,54304.47,199653.03,253957.5,4,45400.0
2022-01-29,54304.47,199653.03,253957.5,4,45400.0
2022-01-30,54304.47,199653.03,253957.5,4,45400.0
2022-01-31,56841.13,184217.87,241058.99,4,45400.0
2022-02-01,96815.86,148059.02,244874.88,3,45600.0
2022-02-02,96815.86,148059.02,244874.88,3,45600.0
2022-02-03,96815.86,148059.02,244874.88,3,45600.0
2022-02-04,96815.86,148059.02,244874.88,3,45600.0
2022-02-05,96815.86,148059.02,244874.88,3,45600.0
2022-02-06,96815.86,148059.02,244874.88,3,45600.0
2022-02-07,96815.86,148059.02,244874.88,3,45600.0
2022-02-08,96815.86,148059.02,244874.88,3,45600.0
2022-02-09,145056.27,104204.1,249260.37,2,45600.0
2022-02-10,145056.27,104204.1,249260.37,2,45600.0
2022-02-11,145056.27,104204.1,249260.37,2,45600.0
2022-02-12,145056.27,104204.1,249260.37,2,45600.0
2022-02-13,145056.27,104204.1,249260.37,2,45600.0
2022-02-14,145056.27,104204.1,249260.37,2,45600.0
2022-02-15,145056.27,104204.1,249260.37,2,45600.0
2022-02-16,145056.27,104204.1,249260.37,2,45600.0
2022-02-17,145056.27,104204.1,249260.37,2,45600.0
2022-02-18,145056.27,104204.1,249260.37,2,45600.0
2022-02-19,145056.27,104204.1,249260.37,2,45600.0
2022-02-20,145056.27,104204.1,249260.37,2,45600.0
2022-02-21,145056.27,104204.1,249260.37,2,45600.0
2022-02-22,145056.27,104204.1,249260.37,2,45600.0
2022-02-23,145056.27,104204.1,249260.37,2,45600.0
2022-02-24,7963.07,241297.31,249260.37,5,45600.0
2022-02-25,0.0,255800.96,255800.96,6,45600.0
2022-02-26,0.0,255800.96,255800.96,6,45600.0
2022-02-27,0.0,255800.96,255800.96,6,45600.0
2022-02-28,0.0,256966.63,256966.63,7,45600.0
2022-03-01,200.0,256966.63,257166.63,7,45800.0
2022-03-02,42407.16,218596.48,261003.64,6,45800.0
2022-03-03,42407.16,218596.48,261003.64,6,45800.0
2022-03-04,90459.92,174912.16,265372.08,5,45800.0
2022-03-05,90459.92,174912.16,265372.08,5,45800.0
2022-03-06,90459.92,174912.16,265372.08,5,45800.0
2022-03-07,90459.92,174912.16,265372.08,5,45800.0
2022-03-08,91179.44,174258.04,265437.49,4,45800.0
2022-03-09,91179.44,174258.04,265437.49,4,45800.0
2022-03-10,91179.44,174258.04,265437.49,4,45800.0
2022-03-11,146400.59,124405.97,270806.56,3,45800.0
2022-03-12,146400.59,124405.97,270806.56,3,45800.0
2022-03-13,146400.59,124405.97,270806.56,3,45800.0
2022-03-14,146400.59,124405.97,270806.56,3,45800.0
2022-03-15,146400.59,124405.97,270806.56,3,45800.0
2022-03-16,146400.59,124405.97,270806.56,3,45800.0
2022-03-17,146400.59,124405.97,270806.56,3,45800.0
2022-03-18,146400.59,124405.97,270806.56,3,45800.0
2022-03-19,146400.59,124405.97,270806.56,3,45800.0
2022-03-20,146400.59,124405.97,270806.56,3,45800.0
2022-03-21,146400.59,124405.97,270806.56,3,45800.0
2022-03-22,146400.59,124405.97,270806.56,3,45800.0
2022-03-23,200419.41,63374.64,263794.06,2,45800.0
2022-03-24,200419.41,63374.64,263794.06,2,45800.0
2022-03-25,200419.41,63374.64,263794.06,2,45800.0
2022-03-26,200419.41,63374.64,263794.06,2,45800.0
2022-03-27,200419.41,63374.64,263794.06,2,45800.0
2022-03-28,266070.69,0.0,266070.69,0,45800.0
2022-03-29,220838.67,45232.02,266070.69,1,45800.0
2022-03-30,180928.07,85142.62,266070.69,2,45800.0
2022-03-31,0.0,266070.69,266070.69,6,45800.0
2022-04-01,202945.87,87803.33,290749.2,3,46000.0
2022-04-02,202945.87,87803.33,290749.2,3,46000.0
2022-04-03,202945.87,87803.33,290749.2,3,46000.0
2022-04-04,202945.87,87803.33,290749.2,3,46000.0
2022-04-05,202945.87,87803.33,290749.2,3,46000.0
2022-04-06,202945.87,87803.33,290749.2,3,46000.0
2022-04-07,202945.87,87803.33,290749.2,3,46000.0
2022-04-08,202945.87,87803.33,290749.2,3,46000.0
2022-04-09,202945.87,87803.33,290749.2,3,46000.0
2022-04-10,202945.87,87803.33,290749.2,3,46000.0
2022-04-11,202945.87,87803.33,290749.2,3,46000.0
2022-04-12,202945.87,87803.33,290749.2,3,46000.0
2022-04-13,202945.87,87803.33,290749.2,3,46000.0
2022-04-14,202945.87,87803.33,290749.2,3,46000.0
2022-04-15,202945.87,87803.33,290749.2,3,46000.0
2022-04-16,202945.87,87803.33,290749.2,3,46000.0
2022-04-17,202945.87,87803.33,290749.2,3,46000.0
2022-04-18,202945.87,87803.33,290749.2,3,46000.0
2022-04-19,202945.87,87803.33,290749.2,3,46000.0
2022-04-20,202945.87,87803.33,290749.2,3,46000.0
2022-04-21,153518.5,137230.69,290749.2,4,46000.0
2022-04-22,153518.5,137230.69,290749.2,4,46000.0
2022-04-23,153518.5,137230.69,290749.2,4,46000.0
2022-04-24,153518.5,137230.69,290749.2,4,46000.0
2022-04-25,95368.66,195380.53,290749.2,5,46000.0
2022-04-26,45941.3,244807.89,290749.2,6,46000.0
2022-04-27,0.0,290749.2,290749.2,7,46000.0
2022-04-28,0.0,290749.2,290749.2,7,46000.0
2022-04-29,0.0,282363.98,282363.98,7,46000.0
2022-04-30,0.0,282363.98,282363.98,7,46000.0
2022-05-01,200.0,282363.98,282563.98,7,46200.0
2022-05-02,100983.74,185043.89,286027.63,4,46200.0
2022-05-03,135661.66,153518.5,289180.17,3,46200.0
2022-05-04,135661.66,153518.5,289180.17,3,46200.0
2022-05-05,135661.66,153518.5,289180.17,3,46200.0
2022-05-06,135661.66,153518.5,289180.17,3,46200.0
2022-05-07,135661.66,153518.5,289180.17,3,46200.0
2022-05-08,135661.66,153518.5,289180.17,3,46200.0
2022-05-09,207188.16,58149.84,265338.0,1,46200.0
2022-05-10,207188.16,58149.84,265338.0,1,46200.0
2022-05-11,207188.16,58149.84,265338.0,1,46200.0
2022-05-12,207188.16,58149.84,265338.0,1,46200.0
2022-05-13,207188.16,58149.84,265338.0,1,46200.0
2022-05-14,207188.16,58149.84,265338.0,1,46200.0
2022-05-15,207188.16,58149.84,265338.0,1,46200.0
2022-05-16,207188.16,58149.84,265338.0,1,46200.0
2022-05-17,207188.16,58149.84,265338.0,1,46200.0
2022-05-18,207188.16,58149.84,265338.0,1,46200.0
2022-05-19,207188.16,58149.84,265338.0,1,46200.0
2022-05-20,207188.16,58149.84,265338.0,1,46200.0
2022-05-21,207188.16,58149.84,265338.0,1,46200.0
2022-05-22,207188.16,58149.84,265338.0,1,46200.0
2022-05-23,207188.16,58149.84,265338.0,1,46200.0
2022-05-24,207188.16,58149.84,265338.0,1,46200.0
2022-05-25,0.0,268135.01,268135.01,5,46200.0
2022-05-26,38068.74,253514.68,291583.41,5,46200.0
2022-05-27,0.0,302372.0,302372.0,6,46200.0
2022-05-28,0.0,302372.0,302372.0,6,46200.0
2022-05-29,0.0,302372.0,302372.0,6,46200.0
2022-05-30,0.0,302372.0,302372.0,6,46200.0
2022-05-31,0.0,306930.29,306930.29,6,46200.0
2022-06-01,200.0,306930.29,307130.29,6,46400.0
2022-06-02,66721.84,246455.89,313177.73,5,46400.0
2022-06-03,66721.84,246455.89,313177.73,5,46400.0
2022-06-04,66721.84,246455.89,313177.73,5,46400.0
2022-06-05,66721.84,246455.89,313177.73,5,46400.0
2022-06-06,116613.22,201100.09,317713.31,4,46400.0
2022-06-07,116613.22,201100.09,317713.31,4,46400.0
2022-06-08,116613.22,201100.09,317713.31,4,46400.0
2022-06-09,116613.22,201100.09,317713.31,4,46400.0
2022-06-10,116613.22,201100.09,317713.31,4,46400.0
2022-06-11,116613.22,201100.09,317713.31,4,46400.0
2022-06-12,116613.22,201100.09,317713.31,4,46400.0
2022-06-13,116613.22,201100.09,317713.31,4,46400.0
2022-06-14,116613.22,201100.09,317713.31,4,46400.0
2022-06-15,116613.22,201100.09,317713.31,4,46400.0
2022-06-16,116613.22,201100.09,317713.31,4,46400.0
2022-06-17,116613.22,201100.09,317713.31,4,46400.0
2022-06-18,116613.22,201100.09,317713.31,4,46400.0
2022-06-19,116613.22,201100.09,317713.31,4,46400.0
2022-06-20,116613.22,201100.09,317713.31,4,46400.0
2022-06-21,116613.22,201100.09,317713.31,4,46400.0
2022-06-22,116613.22,201100.09,317713.31,4,46400.0
2022-06-23,116613.22,201100.09,317713.31,4,46400.0
2022-06-24,116613.22,201100.09,317713.31,4,46400.0
2022-06-25,116613.22,201100.09,317713.31,4,46400.0
2022-06-26,116613.22,201100.09,317713.31,4,46400.0
2022-06-27,201559.65,106449.6,308009.25,2,46400.0
2022-06-28,201559.65,106449.6,308009.25,2,46400.0
2022-06-29,201559.65,106449.6,308009.25,2,46400.0
2022-06-30,249835.64,56308.35,306144.0,1,46400.0
2022-07-01,250035.64,56308.35,306344.0,1,46600.0
2022-07-02,250035.64,56308.35,306344.0,1,46600.0
2022-07-03,250035.64,56308.35,306344.0,1,46600.0
2022-07-04,250035.64,56308.35,306344.0,1,46600.0
2022-07-05,250035.64,56308.35,306344.0,1,46600.0
2022-07-06,250035.64,56308.35,306344.0,1,46600.0
2022-07-07,250035.64,56308.35,306344.0,1,46600.0
2022-07-08,250035.64,56308.35,306344.0,1,46600.0
2022-07-09,250035.64,56308.35,306344.0,1,46600.0
2022-07-10,250035.64,56308.35,306344.0,1,46600.0
2022-07-11,250035.64,56308.35,306344.0,1,46600.0
2022-07-12,250035.64,56308.35,306344.0,1,46600.0
2022-07-13,250035.64,56308.35,306344.0,1,46600.0
2022-07-14,250035.64,56308.35,306344.0,1,46600.0
2022-07-15,250035.64,56308.35,306344.0,1,46600.0
2022-07-16,250035.64,56308.35,306344.0,1,46600.0
2022-07-17,250035.64,56308.35,306344.0,1,46600.0
2022-07-18,173449.65,132894.35,306344.0,2,46600.0
2022-07-19,173449.65,132894.35,306344.0,2,46600.0
2022-07-20,261523.54,56308.35,317831.9,1,46600.0
2022-07-21,261523.54,56308.35,317831.9,1,46600.0
2022-07-22,261523.54,56308.35,317831.9,1,46600.0
2022-07-23,261523.54,56308.35,317831.9,1,46600.0
2022-07-24,261523.54,56308.35,317831.9,1,46600.0
2022-07-25,197957.16,119874.73,317831.9,2,46600.0
2022-07-26,203042.48,121146.06,324188.53,2,46600.0
2022-07-27,203042.48,121146.06,324188.53,2,46600.0
2022-07-28,147930.42,176258.11,324188.53,3,46600.0
2022-07-29,92818.37,231370.16,324188.53,4,46600.0
2022-07-30,92818.37,231370.16,324188.53,4,46600.0
2022-07-31,92818.37,231370.16,324188.53,4,46600.0
2022-08-01,93018.37,231370.16,324388.53,4,46800.0
2022-08-02,93018.37,231370.16,324388.53,4,46800.0
2022-08-03,93018.37,231370.16,324388.53,4,46800.0
2022-08-04,93018.37,231370.16,324388.53,4,46800.0
2022-08-05,93018.37,231370.16,324388.53,4,46800.0
2022-08-06,93018.37,231370.16,324388.53,4,46800.0
2022-08-07,93018.37,231370.16,324388.53,4,46800.0
2022-08-08,157772.98,175061.81,332834.79,3,46800.0
2022-08-09,157772.98,175061.81,332834.79,3,46800.0
2022-08-10,229444.58,110224.1,339668.68,2,46800.0
2022-08-11,229444.58,110224.1,339668.68,2,46800.0
2022-08-12,229444.58,110224.1,339668.68,2,46800.0
2022-08-13,229444.58,110224.1,339668.68,2,46800.0
2022-08-14,229444.58,110224.1,339668.68,2,46800.0
2022-08-15,229444.58,110224.1,339668.68,2,46800.0
2022-08-16,229444.58,110224.1,339668.68,2,46800.0
2022-08-17,229444.58,110224.1,339668.68,2,46800.0
2022-08-18,229444.58,110224.1,339668.68,2,46800.0
2022-08-19,229444.58,110224.1,339668.68,2,46800.0
2022-08-20,229444.58,110224.1,339668.68,2,46800.0
2022-08-21,229444.58,110224.1,339668.68,2,46800.0
2022-08-22,229444.58,110224.1,339668.68,2,46800.0
2022-08-23,103767.17,235901.51,339668.68,4,46800.0
2022-08-24,46023.49,293645.19,339668.68,5,46800.0
2022-08-25,46023.49,293645.19,339668.68,5,46800.0
2022-08-26,46023.49,293645.19,339668.68,5,46800.0
2022-08-27,46023.49,293645.19,339668.68,5,46800.0
2022-08-28,46023.49,293645.19,339668.68,5,46800.0
2022-08-29,28983.45,308166.61,337150.06,5,46800.0
2022-08-30,0.0,337150.06,337150.06,6,46800.0
2022-08-31,0.0,342881.61,342881.61,7,46800.0
2022-09-01,200.0,342881.61,343081.61,7,47000.0
2022-09-02,200.0,342881.61,343081.61,7,47000.0
2022-09-03,200.0,342881.61,343081.61,7,47000.0
2022-09-04,200.0,342881.61,343081.61,7,47000.0
2022-09-05,200.0,342881.61,343081.61,7,47000.0
2022-09-06,200.0,342881.61,343081.61,7,47000.0
2022-09-07,200.0,342881.61,343081.61,7,47000.0
2022-09-08,200.0,342881.61,343081.61,7,47000.0
2022-09-09,200.0,342881.61,343081.61,7,47000.0
2022-09-10,200.0,342881.61,343081.61,7,47000.0
2022-09-11,200.0,342881.61,343081.61,7,47000.0
2022-09-12,69551.77,279834.55,349386.32,5,47000.0
2022-09-13,69551.77,279834.55,349386.32,5,47000.0
2022-09-14,69551.77,279834.55,349386.32,5,47000.0
2022-09-15,69551.77,279834.55,349386.32,5,47000.0
2022-09-16,69551.77,279834.55,349386.32,5,47000.0
2022-09-17,69551.77,279834.55,349386.32,5,47000.0
2022-09-18,69551.77,279834.55,349386.32,5,47000.0
2022-09-19,69551.77,279834.55,349386.32,5,47000.0
2022-09-20,69551.77,279834.55,349386.32,5,47000.0
2022-09-21,0.0,349386.32,349386.32,6,47000.0
2022-09-22,109052.33,223708.9,332761.23,4,47000.0
2022-09-23,103238.8,221103.4,324342.21,4,47000.0
2022-09-24,103238.8,221103.4,324342.21,4,47000.0
2022-09-25,103238.8,221103.4,324342.21,4,47000.0
2022-09-26,0.0,324342.21,324342.21,6,47000.0
2022-09-27,5189.48,325639.57,330829.05,6,47000.0
2022-09-28,0.0,324962.64,324962.64,7,47000.0
2022-09-29,0.0,323012.05,323012.05,7,47000.0
2022-09-30,0.0,331239.7,331239.7,7,47000.0
2022-10-01,200.0,331239.7,331439.7,7,47200.0
2022-10-02,200.0,331239.7,331439.7,7,47200.0
2022-10-03,108091.79,236920.35,345012.13,5,47200.0
2022-10-04,180874.18,170754.54,351628.72,4,47200.0
2022-10-05,180874.18,170754.54,351628.72,4,47200.0
2022-10-06,241526.17,115616.37,357142.53,3,47200.0
2022-10-07,241526.17,115616.37,357142.53,3,47200.0
2022-10-08,241526.17,115616.37,357142.53,3,47200.0
2022-10-09,241526.17,115616.37,357142.53,3,47200.0
2022-10-10,241526.17,115616.37,357142.53,3,47200.0
2022-10-11,241526.17,115616.37,357142.53,3,47200.0
2022-10-12,241526.17,115616.37,357142.53,3,47200.0
2022-10-13,294115.74,69551.77,363667.51,1,47200.0
2022-10-14,294115.74,69551.77,363667.51,1,47200.0
2022-10-15,294115.74,69551.77,363667.51,1,47200.0
2022-10-16,294115.74,69551.77,363667.51,1,47200.0
2022-10-17,294115.74,69551.77,363667.51,1,47200.0
2022-10-18,294115.74,69551.77,363667.51,1,47200.0
2022-10-19,294115.74,69551.77,363667.51,1,47200.0
2022-10-20,294115.74,69551.77,363667.51,1,47200.0
2022-10-21,221382.24,142285.27,363667.51,2,47200.0
2022-10-22,221382.24,142285.27,363667.51,2,47200.0
2022-10-23,221382.24,142285.27,363667.51,2,47200.0
2022-10-24,221382.24,142285.27,363667.51,2,47200.0
2022-10-25,301389.09,69551.77,370940.86,1,47200.0
2022-10-26,238329.15,132611.71,370940.86,2,47200.0
2022-10-27,232245.72,145001.14,377246.86,2,47200.0
2022-10-28,232245.72,145001.14,377246.86,2,47200.0
2022-10-29,232245.72,145001.14,377246.86,2,47200.0
2022-10-30,232245.72,145001.14,377246.86,2,47200.0
2022-10-31,81346.98,295899.88,377246.86,4,47200.0
2022-11-01,81546.98,295899.88,377446.86,4,47400.0
2022-11-02,81546.98,295899.88,377446.86,4,47400.0
2022-11-03,81546.98,295899.88,377446.86,4,47400.0
2022-11-04,81546.98,295899.88,377446.86,4,47400.0
2022-11-05,81546.98,295899.88,377446.86,4,47400.0
2022-11-06,81546.98,295899.88,377446.86,4,47400.0
2022-11-07,81546.98,295899.88,377446.86,4,47400.0
2022-11-08,81546.98,295899.88,377446.86,4,47400.0
2022-11-09,81546.98,295899.88,377446.86,4,47400.0
2022-11-10,272999.75,126138.8,399138.55,2,47400.0
2022-11-11,335245.49,69551.77,404797.25,1,47400.0
2022-11-12,335245.49,69551.77,404797.25,1,47400.0
2022-11-13,335245.49,69551.77,404797.25,1,47400.0
2022-11-14,335245.49,69551.77,404797.25,1,47400.0
2022-11-15,335245.49,69551.77,404797.25,1,47400.0
2022-11-16,335245.49,69551.77,404797.25,1,47400.0
2022-11-17,335245.49,69551.77,404797.25,1,47400.0
2022-11-18,335245.49,69551.77,404797.25,1,47400.0
2022-11-19,335245.49,69551.77,404797.25,1,47400.0
2022-11-20,335245.49,69551.77,404797.25,1,47400.0
2022-11-21,335245.49,69551.77,404797.25,1,47400.0
2022-11-22,173326.58,231470.67,404797.25,3,47400.0
2022-11-23,92367.13,312430.12,404797.25,4,47400.0
2022-11-24,181422.53,231470.67,412893.2,3,47400.0
2022-11-25,98843.89,314049.31,412893.2,4,47400.0
2022-11-26,98843.89,314049.31,412893.2,4,47400.0
2022-11-27,98843.89,314049.31,412893.2,4,47400.0
2022-11-28,105470.0,315705.84,421175.84,4,47400.0
2022-11-29,70907.33,368190.9,439098.23,5,47400.0
2022-11-30,0.0,447880.2,447880.2,6,47400.0
2022-12-01,331540.49,153786.93,485327.43,2,47600.0
2022-12-02,424199.18,69551.77,493750.95,1,47600.0
2022-12-03,424199.18,69551.77,493750.95,1,47600.0
2022-12-04,424199.18,69551.77,493750.95,1,47600.0
2022-12-05,424199.18,69551.77,493750.95,1,47600.0
2022-12-06,424199.18,69551.77,493750.95,1,47600.0
2022-12-07,424199.18,69551.77,493750.95,1,47600.0
2022-12-08,424199.18,69551.77,493750.95,1,47600.0
2022-12-09,424199.18,69551.77,493750.95,1,47600.0
2022-12-10,424199.18,69551.77,493750.95,1,47600.0
2022-12-11,424199.18,69551.77,493750.95,1,47600.0
2022-12-12,424199.18,69551.77,493750.95,1,47600.0
2022-12-13,424199.18,69551.77,493750.95,1,47600.0
2022-12-14,424199.18,69551.77,493750.95,1,47600.0
2022-12-15,424199.18,69551.77,493750.95,1,47600.0
2022-12-16,424199.18,69551.77,493750.95,1,47600.0
2022-12-17,424199.18,69551.77,493750.95,1,47600.0
2022-12-18,424199.18,69551.77,493750.95,1,47600.0
2022-12-19,424199.18,69551.77,493750.95,1,47600.0
2022-12-20,424199.18,69551.77,493750.95,1,47600.0
2022-12-21,424199.18,69551.77,493750.95,1,47600.0
2022-12-22,424199.18,69551.77,493750.95,1,47600.0
2022-12-23,424199.18,69551.77,493750.95,1,47600.0
2022-12-24,424199.18,69551.77,493750.95,1,47600.0
2022-12-25,424199.18,69551.77,493750.95,1,47600.0
2022-12-26,424199.18,69551.77,493750.95,1,47600.0
2022-12-27,424199.18,69551.77,493750.95,1,47600.0
2022-12-28,424199.18,69551.77,493750.95,1,47600.0
2022-12-29,424199.18,69551.77,493750.95,1,47600.0
2022-12-30,424199.18,69551.77,493750.95,1,47600.0
2022-12-31,424199.18,69551.77,493750.95,1,47600.0
2023-01-01,424399.18,69551.77,493950.95,1,47800.0
2023-01-02,424399.18,69551.77,493950.95,1,47800.0
2023-01-03,424399.18,69551.77,493950.95,1,47800.0
2023-01-04,424399.18,69551.77,493950.95,1,47800.0
2023-01-05,424399.18,69551.77,493950.95,1,47800.0
2023-01-06,424399.18,69551.77,493950.95,1,47800.0
2023-01-07,424399.18,69551.77,493950.95,1,47800.0
2023-01-08,424399.18,69551.77,493950.95,1,47800.0
2023-01-09,424399.18,69551.77,493950.95,1,47800.0
2023-01-10,424399.18,69551.77,493950.95,1,47800.0
2023-01-11,424399.18,69551.77,493950.95,1,47800.0
2023-01-12,424399.18,69551.77,493950.95,1,47800.0
2023-01-13,424399.18,69551.77,493950.95,1,47800.0
2023-01-14,424399.18,69551.77,493950.95,1,47800.0
2023-01-15,424399.18,69551.77,493950.95,1,47800.0
2023-01-16,424399.18,69551.77,493950.95,1,47800.0
2023-01-17,424399.18,69551.77,493950.95,1,47800.0
2023-01-18,424399.18,69551.77,493950.95,1,47800.0
2023-01-19,476875.99,0.0,476875.99,0,47800.0
2023-01-20,476875.99,0.0,476875.99,0,47800.0
2023-01-21,476875.99,0.0,476875.99,0,47800.0
2023-01-22,476875.99,0.0,476875.99,0,47800.0
2023-01-23,476875.99,0.0,476875.99,0,47800.0
2023-01-24,476875.99,0.0,476875.99,0,47800.0
2023-01-25,476875.99,0.0,476875.99,0,47800.0
2023-01-26,381500.79,95375.2,476875.99,1,47800.0
2023-01-27,381500.79,95375.2,476875.99,1,47800.0
2023-01-28,381500.79,95375.2,476875.99,1,47800.0
2023-01-29,381500.79,95375.2,476875.99,1,47800.0
2023-01-30,214594.19,262281.79,476875.99,3,47800.0
2023-01-31,333515.62,292012.15,625527.77,3,47800.0
2023-02-01,438628.34,196636.95,635265.29,2,48000.0
2023-02-02,576244.45,71531.4,647775.84,1,48000.0
2023-02-03,576244.45,71531.4,647775.84,1,48000.0
2023-02-04,576244.45,71531.4,647775.84,1,48000.0
2023-02-05,576244.45,71531.4,647775.84,1,48000.0
2023-02-06,576244.45,71531.4,647775.84,1,48000.0
2023-02-07,576244.45,71531.4,647775.84,1,48000.0
2023-02-08,576244.45,71531.4,647775.84,1,48000.0
2023-02-09,576244.45,71531.4,647775.84,1,48000.0
2023-02-10,576244.45,71531.4,647775.84,1,48000.0
2023-02-11,576244.45,71531.4,647775.84,1,48000.0
2023-02-12,576244.45,71531.4,647775.84,1,48000.0
2023-02-13,576244.45,71531.4,647775.84,1,48000.0
2023-02-14,576244.45,71531.4,647775.84,1,48000.0
2023-02-15,576244.45,71531.4,647775.84,1,48000.0
2023-02-16,576244.45,71531.4,647775.84,1,48000.0
2023-02-17,576244.45,71531.4,647775.84,1,48000.0
2023-02-18,576244.45,71531.4,647775.84,1,48000.0
2023-02-19,576244.45,71531.4,647775.84,1,48000.0
2023-02-20,576244.45,71531.4,647775.84,1,48000.0
2023-02-21,576244.45,71531.4,647775.84,1,48000.0
2023-02-22,576244.45,71531.4,647775.84,1,48000.0
2023-02-23,576244.45,71531.4,647775.84,1,48000.0
2023-02-24,576244.45,71531.4,647775.84,1,48000.0
2023-02-25,576244.45,71531.4,647775.84,1,48000.0
2023-02-26,576244.45,71531.4,647775.84,1,48000.0
2023-02-27,414300.49,233475.36,647775.84,2,48000.0
2023-02-28,58023.77,589752.07,647775.84,5,48000.0
2023-03-01,131686.52,518220.68,649907.19,4,48200.0
2023-03-02,131686.52,518220.68,649907.19,4,48200.0
2023-03-03,317922.07,356276.71,674198.79,3,48200.0
2023-03-04,317922.07,356276.71,674198.79,3,48200.0
2023-03-05,317922.07,356276.71,674198.79,3,48200.0
2023-03-06,317922.07,356276.71,674198.79,3,48200.0
2023-03-07,317922.07,356276.71,674198.79,3,48200.0
2023-03-08,317922.07,356276.71,674198.79,3,48200.0
2023-03-09,317922.07,356276.71,674198.79,3,48200.0
2023-03-10,317922.07,356276.71,674198.79,3,48200.0
2023-03-11,317922.07,356276.71,674198.79,3,48200.0
2023-03-12,317922.07,356276.71,674198.79,3,48200.0
2023-03-13,317922.07,356276.71,674198.79,3,48200.0
2023-03-14,317922.07,356276.71,674198.79,3,48200.0
2023-03-15,317922.07,356276.71,674198.79,3,48200.0
2023-03-16,317922.07,356276.71,674198.79,3,48200.0
2023-03-17,317922.07,356276.71,674198.79,3,48200.0
2023-03-18,317922.07,356276.71,674198.79,3,48200.0
2023-03-19,317922.07,356276.71,674198.79,3,48200.0
2023-03-20,317922.07,356276.71,674198.79,3,48200.0
2023-03-21,317922.07,356276.71,674198.79,3,48200.0
2023-03-22,317922.07,356276.71,674198.79,3,48200.0
2023-03-23,183082.31,491116.47,674198.79,4,48200.0
2023-03-24,14532.62,659666.17,674198.79,5,48200.0
2023-03-25,14532.62,659666.17,674198.79,5,48200.0
2023-03-26,14532.62,659666.17,674198.79,5,48200.0
2023-03-27,0.0,674198.79,674198.79,6,48200.0
2023-03-28,0.0,674198.79,674198.79,6,48200.0
2023-03-29,0.0,701661.13,701661.13,6,48200.0
2023-03-30,0.0,701661.13,701661.13,6,48200.0
2023-03-31,348736.6,345384.42,694121.02,3,48200.0
2023-04-01,348936.6,345384.42,694321.02,3,48400.0
2023-04-02,348936.6,345384.42,694321.02,3,48400.0
2023-04-03,348936.6,345384.42,694321.02,3,48400.0
2023-04-04,348936.6,345384.42,694321.02,3,48400.0
2023-04-05,348936.6,345384.42,694321.02,3,48400.0
2023-04-06,348936.6,345384.42,694321.02,3,48400.0
2023-04-07,348936.6,345384.42,694321.02,3,48400.0
2023-04-08,348936.6,345384.42,694321.02,3,48400.0
2023-04-09,348936.6,345384.42,694321.02,3,48400.0
2023-04-10,348936.6,345384.42,694321.02,3,48400.0
2023-04-11,348936.6,345384.42,694321.02,3,48400.0
2023-04-12,348936.6,345384.42,694321.02,3,48400.0
2023-04-13,348936.6,345384.42,694321.02,3,48400.0
2023-04-14,348936.6,345384.42,694321.02,3,48400.0
2023-04-15,348936.6,345384.42,694321.02,3,48400.0
2023-04-16,348936.6,345384.42,694321.02,3,48400.0
2023-04-17,503302.05,205052.19,708354.25,2,48400.0
2023-04-18,503302.05,205052.19,708354.25,2,48400.0
2023-04-19,503302.05,205052.19,708354.25,2,48400.0
2023-04-20,503302.05,205052.19,708354.25,2,48400.0
2023-04-21,503302.05,205052.19,708354.25,2,48400.0
2023-04-22,503302.05,205052.19,708354.25,2,48400.0
2023-04-23,503302.05,205052.19,708354.25,2,48400.0
2023-04-24,492037.43,210774.9,702812.33,2,48400.0
2023-04-25,196856.25,505956.08,702812.33,4,48400.0
2023-04-26,196856.25,505956.08,702812.33,4,48400.0
2023-04-27,91434.4,611377.93,702812.33,5,48400.0
2023-04-28,91434.4,611377.93,702812.33,5,48400.0
2023-04-29,91434.4,611377.93,702812.33,5,48400.0
2023-04-30,91434.4,611377.93,702812.33,5,48400.0
2023-05-01,91634.4,611377.93,703012.33,5,48600.0
2023-05-02,91634.4,611377.93,703012.33,5,48600.0
2023-05-03,91634.4,611377.93,703012.33,5,48600.0
2023-05-04,91634.4,611377.93,703012.33,5,48600.0
2023-05-05,91634.4,611377.93,703012.33,5,48600.0
2023-05-06,91634.4,611377.93,703012.33,5,48600.0
2023-05-07,91634.4,611377.93,703012.33,5,48600.0
2023-05-08,91634.4,611377.93,703012.33,5,48600.0
2023-05-09,91634.4,611377.93,703012.33,5,48600.0
2023-05-10,91634.4,611377.93,703012.33,5,48600.0
2023-05-11,91634.4,611377.93,703012.33,5,48600.0
2023-05-12,91634.4,611377.93,703012.33,5,48600.0
2023-05-13,91634.4,611377.93,703012.33,5,48600.0
2023-05-14,91634.4,611377.93,703012.33,5,48600.0
2023-05-15,91634.4,611377.93,703012.33,5,48600.0
2023-05-16,91634.4,611377.93,703012.33,5,48600.0
2023-05-17,91634.4,611377.93,703012.33,5,48600.0
2023-05-18,91634.4,611377.93,703012.33,5,48600.0
2023-05-19,91634.4,611377.93,703012.33,5,48600.0
2023-05-20,91634.4,611377.93,703012.33,5,48600.0
2023-05-21,91634.4,611377.93,703012.33,5,48600.0
2023-05-22,91634.4,611377.93,703012.33,5,48600.0
2023-05-23,91634.4,611377.93,703012.33,5,48600.0
2023-05-24,236090.45,470815.46,706905.91,4,48600.0
2023-05-25,360084.82,351337.37,711422.18,3,48600.0
2023-05-26,360084.82,351337.37,711422.18,3,48600.0
2023-05-27,360084.82,351337.37,711422.18,3,48600.0
2023-05-28,360084.82,351337.37,711422.18,3,48600.0
2023-05-29,360084.82,351337.37,711422.18,3,48600.0
2023-05-30,464041.3,245915.52,709956.82,2,48600.0
2023-05-31,464041.3,245915.52,709956.82,2,48600.0
2023-06-01,464241.3,245915.52,710156.82,2,48800.0
2023-06-02,464241.3,245915.52,710156.82,2,48800.0
2023-06-03,464241.3,245915.52,710156.82,2,48800.0
2023-06-04,464241.3,245915.52,710156.82,2,48800.0
2023-06-05,464241.3,245915.52,710156.82,2,48800.0
2023-06-06,464241.3,245915.52,710156.82,2,48800.0
2023-06-07,464241.3,245915.52,710156.82,2,48800.0
2023-06-08,464241.3,245915.52,710156.82,2,48800.0
2023-06-09,464241.3,245915.52,710156.82,2,48800.0
2023-06-10,464241.3,245915.52,710156.82,2,48800.0
2023-06-11,464241.3,245915.52,710156.82,2,48800.0
2023-06-12,464241.3,245915.52,710156.82,2,48800.0
2023-06-13,464241.3,245915.52,710156.82,2,48800.0
2023-06-14,464241.3,245915.52,710156.82,2,48800.0
2023-06-15,464241.3,245915.52,710156.82,2,48800.0
2023-06-16,464241.3,245915.52,710156.82,2,48800.0
2023-06-17,464241.3,245915.52,710156.82,2,48800.0
2023-06-18,464241.3,245915.52,710156.82,2,48800.0
2023-06-19,464241.3,245915.52,710156.82,2,48800.0
2023-06-20,464241.3,245915.52,710156.82,2,48800.0
2023-06-21,357717.78,352439.04,710156.82,3,48800.0
2023-06-22,357717.78,352439.04,710156.82,3,48800.0
2023-06-23,94959.76,615197.06,710156.82,5,48800.0
2023-06-24,94959.76,615197.06,710156.82,5,48800.0
2023-06-25,94959.76,615197.06,710156.82,5,48800.0
2023-06-26,106322.26,618037.69,724359.96,5,48800.0
2023-06-27,0.0,724359.96,724359.96,6,48800.0
2023-06-28,0.0,734992.18,734992.18,6,48800.0
2023-06-29,0.0,734992.18,734992.18,6,48800.0
2023-06-30,0.0,734992.18,734992.18,6,48800.0
2023-07-01,200.0,734992.18,735192.18,6,49000.0
2023-07-02,200.0,734992.18,735192.18,6,49000.0
2023-07-03,200.0,734992.18,735192.18,6,49000.0
2023-07-04,200.0,734992.18,735192.18,6,49000.0
2023-07-05,200.0,734992.18,735192.18,6,49000.0
2023-07-06,200.0,734992.18,735192.18,6,49000.0
2023-07-07,200.0,734992.18,735192.18,6,49000.0
2023-07-08,200.0,734992.18,735192.18,6,49000.0
2023-07-09,200.0,734992.18,735192.18,6,49000.0
2023-07-10,200.0,734992.18,735192.18,6,49000.0
2023-07-11,80944.3,664779.75,745724.05,5,49000.0
2023-07-12,80944.3,664779.75,745724.05,5,49000.0
2023-07-13,80944.3,664779.75,745724.05,5,49000.0
2023-07-14,80944.3,664779.75,745724.05,5,49000.0
2023-07-15,80944.3,664779.75,745724.05,5,49000.0
2023-07-16,80944.3,664779.75,745724.05,5,49000.0
2023-07-17,240303.49,519907.76,760211.25,4,49000.0
2023-07-18,240303.49,519907.76,760211.25,4,49000.0
2023-07-19,240303.49,519907.76,760211.25,4,49000.0
2023-07-20,240303.49,519907.76,760211.25,4,49000.0
2023-07-21,468217.67,292657.57,760875.24,2,49000.0
2023-07-22,468217.67,292657.57,760875.24,2,49000.0
2023-07-23,468217.67,292657.57,760875.24,2,49000.0
2023-07-24,468217.67,292657.57,760875.24,2,49000.0
2023-07-25,163867.57,597007.67,760875.24,4,49000.0
2023-07-26,533318.67,269129.54,802448.21,2,49000.0
2023-07-27,533318.67,269129.54,802448.21,2,49000.0
2023-07-28,654296.4,152175.05,806471.45,1,49000.0
2023-07-29,654296.4,152175.05,806471.45,1,49000.0
2023-07-30,654296.4,152175.05,806471.45,1,49000.0
2023-07-31,657351.16,164337.79,821688.95,1,49000.0
2023-08-01,657551.16,164337.79,821888.95,1,49200.0
2023-08-02,657551.16,164337.79,821888.95,1,49200.0
2023-08-03,657551.16,164337.79,821888.95,1,49200.0
2023-08-04,657551.16,164337.79,821888.95,1,49200.0
2023-08-05,657551.16,164337.79,821888.95,1,49200.0
2023-08-06,657551.16,164337.79,821888.95,1,49200.0
2023-08-07,657551.16,164337.79,821888.95,1,49200.0
2023-08-08,657551.16,164337.79,821888.95,1,49200.0
2023-08-09,657551.16,164337.79,821888.95,1,49200.0
2023-08-10,657551.16,164337.79,821888.95,1,49200.0
2023-08-11,657551.16,164337.79,821888.95,1,49200.0
2023-08-12,657551.16,164337.79,821888.95,1,49200.0
2023-08-13,657551.16,164337.79,821888.95,1,49200.0
2023-08-14,657551.16,164337.79,821888.95,1,49200.0
2023-08-15,657551.16,164337.79,821888.95,1,49200.0
2023-08-16,657551.16,164337.79,821888.95,1,49200.0
2023-08-17,657551.16,164337.79,821888.95,1,49200.0
2023-08-18,657551.16,164337.79,821888.95,1,49200.0
2023-08-19,657551.16,164337.79,821888.95,1,49200.0
2023-08-20,657551.16,164337.79,821888.95,1,49200.0
2023-08-21,657551.16,164337.79,821888.95,1,49200.0
2023-08-22,657551.16,164337.79,821888.95,1,49200.0
2023-08-23,838322.73,0.0,838322.73,0,49200.0
2023-08-24,670658.18,167664.55,838322.73,1,49200.0
2023-08-25,726825.81,128263.38,855089.18,1,49200.0
2023-08-26,726825.81,128263.38,855089.18,1,49200.0
2023-08-27,726825.81,128263.38,855089.18,1,49200.0
2023-08-28,555807.97,299281.21,855089.18,2,49200.0
2023-08-29,743927.59,128263.38,872190.97,1,49200.0
2023-08-30,0.0,872190.97,872190.97,6,49200.0
2023-08-31,0.0,889634.79,889634.79,7,49200.0
2023-09-01,195919.65,711707.83,907627.48,6,49400.0
2023-09-02,195919.65,711707.83,907627.48,6,49400.0
2023-09-03,195919.65,711707.83,907627.48,6,49400.0
2023-09-04,195919.65,711707.83,907627.48,6,49400.0
2023-09-05,211270.21,697752.77,909022.99,5,49400.0
2023-09-06,211270.21,697752.77,909022.99,5,49400.0
2023-09-07,211270.21,697752.77,909022.99,5,49400.0
2023-09-08,211270.21,697752.77,909022.99,5,49400.0
2023-09-09,211270.21,697752.77,909022.99,5,49400.0
2023-09-10,211270.21,697752.77,909022.99,5,49400.0
2023-09-11,211270.21,697752.77,909022.99,5,49400.0
2023-09-12,211270.21,697752.77,909022.99,5,49400.0
2023-09-13,211270.21,697752.77,909022.99,5,49400.0
2023-09-14,211270.21,697752.77,909022.99,5,49400.0
2023-09-15,211270.21,697752.77,909022.99,5,49400.0
2023-09-16,211270.21,697752.77,909022.99,5,49400.0
2023-09-17,211270.21,697752.77,909022.99,5,49400.0
2023-09-18,211270.21,697752.77,909022.99,5,49400.0
2023-09-19,29465.62,879557.37,909022.99,6,49400.0
2023-09-20,29465.62,879557.37,909022.99,6,49400.0
2023-09-21,0.0,909022.99,909022.99,7,49400.0
2023-09-22,0.0,909022.99,909022.99,7,49400.0
2023-09-23,0.0,909022.99,909022.99,7,49400.0
2023-09-24,0.0,909022.99,909022.99,7,49400.0
2023-09-25,0.0,905983.15,905983.15,7,49400.0
2023-09-26,0.0,905983.15,905983.15,7,49400.0
2023-09-27,0.0,918505.5,918505.5,7,49400.0
2023-09-28,0.0,932280.09,932280.09,7,49400.0
2023-09-29,406276.14,532399.19,938675.34,4,49400.0
2023-09-30,406276.14,532399.19,938675.34,4,49400.0
2023-10-01,406476.14,532399.19,938875.34,4,49600.0
2023-10-02,406476.14,532399.19,938875.34,4,49600.0
2023-10-03,406476.14,532399.19,938875.34,4,49600.0
2023-10-04,406476.14,532399.19,938875.34,4,49600.0
2023-10-05,406476.14,532399.19,938875.34,4,49600.0
2023-10-06,406476.14,532399.19,938875.34,4,49600.0
2023-10-07,406476.14,532399.19,938875.34,4,49600.0
2023-10-08,406476.14,532399.19,938875.34,4,49600.0
2023-10-09,406476.14,532399.19,938875.34,4,49600.0
2023-10-10,406476.14,532399.19,938875.34,4,49600.0
2023-10-11,406476.14,532399.19,938875.34,4,49600.0
2023-10-12,406476.14,532399.19,938875.34,4,49600.0
2023-10-13,406476.14,532399.19,938875.34,4,49600.0
2023-10-14,406476.14,532399.19,938875.34,4,49600.0
2023-10-15,406476.14,532399.19,938875.34,4,49600.0
2023-10-16,406476.14,532399.19,938875.34,4,49600.0
2023-10-17,406476.14,532399.19,938875.34,4,49600.0
2023-10-18,406476.14,532399.19,938875.34,4,49600.0
2023-10-19,193455.68,713294.78,906750.47,5,49600.0
2023-10-20,193455.68,713294.78,906750.47,5,49600.0
2023-10-21,193455.68,713294.78,906750.47,5,49600.0
2023-10-22,193455.68,713294.78,906750.47,5,49600.0
2023-10-23,38714.22,864465.01,903179.23,5,49600.0
2023-10-24,38714.22,864465.01,903179.23,5,49600.0
2023-10-25,0.0,903179.23,903179.23,6,49600.0
2023-10-26,0.0,903179.23,903179.23,6,49600.0
2023-10-27,0.0,903179.23,903179.23,6,49600.0
2023-10-28,0.0,903179.23,903179.23,6,49600.0
2023-10-29,0.0,903179.23,903179.23,6,49600.0
2023-10-30,0.0,893585.97,893585.97,6,49600.0
2023-10-31,0.0,893585.97,893585.97,6,49600.0
2023-11-01,200.0,893585.97,893785.97,6,49800.0
2023-11-02,42851.46,854871.75,897723.21,5,49800.0
2023-11-03,441886.7,496094.1,937980.8,3,49800.0
2023-11-04,441886.7,496094.1,937980.8,3,49800.0
2023-11-05,441886.7,496094.1,937980.8,3,49800.0
2023-11-06,441886.7,496094.1,937980.8,3,49800.0
2023-11-07,441886.7,496094.1,937980.8,3,49800.0
2023-11-08,441886.7,496094.1,937980.8,3,49800.0
2023-11-09,441886.7,496094.1,937980.8,3,49800.0
2023-11-10,543896.13,360081.53,903977.66,2,49800.0
2023-11-11,543896.13,360081.53,903977.66,2,49800.0
2023-11-12,543896.13,360081.53,903977.66,2,49800.0
2023-11-13,543896.13,360081.53,903977.66,2,49800.0
2023-11-14,543896.13,360081.53,903977.66,2,49800.0
2023-11-15,543896.13,360081.53,903977.66,2,49800.0
2023-11-16,543896.13,360081.53,903977.66,2,49800.0
2023-11-17,543896.13,360081.53,903977.66,2,49800.0
2023-11-18,543896.13,360081.53,903977.66,2,49800.0
2023-11-19,543896.13,360081.53,903977.66,2,49800.0
2023-11-20,543896.13,360081.53,903977.66,2,49800.0
2023-11-21,543896.13,360081.53,903977.66,2,49800.0
2023-11-22,543896.13,360081.53,903977.66,2,49800.0
2023-11-23,543896.13,360081.53,903977.66,2,49800.0
2023-11-24,543896.13,360081.53,903977.66,2,49800.0
2023-11-25,543896.13,360081.53,903977.66,2,49800.0
2023-11-26,543896.13,360081.53,903977.66,2,49800.0
2023-11-27,408299.48,495678.18,903977.66,3,49800.0
2023-11-28,227503.95,676473.71,903977.66,4,49800.0
2023-11-29,0.0,903977.66,903977.66,6,49800.0
2023-11-30,0.0,903977.66,903977.66,6,49800.0
2023-12-01,200.0,903977.66,904177.66,6,50000.0
2023-12-02,200.0,903977.66,904177.66,6,50000.0
2023-12-03,200.0,903977.66,904177.66,6,50000.0
2023-12-04,200.0,903977.66,904177.66,6,50000.0
2023-12-05,200.0,903977.66,904177.66,6,50000.0
2023-12-06,149356.31,768381.01,917737.33,5,50000.0
2023-12-07,250454.35,676473.71,926928.06,4,50000.0
2023-12-08,449329.43,495678.18,945007.61,3,50000.0
2023-12-09,449329.43,495678.18,945007.61,3,50000.0
2023-12-10,449329.43,495678.18,945007.61,3,50000.0
2023-12-11,449329.43,495678.18,945007.61,3,50000.0
2023-12-12,449329.43,495678.18,945007.61,3,50000.0
2023-12-13,602732.43,362284.27,965016.7,2,50000.0
2023-12-14,602732.43,362284.27,965016.7,2,50000.0
2023-12-15,602732.43,362284.27,965016.7,2,50000.0
2023-12-16,602732.43,362284.27,965016.7,2,50000.0
2023-12-17,602732.43,362284.27,965016.7,2,50000.0
2023-12-18,602732.43,362284.27,965016.7,2,50000.0
2023-12-19,602732.43,362284.27,965016.7,2,50000.0
2023-12-20,602732.43,362284.27,965016.7,2,50000.0
2023-12-21,602732.43,362284.27,965016.7,2,50000.0
2023-12-22,602732.43,362284.27,965016.7,2,50000.0
2023-12-23,602732.43,362284.27,965016.7,2,50000.0
2023-12-24,602732.43,362284.27,965016.7,2,50000.0
2023-12-25,602732.43,362284.27,965016.7,2,50000.0
2023-12-26,409729.09,555287.61,965016.7,3,50000.0
2023-12-27,386562.53,584827.21,971389.74,3,50000.0
2023-12-28,386562.53,584827.21,971389.74,3,50000.0
2023-12-29,192284.58,779105.16,971389.74,4,50000.0
2023-12-30,192284.58,779105.16,971389.74,4,50000.0
2023-12-31,192284.58,779105.16,971389.74,4,50000.0
2024-01-01,192484.58,779105.16,971589.74,4,50200.0
2024-01-02,192484.58,779105.16,971589.74,4,50200.0
2024-01-03,192484.58,779105.16,971589.74,4,50200.0
2024-01-04,192484.58,779105.16,971589.74,4,50200.0
2024-01-05,192484.58,779105.16,971589.74,4,50200.0
2024-01-06,192484.58,779105.16,971589.74,4,50200.0
2024-01-07,192484.58,779105.16,971589.74,4,50200.0
2024-01-08,192484.58,779105.16,971589.74,4,50200.0
2024-01-09,192484.58,779105.16,971589.74,4,50200.0
2024-01-10,192484.58,779105.16,971589.74,4,50200.0
2024-01-11,192484.58,779105.16,971589.74,4,50200.0
2024-01-12,192484.58,779105.16,971589.74,4,50200.0
2024-01-13,192484.58,779105.16,971589.74,4,50200.0
2024-01-14,192484.58,779105.16,971589.74,4,50200.0
2024-01-15,192484.58,779105.16,971589.74,4,50200.0
2024-01-16,192484.58,779105.16,971589.74,4,50200.0
2024-01-17,192484.58,779105.16,971589.74,4,50200.0
2024-01-18,192484.58,779105.16,971589.74,4,50200.0
2024-01-19,192484.58,779105.16,971589.74,4,50200.0
2024-01-20,192484.58,779105.16,971589.74,4,50200.0
2024-01-21,192484.58,779105.16,971589.74,4,50200.0
2024-01-22,192484.58,779105.16,971589.74,4,50200.0
2024-01-23,192484.58,779105.16,971589.74,4,50200.0
2024-01-24,192484.58,779105.16,971589.74,4,50200.0
2024-01-25,641643.1,359414.2,1001057.3,2,50200.0
2024-01-26,809025.21,194277.95,1003303.16,1,50200.0
2024-01-27,809025.21,194277.95,1003303.16,1,50200.0
2024-01-28,809025.21,194277.95,1003303.16,1,50200.0
2024-01-29,1009209.21,0.0,1009209.21,0,50200.0
2024-01-30,555065.06,454144.14,1009209.21,2,50200.0
2024-01-31,396215.53,633177.86,1029393.39,3,50200.0
2024-02-01,396415.53,633177.86,1029593.39,3,50400.0
2024-02-02,396415.53,633177.86,1029593.39,3,50400.0
2024-02-03,396415.53,633177.86,1029593.39,3,50400.0
2024-02-04,396415.53,633177.86,1029593.39,3,50400.0
2024-02-05,396415.53,633177.86,1029593.39,3,50400.0
2024-02-06,396415.53,633177.86,1029593.39,3,50400.0
2024-02-07,396415.53,633177.86,1029593.39,3,50400.0
2024-02-08,396415.53,633177.86,1029593.39,3,50400.0
2024-02-09,396415.53,633177.86,1029593.39,3,50400.0
2024-02-10,396415.53,633177.86,1029593.39,3,50400.0
2024-02-11,396415.53,633177.86,1029593.39,3,50400.0
2024-02-12,396415.53,633177.86,1029593.39,3,50400.0
2024-02-13,396415.53,633177.86,1029593.39,3,50400.0
2024-02-14,396415.53,633177.86,1029593.39,3,50400.0
2024-02-15,396415.53,633177.86,1029593.39,3,50400.0
2024-02-16,396415.53,633177.86,1029593.39,3,50400.0
2024-02-17,396415.53,633177.86,1029593.39,3,50400.0
2024-02-18,396415.53,633177.86,1029593.39,3,50400.0
2024-02-19,396415.53,633177.86,1029593.39,3,50400.0
2024-02-20,396415.53,633177.86,1029593.39,3,50400.0
2024-02-21,396415.53,633177.86,1029593.39,3,50400.0
2024-02-22,622882.08,427299.18,1050181.26,2,50400.0
2024-02-23,622882.08,427299.18,1050181.26,2,50400.0
2024-02-24,622882.08,427299.18,1050181.26,2,50400.0
2024-02-25,622882.08,427299.18,1050181.26,2,50400.0
2024-02-26,622882.08,427299.18,1050181.26,2,50400.0
2024-02-27,202809.58,847371.68,1050181.26,4,50400.0
2024-02-28,0.0,1050181.26,1050181.26,6,50400.0
2024-02-29,0.0,1050181.26,1050181.26,6,50400.0
2024-03-01,153024.77,875184.38,1028209.15,5,50600.0
2024-03-02,153024.77,875184.38,1028209.15,5,50600.0
2024-03-03,153024.77,875184.38,1028209.15,5,50600.0
2024-03-04,153024.77,875184.38,1028209.15,5,50600.0
2024-03-05,153024.77,875184.38,1028209.15,5,50600.0
2024-03-06,153024.77,875184.38,1028209.15,5,50600.0
2024-03-07,153024.77,875184.38,1028209.15,5,50600.0
2024-03-08,326304.68,717657.19,1043961.87,4,50600.0
2024-03-09,326304.68,717657.19,1043961.87,4,50600.0
2024-03-10,326304.68,717657.19,1043961.87,4,50600.0
2024-03-11,326304.68,717657.19,1043961.87,4,50600.0
2024-03-12,326304.68,717657.19,1043961.87,4,50600.0
2024-03-13,326304.68,717657.19,1043961.87,4,50600.0
2024-03-14,326304.68,717657.19,1043961.87,4,50600.0
2024-03-15,326304.68,717657.19,1043961.87,4,50600.0
2024-03-16,326304.68,717657.19,1043961.87,4,50600.0
2024-03-17,326304.68,717657.19,1043961.87,4,50600.0
2024-03-18,326304.68,717657.19,1043961.87,4,50600.0
2024-03-19,628231.79,455111.88,1083343.67,3,50600.0
2024-03-20,628231.79,455111.88,1083343.67,3,50600.0
2024-03-21,628231.79,455111.88,1083343.67,3,50600.0
2024-03-22,628231.79,455111.88,1083343.67,3,50600.0
2024-03-23,628231.79,455111.88,1083343.67,3,50600.0
2024-03-24,628231.79,455111.88,1083343.67,3,50600.0
2024-03-25,119060.27,964283.4,1083343.67,6,50600.0
2024-03-26,0.0,1083343.67,1083343.67,7,50600.0
2024-03-27,0.0,1099593.83,1099593.83,7,50600.0
2024-03-28,0.0,1099593.83,1099593.83,7,50600.0
2024-03-29,0.0,1099593.83,1099593.83,7,50600.0
2024-03-30,0.0,1099593.83,1099593.83,7,50600.0
2024-03-31,0.0,1099593.83,1099593.83,7,50600.0
2024-04-01,396258.57,718032.54,1114291.11,4,50800.0
2024-04-02,396258.57,718032.54,1114291.11,4,50800.0
2024-04-03,396258.57,718032.54,1114291.11,4,50800.0
2024-04-04,396258.57,718032.54,1114291.11,4,50800.0
2024-04-05,396258.57,718032.54,1114291.11,4,50800.0
2024-04-06,396258.57,718032.54,1114291.11,4,50800.0
2024-04-07,396258.57,718032.54,1114291.11,4,50800.0
2024-04-08,396258.57,718032.54,1114291.11,4,50800.0
2024-04-09,396258.57,718032.54,1114291.11,4,50800.0
2024-04-10,396258.57,718032.54,1114291.11,4,50800.0
2024-04-11,396258.57,718032.54,1114291.11,4,50800.0
2024-04-12,396258.57,718032.54,1114291.11,4,50800.0
2024-04-13,396258.57,718032.54,1114291.11,4,50800.0
2024-04-14,396258.57,718032.54,1114291.11,4,50800.0
2024-04-15,396258.57,718032.54,1114291.11,4,50800.0
2024-04-16,396258.57,718032.54,1114291.11,4,50800.0
2024-04-17,396258.57,718032.54,1114291.11,4,50800.0
2024-04-18,396258.57,718032.54,1114291.11,4,50800.0
2024-04-19,396258.57,718032.54,1114291.11,4,50800.0
2024-04-20,396258.57,718032.54,1114291.11,4,50800.0
2024-04-21,396258.57,718032.54,1114291.11,4,50800.0
2024-04-22,206829.08,907462.03,1114291.11,5,50800.0
2024-04-23,17399.59,1096891.52,1114291.11,6,50800.0
2024-04-24,111795.53,965725.81,1077521.34,5,50800.0
2024-04-25,17037.42,1062591.29,1079628.71,5,50800.0
2024-04-26,0.0,1101179.14,1101179.14,6,50800.0
2024-04-27,0.0,1101179.14,1101179.14,6,50800.0
2024-04-28,0.0,1101179.14,1101179.14,6,50800.0
2024-04-29,0.0,1117696.82,1117696.82,6,50800.0
2024-04-30,199864.01,936002.27,1135866.28,5,50800.0
2024-05-01,200064.01,936002.27,1136066.28,5,51000.0
2024-05-02,200064.01,936002.27,1136066.28,5,51000.0
2024-05-03,200064.01,936002.27,1136066.28,5,51000.0
2024-05-04,200064.01,936002.27,1136066.28,5,51000.0
2024-05-05,200064.01,936002.27,1136066.28,5,51000.0
2024-05-06,200064.01,936002.27,1136066.28,5,51000.0
2024-05-07,297870.78,847087.02,1144957.8,4,51000.0
2024-05-08,297870.78,847087.02,1144957.8,4,51000.0
2024-05-09,297870.78,847087.02,1144957.8,4,51000.0
2024-05-10,297870.78,847087.02,1144957.8,4,51000.0
2024-05-11,297870.78,847087.02,1144957.8,4,51000.0
2024-05-12,297870.78,847087.02,1144957.8,4,51000.0
2024-05-13,297870.78,847087.02,1144957.8,4,51000.0
2024-05-14,535389.1,631161.28,1166550.38,3,51000.0
2024-05-15,535389.1,631161.28,1166550.38,3,51000.0
2024-05-16,535389.1,631161.28,1166550.38,3,51000.0
2024-05-17,535389.1,631161.28,1166550.38,3,51000.0
2024-05-18,535389.1,631161.28,1166550.38,3,51000.0
2024-05-19,535389.1,631161.28,1166550.38,3,51000.0
2024-05-20,535389.1,631161.28,1166550.38,3,51000.0
2024-05-21,743761.54,441731.79,1185493.33,2,51000.0
2024-05-22,743761.54,441731.79,1185493.33,2,51000.0
2024-05-23,321780.9,874225.77,1196006.66,4,51000.0
2024-05-24,82579.56,1113427.1,1196006.66,5,51000.0
2024-05-25,82579.56,1113427.1,1196006.66,5,51000.0
2024-05-26,82579.56,1113427.1,1196006.66,5,51000.0
2024-05-27,82579.56,1113427.1,1196006.66,5,51000.0
2024-05-28,0.0,1196006.66,1196006.66,6,51000.0
2024-05-29,0.0,1196006.66,1196006.66,6,51000.0
2024-05-30,0.0,1180800.51,1180800.51,6,51000.0
2024-05-31,0.0,1200874.11,1200874.11,7,51000.0
2024-06-01,198344.23,1020743.0,1219087.23,6,51200.0
2024-06-02,198344.23,1020743.0,1219087.23,6,51200.0
2024-06-03,461465.7,781541.66,1243007.36,5,51200.0
2024-06-04,461465.7,781541.66,1243007.36,5,51200.0
2024-06-05,595950.73,662602.04,1258552.77,4,51200.0
2024-06-06,595950.73,662602.04,1258552.77,4,51200.0
2024-06-07,793291.83,483201.04,1276492.87,3,51200.0
2024-06-08,793291.83,483201.04,1276492.87,3,51200.0
2024-06-09,793291.83,483201.04,1276492.87,3,51200.0
2024-06-10,793291.83,483201.04,1276492.87,3,51200.0
2024-06-11,793291.83,483201.04,1276492.87,3,51200.0
2024-06-12,793291.83,483201.04,1276492.87,3,51200.0
2024-06-13,793291.83,483201.04,1276492.87,3,51200.0
2024-06-14,793291.83,483201.04,1276492.87,3,51200.0
2024-06-15,793291.83,483201.04,1276492.87,3,51200.0
2024-06-16,793291.83,483201.04,1276492.87,3,51200.0
2024-06-17,793291.83,483201.04,1276492.87,3,51200.0
2024-06-18,793291.83,483201.04,1276492.87,3,51200.0
2024-06-19,793291.83,483201.04,1276492.87,3,51200.0
2024-06-20,793291.83,483201.04,1276492.87,3,51200.0
2024-06-21,793291.83,483201.04,1276492.87,3,51200.0
2024-06-22,793291.83,483201.04,1276492.87,3,51200.0
2024-06-23,793291.83,483201.04,1276492.87,3,51200.0
2024-06-24,976804.27,295049.29,1271853.56,2,51200.0
2024-06-25,976804.27,295049.29,1271853.56,2,51200.0
2024-06-26,976804.27,295049.29,1271853.56,2,51200.0
2024-06-27,1256612.05,40678.58,1297290.63,1,51200.0
2024-06-28,1287120.99,0.0,1287120.99,0,51200.0
2024-06-29,1287120.99,0.0,1287120.99,0,51200.0
2024-06-30,1287120.99,0.0,1287120.99,0,51200.0
2024-07-01,1287320.99,0.0,1287320.99,0,51400.0
2024-07-02,1287320.99,0.0,1287320.99,0,51400.0
2024-07-03,1287320.99,0.0,1287320.99,0,51400.0
2024-07-04,1287320.99,0.0,1287320.99,0,51400.0
2024-07-05,1287320.99,0.0,1287320.99,0,51400.0
2024-07-06,1287320.99,0.0,1287320.99,0,51400.0
2024-07-07,1287320.99,0.0,1287320.99,0,51400.0
2024-07-08,1287320.99,0.0,1287320.99,0,51400.0
2024-07-09,1287320.99,0.0,1287320.99,0,51400.0
2024-07-10,1287320.99,0.0,1287320.99,0,51400.0
2024-07-11,1287320.99,0.0,1287320.99,0,51400.0
2024-07-12,1287320.99,0.0,1287320.99,0,51400.0
2024-07-13,1287320.99,0.0,1287320.99,0,51400.0
2024-07-14,1287320.99,0.0,1287320.99,0,51400.0
2024-07-15,1287320.99,0.0,1287320.99,0,51400.0
2024-07-16,1287320.99,0.0,1287320.99,0,51400.0
2024-07-17,1287320.99,0.0,1287320.99,0,51400.0
2024-07-18,1287320.99,0.0,1287320.99,0,51400.0
2024-07-19,1287320.99,0.0,1287320.99,0,51400.0
2024-07-20,1287320.99,0.0,1287320.99,0,51400.0
2024-07-21,1287320.99,0.0,1287320.99,0,51400.0
2024-07-22,1287320.99,0.0,1287320.99,0,51400.0
2024-07-23,1094222.84,193098.15,1287320.99,1,51400.0
2024-07-24,1094222.84,193098.15,1287320.99,1,51400.0
2024-07-25,901124.69,386196.3,1287320.99,2,51400.0
2024-07-26,708026.54,579294.44,1287320.99,3,51400.0
2024-07-27,708026.54,579294.44,1287320.99,3,51400.0
2024-07-28,708026.54,579294.44,1287320.99,3,51400.0
2024-07-29,450562.34,836758.64,1287320.99,4,51400.0
2024-07-30,450562.34,836758.64,1287320.99,4,51400.0
2024-07-31,0.0,1287320.99,1287320.99,6,51400.0
2024-08-01,200.0,1287320.99,1287520.99,6,51600.0
2024-08-02,200.0,1287320.99,1287520.99,6,51600.0
2024-08-03,200.0,1287320.99,1287520.99,6,51600.0
2024-08-04,200.0,1287320.99,1287520.99,6,51600.0
2024-08-05,200.0,1287320.99,1287520.99,6,51600.0
2024-08-06,200.0,1287320.99,1287520.99,6,51600.0
2024-08-07,190440.3,1029856.79,1220297.08,5,51600.0
2024-08-08,190440.3,1029856.79,1220297.08,5,51600.0
2024-08-09,190440.3,1029856.79,1220297.08,5,51600.0
2024-08-10,190440.3,1029856.79,1220297.08,5,51600.0
2024-08-11,190440.3,1029856.79,1220297.08,5,51600.0
2024-08-12,190440.3,1029856.79,1220297.08,5,51600.0
2024-08-13,190440.3,1029856.79,1220297.08,5,51600.0
2024-08-14,190440.3,1029856.79,1220297.08,5,51600.0
2024-08-15,190440.3,1029856.79,1220297.08,5,51600.0
2024-08-16,190440.3,1029856.79,1220297.08,5,51600.0
2024-08-17,190440.3,1029856.79,1220297.08,5,51600.0
2024-08-18,190440.3,1029856.79,1220297.08,5,51600.0
2024-08-19,473650.91,772392.59,1246043.5,4,51600.0
2024-08-20,473650.91,772392.59,1246043.5,4,51600.0
2024-08-21,473650.91,772392.59,1246043.5,4,51600.0
2024-08-22,675573.65,579294.44,1254868.09,3,51600.0
2024-08-23,675573.65,579294.44,1254868.09,3,51600.0
2024-08-24,675573.65,579294.44,1254868.09,3,51600.0
2024-08-25,675573.65,579294.44,1254868.09,3,51600.0
2024-08-26,740985.53,504459.37,1245444.9,2,51600.0
2024-08-27,554168.79,691276.11,1245444.9,3,51600.0
2024-08-28,0.0,1245444.9,1245444.9,6,51600.0
2024-08-29,366939.2,943891.55,1310830.76,5,51600.0
2024-08-30,0.0,1314847.2,1314847.2,7,51600.0
2024-08-31,0.0,1314847.2,1314847.2,7,51600.0
2024-09-01,200.0,1314847.2,1315047.2,7,51800.0
2024-09-02,200.0,1314847.2,1315047.2,7,51800.0
2024-09-03,506416.17,854650.68,1361066.85,5,51800.0
2024-09-04,506416.17,854650.68,1361066.85,5,51800.0
2024-09-05,506416.17,854650.68,1361066.85,5,51800.0
2024-09-06,506416.17,854650.68,1361066.85,5,51800.0
2024-09-07,506416.17,854650.68,1361066.85,5,51800.0
2024-09-08,506416.17,854650.68,1361066.85,5,51800.0
2024-09-09,506416.17,854650.68,1361066.85,5,51800.0
2024-09-10,506416.17,854650.68,1361066.85,5,51800.0
2024-09-11,506416.17,854650.68,1361066.85,5,51800.0
2024-09-12,506416.17,854650.68,1361066.85,5,51800.0
2024-09-13,620659.17,750793.41,1371452.58,4,51800.0
2024-09-14,620659.17,750793.41,1371452.58,4,51800.0
2024-09-15,620659.17,750793.41,1371452.58,4,51800.0
2024-09-16,620659.17,750793.41,1371452.58,4,51800.0
2024-09-17,826157.58,563976.67,1390134.25,3,51800.0
2024-09-18,826157.58,563976.67,1390134.25,3,51800.0
2024-09-19,0.0,1390134.25,1390134.25,6,51800.0
2024-09-20,0.0,1390134.25,1390134.25,6,51800.0
2024-09-21,0.0,1390134.25,1390134.25,6,51800.0
2024-09-22,0.0,1390134.25,1390134.25,6,51800.0
2024-09-23,0.0,1390134.25,1390134.25,6,51800.0
2024-09-24,0.0,1390134.25,1390134.25,6,51800.0
2024-09-25,0.0,1390134.25,1390134.25,6,51800.0
2024-09-26,161932.75,1203317.52,1365250.26,5,51800.0
2024-09-27,346223.2,1022782.19,1369005.4,4,51800.0
2024-09-28,346223.2,1022782.19,1369005.4,4,51800.0
2024-09-29,346223.2,1022782.19,1369005.4,4,51800.0
2024-09-30,312333.26,1125770.88,1438104.13,4,51800.0
2024-10-01,312533.26,1125770.88,1438304.13,4,52000.0
2024-10-02,312533.26,1125770.88,1438304.13,4,52000.0
2024-10-03,312533.26,1125770.88,1438304.13,4,52000.0
2024-10-04,312533.26,1125770.88,1438304.13,4,52000.0
2024-10-05,312533.26,1125770.88,1438304.13,4,52000.0
2024-10-06,312533.26,1125770.88,1438304.13,4,52000.0
2024-10-07,312533.26,1125770.88,1438304.13,4,52000.0
2024-10-08,312533.26,1125770.88,1438304.13,4,52000.0
2024-10-09,312533.26,1125770.88,1438304.13,4,52000.0
2024-10-10,312533.26,1125770.88,1438304.13,4,52000.0
2024-10-11,312533.26,1125770.88,1438304.13,4,52000.0
2024-10-12,312533.26,1125770.88,1438304.13,4,52000.0
2024-10-13,312533.26,1125770.88,1438304.13,4,52000.0
2024-10-14,312533.26,1125770.88,1438304.13,4,52000.0
2024-10-15,312533.26,1125770.88,1438304.13,4,52000.0
2024-10-16,312533.26,1125770.88,1438304.13,4,52000.0
2024-10-17,312533.26,1125770.88,1438304.13,4,52000.0
2024-10-18,312533.26,1125770.88,1438304.13,4,52000.0
2024-10-19,312533.26,1125770.88,1438304.13,4,52000.0
2024-10-20,312533.26,1125770.88,1438304.13,4,52000.0
2024-10-21,777044.51,647146.86,1424191.37,2,52000.0
2024-10-22,777044.51,647146.86,1424191.37,2,52000.0
2024-10-23,492206.24,931985.13,1424191.37,3,52000.0
2024-10-24,0.0,1424191.37,1424191.37,5,52000.0
2024-10-25,0.0,1424191.37,1424191.37,5,52000.0
2024-10-26,0.0,1424191.37,1424191.37,5,52000.0
2024-10-27,0.0,1424191.37,1424191.37,5,52000.0
2024-10-28,0.0,1424191.37,1424191.37,5,52000.0
2024-10-29,0.0,1424191.37,1424191.37,5,52000.0
2024-10-30,0.0,1523746.49,1523746.49,6,52000.0
2024-10-31,0.0,1523746.49,1523746.49,6,52000.0
2024-11-01,200.0,1523746.49,1523946.49,6,52200.0
2024-11-02,200.0,1523746.49,1523946.49,6,52200.0
2024-11-03,200.0,1523746.49,1523946.49,6,52200.0
2024-11-04,285140.59,1264709.59,1549850.18,5,52200.0
2024-11-05,285140.59,1264709.59,1549850.18,5,52200.0
2024-11-06,624417.99,959960.29,1584378.28,4,52200.0
2024-11-07,624417.99,959960.29,1584378.28,4,52200.0
2024-11-08,624417.99,959960.29,1584378.28,4,52200.0
2024-11-09,624417.99,959960.29,1584378.28,4,52200.0
2024-11-10,624417.99,959960.29,1584378.28,4,52200.0
2024-11-11,624417.99,959960.29,1584378.28,4,52200.0
2024-11-12,1051750.63,600434.26,1652184.89,3,52200.0
2024-11-13,1051750.63,600434.26,1652184.89,3,52200.0
2024-11-14,1170801.46,492206.24,1663007.69,2,52200.0
2024-11-15,1170801.46,492206.24,1663007.69,2,52200.0
2024-11-16,1170801.46,492206.24,1663007.69,2,52200.0
2024-11-17,1170801.46,492206.24,1663007.69,2,52200.0
2024-11-18,1170801.46,492206.24,1663007.69,2,52200.0
2024-11-19,1170801.46,492206.24,1663007.69,2,52200.0
2024-11-20,1170801.46,492206.24,1663007.69,2,52200.0
2024-11-21,1170801.46,492206.24,1663007.69,2,52200.0
2024-11-22,1170801.46,492206.24,1663007.69,2,52200.0
2024-11-23,1170801.46,492206.24,1663007.69,2,52200.0
2024-11-24,1170801.46,492206.24,1663007.69,2,52200.0
2024-11-25,1678696.01,0.0,1678696.01,0,52200.0
2024-11-26,386100.08,1292595.93,1678696.01,4,52200.0
2024-11-27,999302.55,780753.12,1780055.68,2,52200.0
2024-11-28,999302.55,780753.12,1780055.68,2,52200.0
2024-11-29,162676.39,1617379.29,1780055.68,5,52200.0
2024-11-30,162676.39,1617379.29,1780055.68,5,52200.0
2024-12-01,162876.39,1617379.29,1780255.68,5,52400.0
2024-12-02,495746.8,1314769.82,1810516.62,4,52400.0
2024-12-03,495746.8,1314769.82,1810516.62,4,52400.0
2024-12-04,495746.8,1314769.82,1810516.62,4,52400.0
2024-12-05,495746.8,1314769.82,1810516.62,4,52400.0
2024-12-06,495746.8,1314769.82,1810516.62,4,52400.0
2024-12-07,495746.8,1314769.82,1810516.62,4,52400.0
2024-12-08,495746.8,1314769.82,1810516.62,4,52400.0
2024-12-09,495746.8,1314769.82,1810516.62,4,52400.0
2024-12-10,495746.8,1314769.82,1810516.62,4,52400.0
2024-12-11,495746.8,1314769.82,1810516.62,4,52400.0
2024-12-12,495746.8,1314769.82,1810516.62,4,52400.0
2024-12-13,495746.8,1314769.82,1810516.62,4,52400.0
2024-12-14,495746.8,1314769.82,1810516.62,4,52400.0
2024-12-15,495746.8,1314769.82,1810516.62,4,52400.0
2024-12-16,495746.8,1314769.82,1810516.62,4,52400.0
2024-12-17,495746.8,1314769.82,1810516.62,4,52400.0
2024-12-18,495746.8,1314769.82,1810516.62,4,52400.0
2024-12-19,0.0,1810516.62,1810516.62,6,52400.0
2024-12-20,0.0,1810516.62,1810516.62,6,52400.0
2024-12-21,0.0,1810516.62,1810516.62,6,52400.0
2024-12-22,0.0,1810516.62,1810516.62,6,52400.0
2024-12-23,0.0,1810516.62,1810516.62,6,52400.0
2024-12-24,0.0,1810516.62,1810516.62,6,52400.0
2024-12-25,0.0,1810516.62,1810516.62,6,52400.0
2024-12-26,0.0,1791211.62,1791211.62,7,52400.0
2024-12-27,350465.24,1474777.42,1825242.66,5,52400.0
2024-12-28,350465.24,1474777.42,1825242.66,5,52400.0
2024-12-29,350465.24,1474777.42,1825242.66,5,52400.0
2024-12-30,848996.53,940760.72,1789757.25,3,52400.0
2024-12-31,580532.95,1209224.3,1789757.25,4,52400.0
2025-01-01,580732.95,1209224.3,1789957.25,4,52600.0
2025-01-02,580732.95,1209224.3,1789957.25,4,52600.0
2025-01-03,580732.95,1209224.3,1789957.25,4,52600.0
2025-01-04,580732.95,1209224.3,1789957.25,4,52600.0
2025-01-05,580732.95,1209224.3,1789957.25,4,52600.0
2025-01-06,1101256.47,756595.15,1857851.62,3,52600.0
2025-01-07,1101256.47,756595.15,1857851.62,3,52600.0
2025-01-08,1101256.47,756595.15,1857851.62,3,52600.0
2025-01-09,1101256.47,756595.15,1857851.62,3,52600.0
2025-01-10,1101256.47,756595.15,1857851.62,3,52600.0
2025-01-11,1101256.47,756595.15,1857851.62,3,52600.0
2025-01-12,1101256.47,756595.15,1857851.62,3,52600.0
2025-01-13,1101256.47,756595.15,1857851.62,3,52600.0
2025-01-14,1101256.47,756595.15,1857851.62,3,52600.0
2025-01-15,1101256.47,756595.15,1857851.62,3,52600.0
2025-01-16,1101256.47,756595.15,1857851.62,3,52600.0
2025-01-17,1101256.47,756595.15,1857851.62,3,52600.0
2025-01-18,1101256.47,756595.15,1857851.62,3,52600.0
2025-01-19,1101256.47,756595.15,1857851.62,3,52600.0
2025-01-20,1101256.47,756595.15,1857851.62,3,52600.0
2025-01-21,1146141.94,713477.51,1859619.45,2,52600.0
2025-01-22,1146141.94,713477.51,1859619.45,2,52600.0
2025-01-23,1146141.94,713477.51,1859619.45,2,52600.0
2025-01-24,1146141.94,713477.51,1859619.45,2,52600.0
2025-01-25,1146141.94,713477.51,1859619.45,2,52600.0
2025-01-26,1146141.94,713477.51,1859619.45,2,52600.0
2025-01-27,309313.19,1550306.26,1859619.45,4,52600.0
2025-01-28,309313.19,1550306.26,1859619.45,4,52600.0
2025-01-29,0.0,1859619.45,1859619.45,5,52600.0
2025-01-30,0.0,1845149.26,1845149.26,5,52600.0
2025-01-31,279392.74,1591155.86,1870548.6,4,52600.0
2025-02-01,279592.74,1591155.86,1870748.6,4,52800.0
2025-02-02,279592.74,1591155.86,1870748.6,4,52800.0
2025-02-03,279592.74,1591155.86,1870748.6,4,52800.0
2025-02-04,279592.74,1591155.86,1870748.6,4,52800.0
2025-02-05,279592.74,1591155.86,1870748.6,4,52800.0
2025-02-06,279592.74,1591155.86,1870748.6,4,52800.0
2025-02-07,279592.74,1591155.86,1870748.6,4,52800.0
2025-02-08,279592.74,1591155.86,1870748.6,4,52800.0
2025-02-09,279592.74,1591155.86,1870748.6,4,52800.0
2025-02-10,279592.74,1591155.86,1870748.6,4,52800.0
2025-02-11,279592.74,1591155.86,1870748.6,4,52800.0
2025-02-12,279592.74,1591155.86,1870748.6,4,52800.0
2025-02-13,279592.74,1591155.86,1870748.6,4,52800.0
2025-02-14,279592.74,1591155.86,1870748.6,4,52800.0
2025-02-15,279592.74,1591155.86,1870748.6,4,52800.0
2025-02-16,279592.74,1591155.86,1870748.6,4,52800.0
2025-02-17,279592.74,1591155.86,1870748.6,4,52800.0
2025-02-18,279592.74,1591155.86,1870748.6,4,52800.0
2025-02-19,279592.74,1591155.86,1870748.6,4,52800.0
2025-02-20,279592.74,1591155.86,1870748.6,4,52800.0
2025-02-21,279592.74,1591155.86,1870748.6,4,52800.0
2025-02-22,279592.74,1591155.86,1870748.6,4,52800.0
2025-02-23,279592.74,1591155.86,1870748.6,4,52800.0
2025-02-24,279592.74,1591155.86,1870748.6,4,52800.0
2025-02-25,279592.74,1591155.86,1870748.6,4,52800.0
2025-02-26,0.0,1867847.59,1867847.59,5,52800.0
2025-02-27,0.0,1867847.59,1867847.59,5,52800.0
2025-02-28,0.0,1876446.5,1876446.5,5,52800.0
2025-03-01,200.0,1876446.5,1876646.5,5,53000.0
2025-03-02,200.0,1876446.5,1876646.5,5,53000.0
2025-03-03,200.0,1876446.5,1876646.5,5,53000.0
2025-03-04,200.0,1876446.5,1876646.5,5,53000.0
2025-03-05,200.0,1876446.5,1876646.5,5,53000.0
2025-03-06,200.0,1876446.5,1876646.5,5,53000.0
2025-03-07,200.0,1876446.5,1876646.5,5,53000.0
2025-03-08,200.0,1876446.5,1876646.5,5,53000.0
2025-03-09,200.0,1876446.5,1876646.5,5,53000.0
2025-03-10,349903.31,1558534.4,1908437.71,4,53000.0
2025-03-11,349903.31,1558534.4,1908437.71,4,53000.0
2025-03-12,349903.31,1558534.4,1908437.71,4,53000.0
2025-03-13,349903.31,1558534.4,1908437.71,4,53000.0
2025-03-14,349903.31,1558534.4,1908437.71,4,53000.0
2025-03-15,349903.31,1558534.4,1908437.71,4,53000.0
2025-03-16,349903.31,1558534.4,1908437.71,4,53000.0
2025-03-17,349903.31,1558534.4,1908437.71,4,53000.0
2025-03-18,349903.31,1558534.4,1908437.71,4,53000.0
2025-03-19,349903.31,1558534.4,1908437.71,4,53000.0
2025-03-20,349903.31,1558534.4,1908437.71,4,53000.0
2025-03-21,349903.31,1558534.4,1908437.71,4,53000.0
2025-03-22,349903.31,1558534.4,1908437.71,4,53000.0
2025-03-23,349903.31,1558534.4,1908437.71,4,53000.0
2025-03-24,0.0,1908437.71,1908437.71,6,53000.0
2025-03-25,0.0,1908437.71,1908437.71,6,53000.0
2025-03-26,0.0,1908437.71,1908437.71,6,53000.0
2025-03-27,0.0,1908437.71,1908437.71,6,53000.0
2025-03-28,0.0,1676273.95,1676273.95,6,53000.0
2025-03-29,0.0,1676273.95,1676273.95,6,53000.0
2025-03-30,0.0,1676273.95,1676273.95,6,53000.0
2025-03-31,0.0,1707546.49,1707546.49,6,53000.0
2025-04-01,281945.17,1451414.52,1733359.69,5,53200.0
2025-04-02,281945.17,1451414.52,1733359.69,5,53200.0
2025-04-03,816585.76,986509.65,1803095.42,4,53200.0
2025-04-04,816585.76,986509.65,1803095.42,4,53200.0
2025-04-05,816585.76,986509.65,1803095.42,4,53200.0
2025-04-06,816585.76,986509.65,1803095.42,4,53200.0
2025-04-07,816585.76,986509.65,1803095.42,4,53200.0
2025-04-08,816585.76,986509.65,1803095.42,4,53200.0
2025-04-09,816585.76,986509.65,1803095.42,4,53200.0
2025-04-10,816585.76,986509.65,1803095.42,4,53200.0
2025-04-11,816585.76,986509.65,1803095.42,4,53200.0
2025-04-12,816585.76,986509.65,1803095.42,4,53200.0
2025-04-13,816585.76,986509.65,1803095.42,4,53200.0
2025-04-14,816585.76,986509.65,1803095.42,4,53200.0
2025-04-15,816585.76,986509.65,1803095.42,4,53200.0
2025-04-16,816585.76,986509.65,1803095.42,4,53200.0
2025-04-17,816585.76,986509.65,1803095.42,4,53200.0
2025-04-18,816585.76,986509.65,1803095.42,4,53200.0
2025-04-19,816585.76,986509.65,1803095.42,4,53200.0
2025-04-20,816585.76,986509.65,1803095.42,4,53200.0
2025-04-21,1307505.38,559623.03,1867128.41,3,53200.0
2025-04-22,616667.87,1250460.54,1867128.41,5,53200.0
2025-04-23,1700851.91,235188.62,1936040.53,2,53200.0
2025-04-24,1371725.02,564315.51,1936040.53,3,53200.0
2025-04-25,984516.91,951523.62,1936040.53,4,53200.0
2025-04-26,984516.91,951523.62,1936040.53,4,53200.0
2025-04-27,984516.91,951523.62,1936040.53,4,53200.0
2025-04-28,113298.67,1822741.86,1936040.53,6,53200.0
2025-04-29,0.0,1936040.53,1936040.53,7,53200.0
2025-04-30,188454.15,1726320.8,1914774.95,6,53200.0
2025-05-01,550693.72,1397193.91,1947887.64,5,53400.0
2025-05-02,550693.72,1397193.91,1947887.64,5,53400.0
2025-05-03,550693.72,1397193.91,1947887.64,5,53400.0
2025-05-04,550693.72,1397193.91,1947887.64,5,53400.0
2025-05-05,550693.72,1397193.91,1947887.64,5,53400.0
2025-05-06,550693.72,1397193.91,1947887.64,5,53400.0
2025-05-07,550693.72,1397193.91,1947887.64,5,53400.0
2025-05-08,550693.72,1397193.91,1947887.64,5,53400.0
2025-05-09,976622.64,1009985.81,1986608.45,4,53400.0
2025-05-10,976622.64,1009985.81,1986608.45,4,53400.0
2025-05-11,976622.64,1009985.81,1986608.45,4,53400.0
2025-05-12,2084082.16,25468.9,2109551.05,1,53400.0
2025-05-13,2084082.16,25468.9,2109551.05,1,53400.0
2025-05-14,2084082.16,25468.9,2109551.05,1,53400.0
2025-05-15,2084082.16,25468.9,2109551.05,1,53400.0
2025-05-16,2084082.16,25468.9,2109551.05,1,53400.0
2025-05-17,2084082.16,25468.9,2109551.05,1,53400.0
2025-05-18,2084082.16,25468.9,2109551.05,1,53400.0
2025-05-19,2084082.16,25468.9,2109551.05,1,53400.0
2025-05-20,2084082.16,25468.9,2109551.05,1,53400.0
2025-05-21,2084082.16,25468.9,2109551.05,1,53400.0
2025-05-22,2084082.16,25468.9,2109551.05,1,53400.0
2025-05-23,2084082.16,25468.9,2109551.05,1,53400.0
2025-05-24,2084082.16,25468.9,2109551.05,1,53400.0
2025-05-25,2084082.16,25468.9,2109551.05,1,53400.0
2025-05-26,2084082.16,25468.9,2109551.05,1,53400.0
2025-05-27,2084082.16,25468.9,2109551.05,1,53400.0
2025-05-28,2084082.16,25468.9,2109551.05,1,53400.0
2025-05-29,2084082.16,25468.9,2109551.05,1,53400.0
2025-05-30,2084082.16,25468.9,2109551.05,1,53400.0
2025-05-31,2084082.16,25468.9,2109551.05,1,53400.0
2025-06-01,2084282.16,25468.9,2109751.05,1,53600.0
2025-06-02,2084282.16,25468.9,2109751.05,1,53600.0
2025-06-03,2084282.16,25468.9,2109751.05,1,53600.0
2025-06-04,2084282.16,25468.9,2109751.05,1,53600.0
2025-06-05,2084282.16,25468.9,2109751.05,1,53600.0
2025-06-06,2084282.16,25468.9,2109751.05,1,53600.0
2025-06-07,2084282.16,25468.9,2109751.05,1,53600.0
2025-06-08,2084282.16,25468.9,2109751.05,1,53600.0
2025-06-09,2084282.16,25468.9,2109751.05,1,53600.0
2025-06-10,2084282.16,25468.9,2109751.05,1,53600.0
2025-06-11,2084282.16,25468.9,2109751.05,1,53600.0
2025-06-12,2084282.16,25468.9,2109751.05,1,53600.0
2025-06-13,2084282.16,25468.9,2109751.05,1,53600.0
2025-06-14,2084282.16,25468.9,2109751.05,1,53600.0
2025-06-15,2084282.16,25468.9,2109751.05,1,53600.0
2025-06-16,2084282.16,25468.9,2109751.05,1,53600.0
2025-06-17,2084282.16,25468.9,2109751.05,1,53600.0
2025-06-18,2084282.16,25468.9,2109751.05,1,53600.0
2025-06-19,2084282.16,25468.9,2109751.05,1,53600.0
2025-06-20,2084282.16,25468.9,2109751.05,1,53600.0
2025-06-21,2084282.16,25468.9,2109751.05,1,53600.0
2025-06-22,2084282.16,25468.9,2109751.05,1,53600.0
2025-06-23,1303674.27,806076.78,2109751.05,3,53600.0
2025-06-24,2180419.29,25468.9,2205888.19,1,53600.0
2025-06-25,1518652.84,687235.35,2205888.19,3,53600.0
2025-06-26,1325312.25,916906.92,2242219.17,3,53600.0
2025-06-27,944134.99,1298084.17,2242219.17,4,53600.0
2025-06-28,944134.99,1298084.17,2242219.17,4,53600.0
2025-06-29,944134.99,1298084.17,2242219.17,4,53600.0
2025-06-30,181780.48,2060438.69,2242219.17,6,53600.0
2025-07-01,826618.49,1499883.9,2326502.39,5,53800.0
2025-07-02,826618.49,1499883.9,2326502.39,5,53800.0
2025-07-03,826618.49,1499883.9,2326502.39,5,53800.0
2025-07-04,826618.49,1499883.9,2326502.39,5,53800.0
2025-07-05,826618.49,1499883.9,2326502.39,5,53800.0
2025-07-06,826618.49,1499883.9,2326502.39,5,53800.0
2025-07-07,826618.49,1499883.9,2326502.39,5,53800.0
2025-07-08,826618.49,1499883.9,2326502.39,5,53800.0
2025-07-09,826618.49,1499883.9,2326502.39,5,53800.0
2025-07-10,1245913.47,1118706.64,2364620.11,4,53800.0
2025-07-11,1245913.47,1118706.64,2364620.11,4,53800.0
2025-07-12,1245913.47,1118706.64,2364620.11,4,53800.0
2025-07-13,1245913.47,1118706.64,2364620.11,4,53800.0
2025-07-14,1245913.47,1118706.64,2364620.11,4,53800.0
2025-07-15,1245913.47,1118706.64,2364620.11,4,53800.0
2025-07-16,1245913.47,1118706.64,2364620.11,4,53800.0
2025-07-17,1245913.47,1118706.64,2364620.11,4,53800.0
2025-07-18,1245913.47,1118706.64,2364620.11,4,53800.0
2025-07-19,1245913.47,1118706.64,2364620.11,4,53800.0
2025-07-20,1245913.47,1118706.64,2364620.11,4,53800.0
2025-07-21,1245913.47,1118706.64,2364620.11,4,53800.0
2025-07-22,1269584.26,1093237.75,2362822.01,3,53800.0
2025-07-23,1274169.26,1121741.07,2395910.33,3,53800.0
2025-07-24,267886.93,2128023.41,2395910.33,5,53800.0
2025-07-25,0.0,2395910.33,2395910.33,6,53800.0
2025-07-26,0.0,2395910.33,2395910.33,6,53800.0
2025-07-27,0.0,2395910.33,2395910.33,6,53800.0
2025-07-28,310647.71,2119606.7,2430254.4,5,53800.0
2025-07-29,0.0,2430254.4,2430254.4,6,53800.0
2025-07-30,0.0,2457043.1,2457043.1,6,53800.0
2025-07-31,0.0,2457043.1,2457043.1,6,53800.0
2025-08-01,200.0,2457043.1,2457243.1,6,54000.0
2025-08-02,200.0,2457043.1,2457243.1,6,54000.0
2025-08-03,200.0,2457043.1,2457243.1,6,54000.0
2025-08-04,200.0,2457043.1,2457243.1,6,54000.0
2025-08-05,200.0,2457043.1,2457243.1,6,54000.0
2025-08-06,200.0,2457043.1,2457243.1,6,54000.0
2025-08-07,200.0,2457043.1,2457243.1,6,54000.0
2025-08-08,200.0,2457043.1,2457243.1,6,54000.0
2025-08-09,200.0,2457043.1,2457243.1,6,54000.0
2025-08-10,200.0,2457043.1,2457243.1,6,54000.0
2025-08-11,200.0,2457043.1,2457243.1,6,54000.0
2025-08-12,200.0,2457043.1,2457243.1,6,54000.0
2025-08-13,200.0,2457043.1,2457243.1,6,54000.0
2025-08-14,200.0,2457043.1,2457243.1,6,54000.0
2025-08-15,200.0,2457043.1,2457243.1,6,54000.0
2025-08-16,200.0,2457043.1,2457243.1,6,54000.0
2025-08-17,200.0,2457043.1,2457243.1,6,54000.0
2025-08-18,200.0,2457043.1,2457243.1,6,54000.0
2025-08-19,200.0,2457043.1,2457243.1,6,54000.0
2025-08-20,200.0,2457043.1,2457243.1,6,54000.0
2025-08-21,200.0,2457043.1,2457243.1,6,54000.0
2025-08-22,327098.01,2097656.55,2424754.55,5,54000.0
2025-08-23,327098.01,2097656.55,2424754.55,5,54000.0
2025-08-24,327098.01,2097656.55,2424754.55,5,54000.0
2025-08-25,294371.91,2096861.46,2391233.37,5,54000.0
2025-08-26,0.0,2391233.37,2391233.37,6,54000.0
2025-08-27,0.0,2414515.21,2414515.21,7,54000.0
2025-08-28,0.0,2348222.99,2348222.99,7,54000.0
2025-08-29,0.0,2396969.27,2396969.27,6,54000.0
2025-08-30,0.0,2396969.27,2396969.27,6,54000.0
2025-08-31,0.0,2396969.27,2396969.27,6,54000.0
2025-09-01,200.0,2396969.27,2397169.27,6,54200.0
2025-09-02,200.0,2396969.27,2397169.27,6,54200.0
2025-09-03,200.0,2396969.27,2397169.27,6,54200.0
2025-09-04,200.0,2396969.27,2397169.27,6,54200.0
2025-09-05,220978.93,2102597.37,2323576.3,5,54200.0
2025-09-06,220978.93,2102597.37,2323576.3,5,54200.0
2025-09-07,220978.93,2102597.37,2323576.3,5,54200.0
2025-09-08,220978.93,2102597.37,2323576.3,5,54200.0
2025-09-09,752172.28,1619694.32,2371866.6,4,54200.0
2025-09-10,752172.28,1619694.32,2371866.6,4,54200.0
2025-09-11,752172.28,1619694.32,2371866.6,4,54200.0
2025-09-12,752172.28,1619694.32,2371866.6,4,54200.0
2025-09-13,752172.28,1619694.32,2371866.6,4,54200.0
2025-09-14,752172.28,1619694.32,2371866.6,4,54200.0
2025-09-15,752172.28,1619694.32,2371866.6,4,54200.0
2025-09-16,752172.28,1619694.32,2371866.6,4,54200.0
2025-09-17,752172.28,1619694.32,2371866.6,4,54200.0
2025-09-18,752172.28,1619694.32,2371866.6,4,54200.0
2025-09-19,752172.28,1619694.32,2371866.6,4,54200.0
2025-09-20,752172.28,1619694.32,2371866.6,4,54200.0
2025-09-21,752172.28,1619694.32,2371866.6,4,54200.0
2025-09-22,752172.28,1619694.32,2371866.6,4,54200.0
2025-09-23,752172.28,1619694.32,2371866.6,4,54200.0
2025-09-24,1147096.42,1213184.65,2360281.07,3,54200.0
2025-09-25,1147096.42,1213184.65,2360281.07,3,54200.0
2025-09-26,1172519.13,1186754.97,2359274.1,2,54200.0
2025-09-27,1172519.13,1186754.97,2359274.1,2,54200.0
2025-09-28,1172519.13,1186754.97,2359274.1,2,54200.0
2025-09-29,1172519.13,1186754.97,2359274.1,2,54200.0
2025-09-30,1172519.13,1186754.97,2359274.1,2,54200.0
2025-10-01,1172719.13,1186754.97,2359474.1,2,54400.0
2025-10-02,1172719.13,1186754.97,2359474.1,2,54400.0
2025-10-03,1172719.13,1186754.97,2359474.1,2,54400.0
2025-10-04,1172719.13,1186754.97,2359474.1,2,54400.0
2025-10-05,1172719.13,1186754.97,2359474.1,2,54400.0
2025-10-06,1172719.13,1186754.97,2359474.1,2,54400.0
2025-10-07,1172719.13,1186754.97,2359474.1,2,54400.0
2025-10-08,1172719.13,1186754.97,2359474.1,2,54400.0
2025-10-09,1172719.13,1186754.97,2359474.1,2,54400.0
2025-10-10,1172719.13,1186754.97,2359474.1,2,54400.0
2025-10-11,1172719.13,1186754.97,2359474.1,2,54400.0
2025-10-12,1172719.13,1186754.97,2359474.1,2,54400.0
2025-10-13,1172719.13,1186754.97,2359474.1,2,54400.0
2025-10-14,1172719.13,1186754.97,2359474.1,2,54400.0
2025-10-15,1172719.13,1186754.97,2359474.1,2,54400.0
2025-10-16,1172719.13,1186754.97,2359474.1,2,54400.0
2025-10-17,1172719.13,1186754.97,2359474.1,2,54400.0
2025-10-18,1172719.13,1186754.97,2359474.1,2,54400.0
2025-10-19,1172719.13,1186754.97,2359474.1,2,54400.0
2025-10-20,1172719.13,1186754.97,2359474.1,2,54400.0
2025-10-21,1172719.13,1186754.97,2359474.1,2,54400.0
2025-10-22,1172719.13,1186754.97,2359474.1,2,54400.0
2025-10-23,1172719.13,1186754.97,2359474.1,2,54400.0
2025-10-24,1172719.13,1186754.97,2359474.1,2,54400.0
2025-10-25,1172719.13,1186754.97,2359474.1,2,54400.0
2025-10-26,1172719.13,1186754.97,2359474.1,2,54400.0
2025-10-27,1172719.13,1186754.97,2359474.1,2,54400.0
2025-10-28,1172719.13,1186754.97,2359474.1,2,54400.0
2025-10-29,1172719.13,1186754.97,2359474.1,2,54400.0
2025-10-30,1172719.13,1186754.97,2359474.1,2,54400.0
2025-10-31,1172719.13,1186754.97,2359474.1,2,54400.0
2025-11-01,1172919.13,1186754.97,2359674.1,2,54600.0
2025-11-02,1172919.13,1186754.97,2359674.1,2,54600.0
2025-11-03,1172919.13,1186754.97,2359674.1,2,54600.0
2025-11-04,1172919.13,1186754.97,2359674.1,2,54600.0
2025-11-05,1172919.13,1186754.97,2359674.1,2,54600.0
2025-11-06,1172919.13,1186754.97,2359674.1,2,54600.0
2025-11-07,1172919.13,1186754.97,2359674.1,2,54600.0
2025-11-08,1172919.13,1186754.97,2359674.1,2,54600.0
2025-11-09,1172919.13,1186754.97,2359674.1,2,54600.0
2025-11-10,1172919.13,1186754.97,2359674.1,2,54600.0
2025-11-11,1172919.13,1186754.97,2359674.1,2,54600.0
2025-11-12,1172919.13,1186754.97,2359674.1,2,54600.0
2025-11-13,1172919.13,1186754.97,2359674.1,2,54600.0
2025-11-14,1172919.13,1186754.97,2359674.1,2,54600.0
2025-11-15,1172919.13,1186754.97,2359674.1,2,54600.0
2025-11-16,1172919.13,1186754.97,2359674.1,2,54600.0
2025-11-17,1172919.13,1186754.97,2359674.1,2,54600.0
2025-11-18,1172919.13,1186754.97,2359674.1,2,54600.0
2025-11-19,1172919.13,1186754.97,2359674.1,2,54600.0
2025-11-20,1172919.13,1186754.97,2359674.1,2,54600.0
2025-11-21,1717449.65,587777.39,2305227.04,1,54600.0
2025-11-22,1717449.65,587777.39,2305227.04,1,54600.0
2025-11-23,1717449.65,587777.39,2305227.04,1,54600.0
2025-11-24,1717449.65,587777.39,2305227.04,1,54600.0
2025-11-25,1717449.65,587777.39,2305227.04,1,54600.0
2025-11-26,1717449.65,587777.39,2305227.04,1,54600.0
2025-11-27,1717449.65,587777.39,2305227.04,1,54600.0
2025-11-28,1717449.65,587777.39,2305227.04,1,54600.0
2025-11-29,1717449.65,587777.39,2305227.04,1,54600.0
2025-11-30,1717449.65,587777.39,2305227.04,1,54600.0
2025-12-01,1717649.65,587777.39,2305427.04,1,54800.0
2025-12-02,1717649.65,587777.39,2305427.04,1,54800.0
2025-12-03,1717649.65,587777.39,2305427.04,1,54800.0
2025-12-04,1717649.65,587777.39,2305427.04,1,54800.0
2025-12-05,1717649.65,587777.39,2305427.04,1,54800.0
2025-12-06,1717649.65,587777.39,2305427.04,1,54800.0
2025-12-07,1717649.65,587777.39,2305427.04,1,54800.0
2025-12-08,1717649.65,587777.39,2305427.04,1,54800.0
2025-12-09,1717649.65,587777.39,2305427.04,1,54800.0
2025-12-10,1717649.65,587777.39,2305427.04,1,54800.0
2025-12-11,1717649.65,587777.39,2305427.04,1,54800.0
2025-12-12,1717649.65,587777.39,2305427.04,1,54800.0
2025-12-13,1717649.65,587777.39,2305427.04,1,54800.0
2025-12-14,1717649.65,587777.39,2305427.04,1,54800.0
2025-12-15,1717649.65,587777.39,2305427.04,1,54800.0
2025-12-16,1717649.65,587777.39,2305427.04,1,54800.0
2025-12-17,1717649.65,587777.39,2305427.04,1,54800.0
2025-12-18,1717649.65,587777.39,2305427.04,1,54800.0
2025-12-19,1717649.65,587777.39,2305427.04,1,54800.0
2025-12-20,1717649.65,587777.39,2305427.04,1,54800.0
2025-12-21,1717649.65,587777.39,2305427.04,1,54800.0
2025-12-22,1717649.65,587777.39,2305427.04,1,54800.0
2025-12-23,1717649.65,587777.39,2305427.04,1,54800.0
2025-12-24,1717649.65,587777.39,2305427.04,1,54800.0
2025-12-25,1717649.65,587777.39,2305427.04,1,54800.0
2025-12-26,1717649.65,587777.39,2305427.04,1,54800.0
2025-12-27,1717649.65,587777.39,2305427.04,1,54800.0
2025-12-28,1717649.65,587777.39,2305427.04,1,54800.0
2025-12-29,2076487.75,0.0,2076487.75,0,54800.0
2025-12-30,2076487.75,0.0,2076487.75,0,54800.0
2025-12-31,2076487.75,0.0,2076487.75,0,54800.0
2026-01-01,2076687.75,0.0,2076687.75,0,55000.0
2026-01-02,2076687.75,0.0,2076687.75,0,55000.0
2026-01-03,2076687.75,0.0,2076687.75,0,55000.0
2026-01-04,2076687.75,0.0,2076687.75,0,55000.0
2026-01-05,2076687.75,0.0,2076687.75,0,55000.0
2026-01-06,2076687.75,0.0,2076687.75,0,55000.0
2026-01-07,2076687.75,0.0,2076687.75,0,55000.0
2026-01-08,2076687.75,0.0,2076687.75,0,55000.0
2026-01-09,2076687.75,0.0,2076687.75,0,55000.0
2026-01-10,2076687.75,0.0,2076687.75,0,55000.0
2026-01-11,2076687.75,0.0,2076687.75,0,55000.0
2026-01-12,2076687.75,0.0,2076687.75,0,55000.0
2026-01-13,2076687.75,0.0,2076687.75,0,55000.0
2026-01-14,2076687.75,0.0,2076687.75,0,55000.0
2026-01-15,2076687.75,0.0,2076687.75,0,55000.0
2026-01-16,2076687.75,0.0,2076687.75,0,55000.0
2026-01-17,2076687.75,0.0,2076687.75,0,55000.0
2026-01-18,2076687.75,0.0,2076687.75,0,55000.0
2026-01-19,2076687.75,0.0,2076687.75,0,55000.0
2026-01-20,2076687.75,0.0,2076687.75,0,55000.0
2026-01-21,2076687.75,0.0,2076687.75,0,55000.0
2026-01-22,2076687.75,0.0,2076687.75,0,55000.0
2026-01-23,2076687.75,0.0,2076687.75,0,55000.0
2026-01-24,2076687.75,0.0,2076687.75,0,55000.0
2026-01-25,2076687.75,0.0,2076687.75,0,55000.0
2026-01-26,1661350.2,415337.55,2076687.75,1,55000.0
2026-01-27,1758123.85,360097.66,2118221.5,1,55000.0
2026-01-28,1788011.95,366219.32,2154231.27,1,55000.0
2026-01-29,667811.69,1486419.58,2154231.27,4,55000.0
2026-01-30,236965.44,1917265.83,2154231.27,5,55000.0
2026-01-31,236965.44,1917265.83,2154231.27,5,55000.0
2026-02-01,237165.44,1917265.83,2154431.27,5,55200.0
2026-02-02,711096.32,1486419.58,2197515.89,4,55200.0
2026-02-03,1066544.48,1163284.88,2229829.36,3,55200.0
2026-02-04,1469385.72,797065.57,2266451.29,2,55200.0
2026-02-05,1792520.42,366219.32,2158739.73,1,55200.0
2026-02-06,1792520.42,366219.32,2158739.73,1,55200.0
2026-02-07,1792520.42,366219.32,2158739.73,1,55200.0
2026-02-08,1792520.42,366219.32,2158739.73,1,55200.0
2026-02-09,1792520.42,366219.32,2158739.73,1,55200.0
2026-02-10,1792520.42,366219.32,2158739.73,1,55200.0
2026-02-11,1792520.42,366219.32,2158739.73,1,55200.0
2026-02-12,1792520.42,366219.32,2158739.73,1,55200.0
2026-02-13,1792520.42,366219.32,2158739.73,1,55200.0
2026-02-14,1792520.42,366219.32,2158739.73,1,55200.0
2026-02-15,1792520.42,366219.32,2158739.73,1,55200.0
2026-02-16,1792520.42,366219.32,2158739.73,1,55200.0
2026-02-17,1792520.42,366219.32,2158739.73,1,55200.0
2026-02-18,1792520.42,366219.32,2158739.73,1,55200.0
2026-02-19,1792520.42,366219.32,2158739.73,1,55200.0
2026-02-20,1792520.42,366219.32,2158739.73,1,55200.0
2026-02-21,1792520.42,366219.32,2158739.73,1,55200.0
2026-02-22,1792520.42,366219.32,2158739.73,1,55200.0
2026-02-23,1792520.42,366219.32,2158739.73,1,55200.0
2026-02-24,1792520.42,366219.32,2158739.73,1,55200.0
2026-02-25,1792520.42,366219.32,2158739.73,1,55200.0
2026-02-26,0.0,2158739.73,2158739.73,6,55200.0
2026-02-27,0.0,2158739.73,2158739.73,6,55200.0
2026-02-28,0.0,2158739.73,2158739.73,6,55200.0
2026-03-01,200.0,2158739.73,2158939.73,6,55400.0
2026-03-02,365577.01,1792520.42,2158097.43,5,55400.0
2026-03-03,365577.01,1792520.42,2158097.43,5,55400.0
2026-03-04,365577.01,1792520.42,2158097.43,5,55400.0
2026-03-05,365577.01,1792520.42,2158097.43,5,55400.0
2026-03-06,365577.01,1792520.42,2158097.43,5,55400.0
2026-03-07,365577.01,1792520.42,2158097.43,5,55400.0
2026-03-08,365577.01,1792520.42,2158097.43,5,55400.0
2026-03-09,365577.01,1792520.42,2158097.43,5,55400.0
2026-03-10,365577.01,1792520.42,2158097.43,5,55400.0
2026-03-11,365577.01,1792520.42,2158097.43,5,55400.0
2026-03-12,365577.01,1792520.42,2158097.43,5,55400.0
2026-03-13,365577.01,1792520.42,2158097.43,5,55400.0
2026-03-14,365577.01,1792520.42,2158097.43,5,55400.0
2026-03-15,365577.01,1792520.42,2158097.43,5,55400.0
2026-03-16,840499.75,1360772.47,2201272.22,4,55400.0
2026-03-17,840499.75,1360772.47,2201272.22,4,55400.0
2026-03-18,840499.75,1360772.47,2201272.22,4,55400.0
2026-03-19,840499.75,1360772.47,2201272.22,4,55400.0
2026-03-20,840499.75,1360772.47,2201272.22,4,55400.0
2026-03-21,840499.75,1360772.47,2201272.22,4,55400.0
2026-03-22,840499.75,1360772.47,2201272.22,4,55400.0
2026-03-23,840499.75,1360772.47,2201272.22,4,55400.0
2026-03-24,1461137.42,821087.54,2282224.96,3,55400.0
2026-03-25,1461137.42,821087.54,2282224.96,3,55400.0
2026-03-26,1461137.42,821087.54,2282224.96,3,55400.0
2026-03-27,1461137.42,821087.54,2282224.96,3,55400.0
2026-03-28,1461137.42,821087.54,2282224.96,3,55400.0
2026-03-29,1461137.42,821087.54,2282224.96,3,55400.0
2026-03-30,2201383.23,0.0,2201383.23,0,55400.0
2026-03-31,2201383.23,0.0,2201383.23,0,55400.0
2026-04-01,2201583.23,0.0,2201583.23,0,55600.0
2026-04-02,2201583.23,0.0,2201583.23,0,55600.0
2026-04-03,2201583.23,0.0,2201583.23,0,55600.0
2026-04-04,2201583.23,0.0,2201583.23,0,55600.0
2026-04-05,2201583.23,0.0,2201583.23,0,55600.0
2026-04-06,2201583.23,0.0,2201583.23,0,55600.0
2026-04-07,2201583.23,0.0,2201583.23,0,55600.0
2026-04-08,2201583.23,0.0,2201583.23,0,55600.0
2026-04-09,2201583.23,0.0,2201583.23,0,55600.0
2026-04-10,2201583.23,0.0,2201583.23,0,55600.0
2026-04-11,2201583.23,0.0,2201583.23,0,55600.0
2026-04-12,2201583.23,0.0,2201583.23,0,55600.0
2026-04-13,2201583.23,0.0,2201583.23,0,55600.0
2026-04-14,2201583.23,0.0,2201583.23,0,55600.0
2026-04-15,2201583.23,0.0,2201583.23,0,55600.0
2026-04-16,2201583.23,0.0,2201583.23,0,55600.0
2026-04-17,2201583.23,0.0,2201583.23,0,55600.0
2026-04-18,2201583.23,0.0,2201583.23,0,55600.0
2026-04-19,2201583.23,0.0,2201583.23,0,55600.0
2026-04-20,2201583.23,0.0,2201583.23,0,55600.0
2026-04-21,2201583.23,0.0,2201583.23,0,55600.0
2026-04-22,2201583.23,0.0,2201583.23,0,55600.0
2026-04-23,2201583.23,0.0,2201583.23,0,55600.0
2026-04-24,2201583.23,0.0,2201583.23,0,55600.0
2026-04-25,2201583.23,0.0,2201583.23,0,55600.0
2026-04-26,2201583.23,0.0,2201583.23,0,55600.0
2026-04-27,2201583.23,0.0,2201583.23,0,55600.0
2026-04-28,2201583.23,0.0,2201583.23,0,55600.0
2026-04-29,2201583.23,0.0,2201583.23,0,55600.0
2026-04-30,2201583.23,0.0,2201583.23,0,55600.0
2026-05-01,2201783.23,0.0,2201783.23,0,55800.0
2026-05-02,2201783.23,0.0,2201783.23,0,55800.0
2026-05-03,2201783.23,0.0,2201783.23,0,55800.0
2026-05-04,2201783.23,0.0,2201783.23,0,55800.0
2026-05-05,2201783.23,0.0,2201783.23,0,55800.0
2026-05-06,2201783.23,0.0,2201783.23,0,55800.0
2026-05-07,2201783.23,0.0,2201783.23,0,55800.0
2026-05-08,2201783.23,0.0,2201783.23,0,55800.0
2026-05-09,2201783.23,0.0,2201783.23,0,55800.0
2026-05-10,2201783.23,0.0,2201783.23,0,55800.0
2026-05-11,2201783.23,0.0,2201783.23,0,55800.0
2026-05-12,2201783.23,0.0,2201783.23,0,55800.0
2026-05-13,2201783.23,0.0,2201783.23,0,55800.0
2026-05-14,2201783.23,0.0,2201783.23,0,55800.0
2026-05-15,2201783.23,0.0,2201783.23,0,55800.0
2026-05-16,2201783.23,0.0,2201783.23,0,55800.0
2026-05-17,2201783.23,0.0,2201783.23,0,55800.0
2026-05-18,2201783.23,0.0,2201783.23,0,55800.0
2026-05-19,2201783.23,0.0,2201783.23,0,55800.0
2026-05-20,2201783.23,0.0,2201783.23,0,55800.0
2026-05-21,2201783.23,0.0,2201783.23,0,55800.0
2026-05-22,2201783.23,0.0,2201783.23,0,55800.0
2026-05-23,2201783.23,0.0,2201783.23,0,55800.0
2026-05-24,2201783.23,0.0,2201783.23,0,55800.0
2026-05-25,2201783.23,0.0,2201783.23,0,55800.0
2026-05-26,1166945.11,1034838.12,2201783.23,3,55800.0
2026-05-27,0.0,2201783.23,2201783.23,6,55800.0
2026-05-28,0.0,2201783.23,2201783.23,6,55800.0
2026-05-29,0.0,2239213.55,2239213.55,6,55800.0
2026-05-30,0.0,2239213.55,2239213.55,6,55800.0
2026-05-31,0.0,2239213.55,2239213.55,6,55800.0
2026-06-01,200.0,2239213.55,2239413.55,6,56000.0
2026-06-02,200.0,2239213.55,2239413.55,6,56000.0
2026-06-03,473693.48,1827480.08,2301173.57,5,56000.0
2026-06-04,473693.48,1827480.08,2301173.57,5,56000.0
2026-06-05,473693.48,1827480.08,2301173.57,5,56000.0
2026-06-06,473693.48,1827480.08,2301173.57,5,56000.0
2026-06-07,473693.48,1827480.08,2301173.57,5,56000.0
2026-06-08,473693.48,1827480.08,2301173.57,5,56000.0
2026-06-09,473693.48,1827480.08,2301173.57,5,56000.0
2026-06-10,473693.48,1827480.08,2301173.57,5,56000.0
2026-06-11,473693.48,1827480.08,2301173.57,5,56000.0
2026-06-12,473693.48,1827480.08,2301173.57,5,56000.0
2026-06-13,473693.48,1827480.08,2301173.57,5,56000.0
2026-06-14,473693.48,1827480.08,2301173.57,5,56000.0
2026-06-15,958085.8,1387123.44,2345209.23,4,56000.0
2026-06-16,958085.8,1387123.44,2345209.23,4,56000.0
2026-06-17,958085.8,1387123.44,2345209.23,4,56000.0
2026-06-18,958085.8,1387123.44,2345209.23,4,56000.0
2026-06-19,958085.8,1387123.44,2345209.23,4,56000.0
2026-06-20,958085.8,1387123.44,2345209.23,4,56000.0
2026-06-21,958085.8,1387123.44,2345209.23,4,56000.0
2026-06-22,958085.8,1387123.44,2345209.23,4,56000.0
2026-06-23,1442478.11,946766.79,2389244.9,3,56000.0
2026-06-24,1442478.11,946766.79,2389244.9,3,56000.0
2026-06-25,2383123.94,0.0,2383123.94,0,56000.0
2026-06-26,1501368.08,881755.86,2383123.94,2,56000.0
2026-06-27,1501368.08,881755.86,2383123.94,2,56000.0
2026-06-28,1501368.08,881755.86,2383123.94,2,56000.0
2026-06-29,1501368.08,881755.86,2383123.94,2,56000.0
2026-06-30,1501368.08,881755.86,2383123.94,2,56000.0
2026-07-01,1501568.08,881755.86,2383323.94,2,56200.0
2026-07-02,1501568.08,881755.86,2383323.94,2,56200.0
2026-07-03,1501568.08,881755.86,2383323.94,2,56200.0
2026-07-04,1501568.08,881755.86,2383323.94,2,56200.0
2026-07-05,1501568.08,881755.86,2383323.94,2,56200.0
2026-07-06,1501568.08,881755.86,2383323.94,2,56200.0
2026-07-07,1501568.08,881755.86,2383323.94,2,56200.0
2026-07-08,1501568.08,881755.86,2383323.94,2,56200.0
2026-07-09,2025855.35,405131.07,2430986.42,1,56200.0
2026-07-10,2025855.35,405131.07,2430986.42,1,56200.0
2026-07-11,2025855.35,405131.07,2430986.42,1,56200.0
2026-07-12,2025855.35,405131.07,2430986.42,1,56200.0
2026-07-13,2025855.35,405131.07,2430986.42,1,56200.0
2026-07-14,2025855.35,405131.07,2430986.42,1,56200.0
2026-07-15,2471499.52,0.0,2471499.52,0,56200.0
