date,adjusted_close
2003-01-02,59.329006
2003-01-03,59.511398
2003-01-06,60.560249
2003-01-07,60.410435
2003-01-08,59.537437
2003-01-09,60.462524
2003-01-10,60.625408
2003-01-13,60.605888
2003-01-14,60.801338
2003-01-15,60.195457
2003-01-16,59.947876
2003-01-17,59.061890
2003-01-21,58.143345
2003-01-22,57.439754
2003-01-23,57.791534
2003-01-24,56.273605
2003-01-27,55.504898
2003-01-28,55.915318
2003-01-29,56.338799
2003-01-30,55.003281
2003-01-31,56.065170
2003-02-03,56.175892
2003-02-04,55.622124
2003-02-05,55.276875
2003-02-06,55.016281
2003-02-07,54.345295
2003-02-10,54.729652
2003-02-11,54.351784
2003-02-12,53.485348
2003-02-13,53.648201
2003-02-14,54.820854
2003-02-18,55.785000
2003-02-19,55.491863
2003-02-20,54.938133
2003-02-21,55.491863
2003-02-24,54.592838
2003-02-25,55.029301
2003-02-26,54.228024
2003-02-27,54.944618
2003-02-28,55.309437
2003-03-03,54.781765
2003-03-04,53.908772
2003-03-05,54.364822
2003-03-06,53.908772
2003-03-07,54.280128
2003-03-10,52.977196
2003-03-11,52.456036
2003-03-12,52.807827
2003-03-13,54.631924
2003-03-14,54.807827
2003-03-17,56.534184
2003-03-18,56.866459
2003-03-19,57.302952
2003-03-20,57.426708
2003-03-21,58.652462
2003-03-24,56.703278
2003-03-25,57.246178
2003-03-26,56.958405
2003-03-27,57.004166
2003-03-28,56.716370
2003-03-31,55.427811
2003-04-01,56.278126
2003-04-02,57.638618
2003-04-03,57.363907
2003-04-04,57.704048
2003-04-07,57.592846
2003-04-08,57.684448
2003-04-09,56.925690
2003-04-10,57.239651
2003-04-11,57.004166
2003-04-14,58.181561
2003-04-15,58.724430
2003-04-16,57.723656
2003-04-17,58.580563
2003-04-21,58.639423
2003-04-22,59.744823
2003-04-23,60.294250
2003-04-24,59.757912
2003-04-25,59.018761
2003-04-28,60.039154
2003-04-29,60.248493
2003-04-30,60.117664
2003-05-01,60.111111
2003-05-02,60.967968
2003-05-05,60.850250
2003-05-06,61.425854
2003-05-07,61.085720
2003-05-08,60.470875
2003-05-09,61.308098
2003-05-12,62.060261
2003-05-13,61.949100
2003-05-14,61.818291
2003-05-15,62.210728
2003-05-16,62.053745
2003-05-19,60.601662
2003-05-20,60.477394
2003-05-21,60.601662
2003-05-22,61.203461
2003-05-23,61.327721
2003-05-27,62.400448
2003-05-28,62.577026
2003-05-29,62.413528
2003-05-30,63.414291
2003-06-02,63.675930
2003-06-03,63.937553
2003-06-04,64.859810
2003-06-05,65.180351
2003-06-06,64.925224
2003-06-09,64.264603
2003-06-10,64.918716
2003-06-11,65.605515
2003-06-12,65.808266
2003-06-13,65.121445
2003-06-16,66.495064
2003-06-17,66.495064
2003-06-18,66.436203
2003-06-19,65.422318
2003-06-20,65.277931
2003-06-23,64.608322
2003-06-24,64.673988
2003-06-25,64.024094
2003-06-26,64.857796
2003-06-27,64.109421
2003-06-30,64.089737
2003-07-01,64.680542
2003-07-02,65.494553
2003-07-03,64.818420
2003-07-07,66.105042
2003-07-08,66.400444
2003-07-09,66.026260
2003-07-10,65.186043
2003-07-11,65.803101
2003-07-14,66.124779
2003-07-15,65.980316
2003-07-16,65.593025
2003-07-17,64.660881
2003-07-18,65.323875
2003-07-21,64.516449
2003-07-22,65.100677
2003-07-23,65.146629
2003-07-24,64.654282
2003-07-25,65.796539
2003-07-28,65.553665
2003-07-29,65.251663
2003-07-30,65.094116
2003-07-31,65.245102
2003-08-01,64.667404
2003-08-04,64.667404
2003-08-05,63.295444
2003-08-06,63.663029
2003-08-07,64.332596
2003-08-08,64.516449
2003-08-11,64.759285
2003-08-12,65.350136
2003-08-13,65.015373
2003-08-14,65.192551
2003-08-15,65.396080
2003-08-18,65.960632
2003-08-19,66.210068
2003-08-20,65.940926
2003-08-21,66.150993
2003-08-22,65.494553
2003-08-25,65.599579
2003-08-26,65.717758
2003-08-27,65.737442
2003-08-28,66.144470
2003-08-29,66.590851
2003-09-02,67.483635
2003-09-03,67.851242
2003-09-04,67.884041
2003-09-05,67.503304
2003-09-08,68.061295
2003-09-09,67.614914
2003-09-10,66.932205
2003-09-11,67.129128
2003-09-12,67.253868
2003-09-15,67.017525
2003-09-16,67.995644
2003-09-17,67.864357
2003-09-18,68.665253
2003-09-19,68.315964
2003-09-22,67.577950
2003-09-23,67.834908
2003-09-24,66.628967
2003-09-25,66.082077
2003-09-26,65.864594
2003-09-29,66.510376
2003-09-30,65.864594
2003-10-01,67.268181
2003-10-02,67.512032
2003-10-03,68.131454
2003-10-06,68.441193
2003-10-07,68.704765
2003-10-08,68.533447
2003-10-09,68.717926
2003-10-10,68.909050
2003-10-13,69.126488
2003-10-14,69.370354
2003-10-15,69.185814
2003-10-16,69.462578
2003-10-17,68.704765
2003-10-20,69.218773
2003-10-21,69.100113
2003-10-22,68.230316
2003-10-23,68.105125
2003-10-24,68.256668
2003-10-27,68.289589
2003-10-28,69.218773
2003-10-29,69.311043
2003-10-30,69.456001
2003-10-31,69.390129
2003-11-03,69.844772
2003-11-04,69.693192
2003-11-05,69.745949
2003-11-06,70.114975
2003-11-07,69.594391
2003-11-10,69.311043
2003-11-11,69.291283
2003-11-12,70.068832
2003-11-13,70.088593
2003-11-14,69.495506
2003-11-17,69.146248
2003-11-18,68.428001
2003-11-19,69.007927
2003-11-20,68.388481
2003-11-21,68.671799
2003-11-24,69.581184
2003-11-25,69.844772
2003-11-26,70.095215
2003-11-28,70.147911
2003-12-01,70.905724
2003-12-02,70.727844
2003-12-03,70.615807
2003-12-04,70.905724
2003-12-05,70.411514
2003-12-08,70.885971
2003-12-09,70.339043
2003-12-10,70.332420
2003-12-11,71.123245
2003-12-12,71.261597
2003-12-15,70.905724
2003-12-16,71.274780
2003-12-17,71.498817
2003-12-18,72.302795
2003-12-19,72.101562
2003-12-22,72.604698
2003-12-23,72.651009
2003-12-24,72.578178
2003-12-26,72.631187
2003-12-29,73.597839
2003-12-30,73.611061
2003-12-31,73.677269
2004-01-02,73.644173
2004-01-05,74.445267
2004-01-06,74.518097
2004-01-07,74.769699
2004-01-08,75.067688
2004-01-09,74.412209
2004-01-12,74.961723
2004-01-13,74.524742
2004-01-14,75.147125
2004-01-15,75.332489
2004-01-16,75.630455
2004-01-20,75.610558
2004-01-21,76.206421
2004-01-22,76.007843
2004-01-23,75.762817
2004-01-26,76.716263
2004-01-27,75.928360
2004-01-28,75.061035
2004-01-29,75.133865
2004-01-30,75.133865
2004-02-02,75.458275
2004-02-03,75.332489
2004-02-04,74.716774
2004-02-05,74.935234
2004-02-06,75.776085
2004-02-09,75.795959
2004-02-10,76.040924
2004-02-11,76.848679
2004-02-12,76.570625
2004-02-13,76.226295
2004-02-17,76.914879
2004-02-18,76.577232
2004-02-19,76.292549
2004-02-20,76.060776
2004-02-23,75.868797
2004-02-24,75.736343
2004-02-25,76.054138
2004-02-26,76.100533
2004-02-27,76.153488
2004-03-01,76.908249
2004-03-02,76.458054
2004-03-03,76.597099
2004-03-04,76.795700
2004-03-05,77.053947
2004-03-08,76.113739
2004-03-09,75.809219
2004-03-10,74.537979
2004-03-11,73.571335
2004-03-12,74.537979
2004-03-15,73.624298
2004-03-16,74.014931
2004-03-17,74.842583
2004-03-18,74.862411
2004-03-19,73.789383
2004-03-22,72.852547
2004-03-23,72.726357
2004-03-24,72.786133
2004-03-25,73.749527
2004-03-26,73.769440
2004-03-29,74.805946
2004-03-30,75.058411
2004-03-31,75.144798
2004-04-01,75.596588
2004-04-02,76.167976
2004-04-05,76.586571
2004-04-06,76.340744
2004-04-07,76.161346
2004-04-08,75.988594
2004-04-12,76.287590
2004-04-13,75.217850
2004-04-14,75.337440
2004-04-15,75.051781
2004-04-16,75.629791
2004-04-19,75.629791
2004-04-20,74.360779
2004-04-21,74.859077
2004-04-22,75.908897
2004-04-23,75.981956
2004-04-26,75.875641
2004-04-27,75.942062
2004-04-28,74.958725
2004-04-29,74.300995
2004-04-30,73.722954
2004-05-03,74.513603
2004-05-04,74.453773
2004-05-05,74.932167
2004-05-06,74.287727
2004-05-07,73.058548
2004-05-10,72.307793
2004-05-11,72.918991
2004-05-12,73.384087
2004-05-13,73.078476
2004-05-14,73.111717
2004-05-17,72.487152
2004-05-18,72.852547
2004-05-19,72.600098
2004-05-20,72.832642
2004-05-21,72.958870
2004-05-24,73.264511
2004-05-25,74.314285
2004-05-26,74.573387
2004-05-27,74.991974
2004-05-28,74.985329
2004-06-01,74.885643
2004-06-02,75.164703
2004-06-03,74.473724
2004-06-04,75.065063
2004-06-07,76.207832
2004-06-08,76.314156
2004-06-09,75.603218
2004-06-10,75.975296
2004-06-14,75.224495
2004-06-15,75.756035
2004-06-16,75.742752
2004-06-17,75.629791
2004-06-18,75.772537
2004-06-21,75.485756
2004-06-22,75.865891
2004-06-23,76.519371
2004-06-24,76.279282
2004-06-25,75.912537
2004-06-28,75.652504
2004-06-29,75.965889
2004-06-30,76.372673
2004-07-01,75.312408
2004-07-02,75.272377
2004-07-06,74.612167
2004-07-07,74.832268
2004-07-08,74.312149
2004-07-09,74.505531
2004-07-12,74.538872
2004-07-13,74.592171
2004-07-14,74.365486
2004-07-15,73.885361
2004-07-16,73.825356
2004-07-19,73.511971
2004-07-20,74.445503
2004-07-21,73.071838
2004-07-22,73.271881
2004-07-23,72.658379
2004-07-26,72.518341
2004-07-27,73.198517
2004-07-28,73.418579
2004-07-29,73.732025
2004-07-30,73.912010
2004-08-02,74.065392
2004-08-03,73.491936
2004-08-04,73.485252
2004-08-05,72.284958
2004-08-06,71.251389
2004-08-09,71.351372
2004-08-10,72.271645
2004-08-11,72.124962
2004-08-12,71.338058
2004-08-13,71.478104
2004-08-16,72.218269
2004-08-17,72.625046
2004-08-18,73.371872
2004-08-19,73.158554
2004-08-20,73.671989
2004-08-23,73.485252
2004-08-24,73.585297
2004-08-25,74.085419
2004-08-26,74.085419
2004-08-27,74.318817
2004-08-30,73.705322
2004-08-31,74.092056
2004-09-01,74.232132
2004-09-02,75.072372
2004-09-03,74.765594
2004-09-07,75.259048
2004-09-08,75.072372
2004-09-09,75.005623
2004-09-10,75.392403
2004-09-13,75.639137
2004-09-14,75.792519
2004-09-15,75.219048
2004-09-16,75.445786
2004-09-17,75.766525
2004-09-20,75.311180
2004-09-21,75.639282
2004-09-22,74.695129
2004-09-23,74.293381
2004-09-24,74.634865
2004-09-27,74.159447
2004-09-28,74.514328
2004-09-29,74.889290
2004-09-30,74.835762
2004-10-01,76.101326
2004-10-04,76.228561
2004-10-05,76.268723
2004-10-06,76.790993
2004-10-07,75.967422
2004-10-08,75.337959
2004-10-11,75.645966
2004-10-12,75.351364
2004-10-13,74.688431
2004-10-14,74.085777
2004-10-15,74.500916
2004-10-18,74.782211
2004-10-19,74.152733
2004-10-20,74.005455
2004-10-21,74.487534
2004-10-22,73.650520
2004-10-25,73.563484
2004-10-26,74.688431
2004-10-27,75.585701
2004-10-28,75.813370
2004-10-29,75.799973
2004-11-01,76.007584
2004-11-02,76.034348
2004-11-03,76.991890
2004-11-04,78.043190
2004-11-05,78.532021
2004-11-08,78.418144
2004-11-09,78.264153
2004-11-10,78.324425
2004-11-11,78.920395
2004-11-12,79.543129
2004-11-15,79.738541
2004-11-16,79.167702
2004-11-17,79.637794
2004-11-18,79.745247
2004-11-19,78.858742
2004-11-22,79.234879
2004-11-23,79.355751
2004-11-24,79.543777
2004-11-26,79.483322
2004-11-29,79.120674
2004-11-30,79.174393
2004-12-01,80.074341
2004-12-02,80.141479
2004-12-03,80.087776
2004-12-06,80.060928
2004-12-07,79.315453
2004-12-08,79.778809
2004-12-09,80.060928
2004-12-10,80.141479
2004-12-13,80.839973
2004-12-14,81.122040
2004-12-15,81.182457
2004-12-16,81.135460
2004-12-17,80.594322
2004-12-20,80.614548
2004-12-21,81.235336
2004-12-22,81.431030
2004-12-23,81.491730
2004-12-27,81.323029
2004-12-28,81.768364
2004-12-29,81.889862
2004-12-30,81.734650
2004-12-31,81.559219
2005-01-03,81.174622
2005-01-04,80.182701
2005-01-05,79.629379
2005-01-06,80.034241
2005-01-07,79.919540
2005-01-10,80.297401
2005-01-11,79.744110
2005-01-12,80.007256
2005-01-13,79.366241
2005-01-14,79.784599
2005-01-18,80.614548
2005-01-19,79.771088
2005-01-20,79.285248
2005-01-21,78.799416
2005-01-24,78.644241
2005-01-25,78.866905
2005-01-26,79.103088
2005-01-27,79.238022
2005-01-28,79.238022
2005-01-31,79.730621
2005-02-01,80.236679
2005-02-02,80.479576
2005-02-03,80.270439
2005-02-04,81.127373
2005-02-07,81.019424
2005-02-08,81.113884
2005-02-09,80.506584
2005-02-10,80.796738
2005-02-11,81.491730
2005-02-14,81.431030
2005-02-15,81.734650
2005-02-16,81.788643
2005-02-17,81.127373
2005-02-18,81.235336
2005-02-22,80.027496
2005-02-23,80.601044
2005-02-24,81.134125
2005-02-25,81.937111
2005-02-28,81.397301
2005-03-01,81.802132
2005-03-02,81.761650
2005-03-03,81.795403
2005-03-04,82.814308
2005-03-07,82.854813
2005-03-08,82.544403
2005-03-09,81.626701
2005-03-10,81.808914
2005-03-11,81.235336
2005-03-14,81.741394
2005-03-15,81.066643
2005-03-16,80.378403
2005-03-17,80.540344
2005-03-18,80.301186
2005-03-21,80.003105
2005-03-22,79.190231
2005-03-23,79.257942
2005-03-24,79.352798
2005-03-28,79.467957
2005-03-29,78.939568
2005-03-30,80.057350
2005-03-31,79.908272
2005-04-01,79.549255
2005-04-04,79.684738
2005-04-05,80.064087
2005-04-06,80.341827
2005-04-07,80.775360
2005-04-08,79.935394
2005-04-11,79.996338
2005-04-12,80.409599
2005-04-13,79.461197
2005-04-14,78.424751
2005-04-15,77.327324
2005-04-18,77.564415
2005-04-19,78.180885
2005-04-20,77.090248
2005-04-21,78.587303
2005-04-22,78.289261
2005-04-25,78.804085
2005-04-26,78.038628
2005-04-27,78.343437
2005-04-28,77.361191
2005-04-29,78.411179
2005-05-02,78.851494
2005-05-03,78.987015
2005-05-04,79.596657
2005-05-05,79.569572
2005-05-06,79.318932
2005-05-09,79.813469
2005-05-10,78.987015
2005-05-11,79.420547
2005-05-12,78.546677
2005-05-13,78.390907
2005-05-16,79.122505
2005-05-17,79.650848
2005-05-18,80.470558
2005-05-19,80.809288
2005-05-20,80.694107
2005-05-23,81.141144
2005-05-24,80.951523
2005-05-25,80.890579
2005-05-26,81.324120
2005-05-27,81.459587
2005-05-31,80.937973
2005-06-01,81.628952
2005-06-02,81.805069
2005-06-03,81.391838
2005-06-06,81.317329
2005-06-07,81.378288
2005-06-08,81.229263
2005-06-09,81.615379
2005-06-10,81.425690
2005-06-13,81.683113
2005-06-14,81.872795
2005-06-15,82.028633
2005-06-16,82.238609
2005-06-17,82.543320
2005-06-20,82.570541
2005-06-21,82.618134
2005-06-22,82.686150
2005-06-23,81.523132
2005-06-24,80.924545
2005-06-27,81.040169
2005-06-28,81.720322
2005-06-29,81.502701
2005-06-30,81.060593
2005-07-01,81.298637
2005-07-05,81.951614
2005-07-06,81.264679
2005-07-07,81.584312
2005-07-08,82.516113
2005-07-11,82.937798
2005-07-12,83.155441
2005-07-13,83.271088
2005-07-14,83.597549
2005-07-15,83.549950
2005-07-18,83.216675
2005-07-19,83.672379
2005-07-20,83.958046
2005-07-21,83.468307
2005-07-22,84.026062
2005-07-25,83.788002
2005-07-26,83.889992
2005-07-27,84.196098
2005-07-28,84.726624
2005-07-29,84.162094
2005-08-01,84.100876
2005-08-02,84.604195
2005-08-03,84.828636
2005-08-04,84.148460
2005-08-05,83.577171
2005-08-08,83.420700
2005-08-09,83.924042
2005-08-10,83.883240
2005-08-11,84.216476
2005-08-12,83.699615
2005-08-15,84.216476
2005-08-16,83.121452
2005-08-17,83.114647
2005-08-18,83.107849
2005-08-19,83.298286
2005-08-22,83.298286
2005-08-23,83.141838
2005-08-24,82.400497
2005-08-25,82.699783
2005-08-26,82.135231
2005-08-29,82.767784
2005-08-30,82.332474
2005-08-31,83.373093
2005-09-01,83.311897
2005-09-02,83.162270
2005-09-06,84.134872
2005-09-07,84.277718
2005-09-08,83.998848
2005-09-09,84.747025
2005-09-12,84.576958
2005-09-13,84.107681
2005-09-14,83.801605
2005-09-15,83.760788
2005-09-16,84.356400
2005-09-19,84.076370
2005-09-20,83.366013
2005-09-21,82.587311
2005-09-22,82.881035
2005-09-23,82.949356
2005-09-26,83.044968
2005-09-27,83.024422
2005-09-28,83.106430
2005-09-29,83.782661
2005-09-30,84.042213
2005-10-03,83.741676
2005-10-04,82.799110
2005-10-05,81.713036
2005-10-06,81.419319
2005-10-07,81.699356
2005-10-10,81.009453
2005-10-11,80.893333
2005-10-12,80.258133
2005-10-13,80.210312
2005-10-14,81.057304
2005-10-17,81.357834
2005-10-18,80.476700
2005-10-19,81.815483
2005-10-20,80.374229
2005-10-21,80.688446
2005-10-24,81.938400
2005-10-25,81.774490
2005-10-26,81.535416
2005-10-27,80.667976
2005-10-28,81.829132
2005-10-31,82.054512
2005-11-01,82.300415
2005-11-02,83.161087
2005-11-03,83.516235
2005-11-04,83.406960
2005-11-07,83.488945
2005-11-08,83.488945
2005-11-09,83.598213
2005-11-10,84.247124
2005-11-11,84.534012
2005-11-14,84.486183
2005-11-15,84.178802
2005-11-16,84.349564
2005-11-17,85.135071
2005-11-18,85.469803
2005-11-21,85.900116
2005-11-22,86.268944
2005-11-23,86.767563
2005-11-25,86.835846
2005-11-28,86.221123
2005-11-29,86.125496
2005-11-30,85.661018
2005-12-01,86.535324
2005-12-02,86.644646
2005-12-05,86.460182
2005-12-06,86.624123
2005-12-07,86.118698
2005-12-08,86.064041
2005-12-09,86.289436
2005-12-12,86.371407
2005-12-13,86.958801
2005-12-14,87.300369
2005-12-15,87.047607
2005-12-16,86.767426
2005-12-19,86.321091
2005-12-20,86.403496
2005-12-21,86.540878
2005-12-22,86.994049
2005-12-23,87.042152
2005-12-27,86.156319
2005-12-28,86.348610
2005-12-29,85.964073
2005-12-30,85.497108
2006-01-03,87.000908
2006-01-04,87.412918
2006-01-05,87.467865
2006-01-06,88.195724
2006-01-09,88.422325
2006-01-10,88.511574
2006-01-11,88.793121
2006-01-12,88.442917
2006-01-13,88.360512
2006-01-17,88.120201
2006-01-18,87.770004
2006-01-19,88.106453
2006-01-20,86.499649
2006-01-23,86.808655
2006-01-24,86.897919
2006-01-25,86.973442
2006-01-26,87.454102
2006-01-27,88.264404
2006-01-30,88.195724
2006-01-31,87.550270
2006-02-01,88.161407
2006-02-02,87.138260
2006-02-03,86.705643
2006-02-06,86.932213
2006-02-07,86.163200
2006-02-08,86.945976
2006-02-09,86.801773
2006-02-10,86.959717
2006-02-13,86.801773
2006-02-14,87.721901
2006-02-15,88.030930
2006-02-16,88.690140
2006-02-17,88.449791
2006-02-21,88.230003
2006-02-22,88.765678
2006-02-23,88.635208
2006-02-24,88.861809
2006-02-27,88.896133
2006-02-28,88.051498
2006-03-01,88.834312
2006-03-02,88.827461
2006-03-03,88.415474
2006-03-06,88.010323
2006-03-07,87.873009
2006-03-08,88.058411
2006-03-09,87.467865
2006-03-10,88.298714
2006-03-13,88.463516
2006-03-14,89.390518
2006-03-15,89.788765
2006-03-16,89.974220
2006-03-17,90.049316
2006-03-20,89.904564
2006-03-21,89.339256
2006-03-22,89.883896
2006-03-23,89.697731
2006-03-24,89.766701
2006-03-27,89.635689
2006-03-28,89.084190
2006-03-29,89.642616
2006-03-30,89.484047
2006-03-31,89.504715
2006-04-03,89.435783
2006-04-04,90.007988
2006-04-05,90.318176
2006-04-06,90.221703
2006-04-07,89.304771
2006-04-10,89.442680
2006-04-11,88.684334
2006-04-12,88.849785
2006-04-13,88.732613
2006-04-17,88.698097
2006-04-18,90.104477
2006-04-19,90.276833
2006-04-20,90.400948
2006-04-21,90.414726
2006-04-24,90.249275
2006-04-25,89.876968
2006-04-26,89.897667
2006-04-27,90.332016
2006-04-28,90.635361
2006-05-01,89.897667
2006-05-02,90.573280
2006-05-03,90.235466
2006-05-04,90.559486
2006-05-05,91.359184
2006-05-08,91.248901
2006-05-09,91.428146
2006-05-10,91.379875
2006-05-11,90.276833
2006-05-12,89.097992
2006-05-15,89.277199
2006-05-16,89.146217
2006-05-17,87.450325
2006-05-18,87.009094
2006-05-19,87.622658
2006-05-22,86.953911
2006-05-23,86.292091
2006-05-24,86.981514
2006-05-25,88.056992
2006-05-26,88.505089
2006-05-30,86.933273
2006-05-31,87.905289
2006-06-01,88.746361
2006-06-02,88.932503
2006-06-05,87.636414
2006-06-06,87.422707
2006-06-07,86.767799
2006-06-08,86.691971
2006-06-09,86.416199
2006-06-12,85.478630
2006-06-13,84.485886
2006-06-14,85.140778
2006-06-15,86.947060
2006-06-16,86.313438
2006-06-19,85.634880
2006-06-20,85.925682
2006-06-21,86.562721
2006-06-22,86.181885
2006-06-23,86.167984
2006-06-26,86.548882
2006-06-27,85.801041
2006-06-28,86.382683
2006-06-29,88.127655
2006-06-30,88.134590
2006-07-03,88.494667
2006-07-05,87.989182
2006-07-06,88.245377
2006-07-07,87.670647
2006-07-10,87.836853
2006-07-11,88.224602
2006-07-12,87.282883
2006-07-13,85.863350
2006-07-14,85.530983
2006-07-17,85.406334
2006-07-18,85.842560
2006-07-19,87.033600
2006-07-20,86.438110
2006-07-21,85.828766
2006-07-24,87.393631
2006-07-25,87.705276
2006-07-26,87.822983
2006-07-27,87.739891
2006-07-28,88.619324
2006-07-31,88.529266
2006-08-01,88.093033
2006-08-02,88.688553
2006-08-03,88.923973
2006-08-04,88.771606
2006-08-07,88.563873
2006-08-08,88.224602
2006-08-09,87.926849
2006-08-10,88.196922
2006-08-11,87.947601
2006-08-14,88.016876
2006-08-15,89.069405
2006-08-16,89.810280
2006-08-17,90.038818
2006-08-18,90.495842
2006-08-21,90.108063
2006-08-22,90.101135
2006-08-23,89.851860
2006-08-24,89.775673
2006-08-25,89.886505
2006-08-28,90.315788
2006-08-29,90.419647
2006-08-30,90.475067
2006-08-31,90.461205
2006-09-01,91.001305
2006-09-05,91.174423
2006-09-06,90.371193
2006-09-07,89.955734
2006-09-08,90.211952
2006-09-11,90.301910
2006-09-12,91.188278
2006-09-13,91.555275
2006-09-14,91.562180
2006-09-15,91.777130
2006-09-18,91.902306
2006-09-19,91.672760
2006-09-20,92.159576
2006-09-21,91.714508
2006-09-22,91.436302
2006-09-25,92.138771
2006-09-26,92.903801
2006-09-27,93.015076
2006-09-28,92.980286
2006-09-29,92.903801
2006-10-02,92.556084
2006-10-03,92.750763
2006-10-04,93.835747
2006-10-05,94.016579
2006-10-06,93.898376
2006-10-09,93.953979
2006-10-10,94.079193
2006-10-11,93.967873
2006-10-12,94.781639
2006-10-13,95.025047
2006-10-16,95.171089
2006-10-17,94.872009
2006-10-18,94.997215
2006-10-19,95.150246
2006-10-20,95.171089
2006-10-23,95.609283
2006-10-24,95.894417
2006-10-25,96.221298
2006-10-26,96.520378
2006-10-27,95.915337
2006-10-30,95.845711
2006-10-31,95.831863
2006-11-01,95.185036
2006-11-02,95.129364
2006-11-03,94.962456
2006-11-06,96.033531
2006-11-07,96.402145
2006-11-08,96.610764
2006-11-09,96.103058
2006-11-10,96.144806
2006-11-13,96.381233
2006-11-14,97.104561
2006-11-15,97.382744
2006-11-16,97.633141
2006-11-17,97.660957
2006-11-20,97.716629
2006-11-21,97.813965
2006-11-22,98.008682
2006-11-24,97.612289
2006-11-27,96.269989
2006-11-28,96.687294
2006-11-29,97.695717
2006-11-30,97.737473
2006-12-01,97.521851
2006-12-04,98.266037
2006-12-05,98.690292
2006-12-06,98.606812
2006-12-07,98.175652
2006-12-08,98.356468
2006-12-11,98.641617
2006-12-12,98.565063
2006-12-13,98.669395
2006-12-14,99.538818
2006-12-15,99.547874
2006-12-18,99.275108
2006-12-19,99.463959
2006-12-20,99.408020
2006-12-21,99.044342
2006-12-22,98.435913
2006-12-26,99.016365
2006-12-27,99.666779
2006-12-28,99.456963
2006-12-29,99.044342
2007-01-03,98.869446
2007-01-04,99.079300
2007-01-05,98.288994
2007-01-08,98.743629
2007-01-09,98.659714
2007-01-10,98.988403
2007-01-11,99.421997
2007-01-12,100.177345
2007-01-16,99.981453
2007-01-17,100.023430
2007-01-18,99.687737
2007-01-19,99.883553
2007-01-22,99.575844
2007-01-23,99.869591
2007-01-24,100.673866
2007-01-25,99.491928
2007-01-26,99.401009
2007-01-29,99.345062
2007-01-30,99.862625
2007-01-31,100.533974
2007-02-01,101.135460
2007-02-02,101.275307
2007-02-05,101.303299
2007-02-06,101.331276
2007-02-07,101.555054
2007-02-08,101.422188
2007-02-09,100.666824
2007-02-12,100.324196
2007-02-13,101.170387
2007-02-14,101.834831
2007-02-15,101.967720
2007-02-16,101.918724
2007-02-20,102.135513
2007-02-21,102.093575
2007-02-22,102.016594
2007-02-23,101.617973
2007-02-26,101.527077
2007-02-27,97.561676
2007-02-28,98.561790
2007-03-01,98.268013
2007-03-02,96.981209
2007-03-05,96.058037
2007-03-06,97.701561
2007-03-07,97.603607
2007-03-08,98.428902
2007-03-09,98.456879
2007-03-12,98.603706
2007-03-13,96.687469
2007-03-14,97.407845
2007-03-15,97.540703
2007-03-16,97.267563
2007-03-19,98.440186
2007-03-20,98.980820
2007-03-21,100.609718
2007-03-22,100.532509
2007-03-23,100.679947
2007-03-26,100.546616
2007-03-27,100.307838
2007-03-28,99.577652
2007-03-29,99.682938
2007-03-30,99.703995
2007-04-02,99.816353
2007-04-03,100.890625
2007-04-04,101.002983
2007-04-05,101.276833
2007-04-09,101.417168
2007-04-10,101.536591
2007-04-11,101.122353
2007-04-12,101.571678
2007-04-13,102.035095
2007-04-16,103.004036
2007-04-17,103.277901
2007-04-18,103.404266
2007-04-19,103.376221
2007-04-20,104.352158
2007-04-23,103.958984
2007-04-24,104.001106
2007-04-25,104.956001
2007-04-26,105.075394
2007-04-27,104.991112
2007-04-30,104.120438
2007-05-01,104.387253
2007-05-02,104.998131
2007-05-03,105.566902
2007-05-04,105.967056
2007-05-07,105.988159
2007-05-08,105.847725
2007-05-09,106.135605
2007-05-10,105.026253
2007-05-11,105.925003
2007-05-14,105.693268
2007-05-15,105.721336
2007-05-16,106.444557
2007-05-17,106.233902
2007-05-18,107.160728
2007-05-21,107.104553
2007-05-22,107.020309
2007-05-23,107.034393
2007-05-24,106.065369
2007-05-25,106.507751
2007-05-29,106.893906
2007-05-30,107.764618
2007-05-31,107.652214
2007-06-01,108.185875
2007-06-04,108.199921
2007-06-05,107.771614
2007-06-06,106.613037
2007-06-07,104.689148
2007-06-08,106.051346
2007-06-11,106.233902
2007-06-12,105.075394
2007-06-13,106.648186
2007-06-14,107.329269
2007-06-15,107.939911
2007-06-18,107.812958
2007-06-19,108.080978
2007-06-20,106.578926
2007-06-21,107.171326
2007-06-22,106.162910
2007-06-25,105.655190
2007-06-26,104.569199
2007-06-27,106.057129
2007-06-28,106.042992
2007-06-29,106.078247
2007-07-02,107.037308
2007-07-03,107.425140
2007-07-05,107.312332
2007-07-06,107.876434
2007-07-09,107.961098
2007-07-10,106.423782
2007-07-11,107.178345
2007-07-12,108.870728
2007-07-13,109.195114
2007-07-16,109.181061
2007-07-17,109.124596
2007-07-18,108.927139
2007-07-19,109.350258
2007-07-20,108.243156
2007-07-23,108.574539
2007-07-24,106.691772
2007-07-25,106.910362
2007-07-26,104.378838
2007-07-27,102.326851
2007-07-30,103.927536
2007-07-31,102.756935
2007-08-01,103.257607
2007-08-02,104.082619
2007-08-03,101.402992
2007-08-06,103.102463
2007-08-07,104.202591
2007-08-08,105.655190
2007-08-09,102.524269
2007-08-10,102.044731
2007-08-13,102.411400
2007-08-14,100.845917
2007-08-15,99.456741
2007-08-16,100.204285
2007-08-17,102.044731
2007-08-20,101.995361
2007-08-21,102.199860
2007-08-22,103.412712
2007-08-23,103.321060
2007-08-24,104.597450
2007-08-27,103.624298
2007-08-28,101.346596
2007-08-29,103.335213
2007-08-30,103.060165
2007-08-31,104.075645
2007-09-04,105.126343
2007-09-05,104.216637
2007-09-06,104.456406
2007-09-07,103.003738
2007-09-10,102.806328
2007-09-11,104.005051
2007-09-12,104.273064
2007-09-13,105.006424
2007-09-14,104.999413
2007-09-17,104.435249
2007-09-18,107.509758
2007-09-19,108.144379
2007-09-20,107.382843
2007-09-21,107.672646
2007-09-24,107.474220
2007-09-25,107.261627
2007-09-26,107.828445
2007-09-27,108.466125
2007-09-28,108.104790
2007-10-01,109.323456
2007-10-02,109.174660
2007-10-03,108.955002
2007-10-04,109.125114
2007-10-05,110.421638
2007-10-08,109.833588
2007-10-09,110.868050
2007-10-10,110.683830
2007-10-11,110.152473
2007-10-12,110.761742
2007-10-15,109.826508
2007-10-16,108.955002
2007-10-17,109.288033
2007-10-18,108.891327
2007-10-19,106.043022
2007-10-22,106.659470
2007-10-23,107.523827
2007-10-24,107.325478
2007-10-25,107.580528
2007-10-26,108.841606
2007-10-29,109.203018
2007-10-30,108.444893
2007-10-31,109.571404
2007-11-01,107.006615
2007-11-02,107.127075
2007-11-05,106.312309
2007-11-06,107.743454
2007-11-07,104.796021
2007-11-08,104.264694
2007-11-09,102.833458
2007-11-12,101.813225
2007-11-13,104.916504
2007-11-14,104.625999
2007-11-15,103.116905
2007-11-16,103.294067
2007-11-19,101.855743
2007-11-20,102.479225
2007-11-21,100.382050
2007-11-23,102.117897
2007-11-26,99.864784
2007-11-27,101.012619
2007-11-28,104.243446
2007-11-29,104.278862
2007-11-30,105.327438
2007-12-03,104.633118
2007-12-04,103.697876
2007-12-05,105.433746
2007-12-06,106.942841
2007-12-07,106.921547
2007-12-10,107.750557
2007-12-11,104.796021
2007-12-12,105.830498
2007-12-13,105.610832
2007-12-14,104.271774
2007-12-17,102.783897
2007-12-18,103.357788
2007-12-19,103.357788
2007-12-20,104.009651
2007-12-21,105.508972
2007-12-24,106.292458
2007-12-26,106.520424
2007-12-27,105.181274
2007-12-28,104.917770
2007-12-31,104.141396
2008-01-02,103.229698
2008-01-03,103.179825
2008-01-04,100.651276
2008-01-07,100.565773
2008-01-08,98.941795
2008-01-09,99.981705
2008-01-10,100.637009
2008-01-11,99.824997
2008-01-14,100.629875
2008-01-15,98.414749
2008-01-16,97.567123
2008-01-17,95.038551
2008-01-18,94.062706
2008-01-22,93.108269
2008-01-23,95.344826
2008-01-24,96.149673
2008-01-25,94.760735
2008-01-28,96.327751
2008-01-29,96.805000
2008-01-30,96.092697
2008-01-31,97.844902
2008-02-01,99.419014
2008-02-04,98.165405
2008-02-05,95.537155
2008-02-06,94.767883
2008-02-07,95.394638
2008-02-08,94.782104
2008-02-11,95.266487
2008-02-12,96.149673
2008-02-13,97.132614
2008-02-14,96.277878
2008-02-15,96.256485
2008-02-19,96.527214
2008-02-20,96.812096
2008-02-21,96.007217
2008-02-22,96.598427
2008-02-25,97.816406
2008-02-26,98.550079
2008-02-27,98.450333
2008-02-28,97.488754
2008-02-29,95.316360
2008-03-03,95.088371
2008-03-04,94.725136
2008-03-05,95.323456
2008-03-06,93.350426
2008-03-07,92.388908
2008-03-10,91.170891
2008-03-11,94.447372
2008-03-12,93.564125
2008-03-13,93.770699
2008-03-14,92.317635
2008-03-17,91.384590
2008-03-18,95.181038
2008-03-19,92.823372
2008-03-20,94.542702
2008-03-24,96.432419
2008-03-25,96.525497
2008-03-26,95.344429
2008-03-27,95.043808
2008-03-28,94.134735
2008-03-31,94.463982
2008-04-01,97.785301
2008-04-02,97.849709
2008-04-03,98.093079
2008-04-04,97.985741
2008-04-07,98.035843
2008-04-08,97.935623
2008-04-09,97.226990
2008-04-10,97.362976
2008-04-11,95.473259
2008-04-14,95.151138
2008-04-15,95.373070
2008-04-16,97.957123
2008-04-17,98.100296
2008-04-18,99.123863
2008-04-21,99.173965
2008-04-22,98.737312
2008-04-23,98.579849
2008-04-24,99.009285
2008-04-25,99.925522
2008-04-28,99.946968
2008-04-29,99.553314
2008-04-30,98.966339
2008-05-01,101.013557
2008-05-02,101.292702
2008-05-05,100.805962
2008-05-06,101.679237
2008-05-07,99.868279
2008-05-08,99.610596
2008-05-09,99.424469
2008-05-12,100.541100
2008-05-13,100.555412
2008-05-14,100.763000
2008-05-15,102.022820
2008-05-16,102.115868
2008-05-19,102.395042
2008-05-20,101.564735
2008-05-21,99.846764
2008-05-22,99.861076
2008-05-23,98.522560
2008-05-27,99.252693
2008-05-28,99.710808
2008-05-29,100.211868
2008-05-30,100.462379
2008-06-02,99.424469
2008-06-03,98.844666
2008-06-04,98.794563
2008-06-05,100.770203
2008-06-06,97.556229
2008-06-09,97.792442
2008-06-10,97.305695
2008-06-11,95.874107
2008-06-12,96.239174
2008-06-13,97.456032
2008-06-16,97.513283
2008-06-17,97.040863
2008-06-18,96.095978
2008-06-19,96.217705
2008-06-20,94.655914
2008-06-23,94.562386
2008-06-24,94.375359
2008-06-25,94.821365
2008-06-26,92.245987
2008-06-27,91.742409
2008-06-30,92.066139
2008-07-01,92.353905
2008-07-02,90.771225
2008-07-03,90.864777
2008-07-07,89.936790
2008-07-08,91.533813
2008-07-09,89.771339
2008-07-10,90.138222
2008-07-11,89.087906
2008-07-14,88.282227
2008-07-15,87.037704
2008-07-16,89.174240
2008-07-17,90.066269
2008-07-18,90.627388
2008-07-21,90.677734
2008-07-22,91.706459
2008-07-23,92.202827
2008-07-24,90.289307
2008-07-25,90.267715
2008-07-28,88.944038
2008-07-29,90.843201
2008-07-30,92.461823
2008-07-31,91.238869
2008-08-01,90.756866
2008-08-04,89.915207
2008-08-05,92.339493
2008-08-06,92.749580
2008-08-07,91.368362
2008-08-08,93.066063
2008-08-11,94.030083
2008-08-12,93.051735
2008-08-13,92.490570
2008-08-14,93.188385
2008-08-15,93.641609
2008-08-18,92.361099
2008-08-19,91.353951
2008-08-20,91.778374
2008-08-21,91.936668
2008-08-22,93.267509
2008-08-25,91.375557
2008-08-26,91.641670
2008-08-27,92.533745
2008-08-28,93.655975
2008-08-29,92.648857
2008-09-02,92.073372
2008-09-03,91.994209
2008-09-04,89.224632
2008-09-05,89.505119
2008-09-08,91.353951
2008-09-09,88.641922
2008-09-10,89.001579
2008-09-11,90.289307
2008-09-12,90.706512
2008-09-15,86.390266
2008-09-16,87.836189
2008-09-17,83.886810
2008-09-18,86.375862
2008-09-19,89.806206
2008-09-22,87.773033
2008-09-23,85.776054
2008-09-24,86.050972
2008-09-25,87.396790
2008-09-26,87.440186
2008-09-29,80.588226
2008-09-30,83.923798
2008-10-01,83.974419
2008-10-02,80.928291
2008-10-03,79.835732
2008-10-06,75.769440
2008-10-07,72.376007
2008-10-08,70.552689
2008-10-09,65.625366
2008-10-10,64.033577
2008-10-13,73.331093
2008-10-14,72.245804
2008-10-15,65.133354
2008-10-16,67.846642
2008-10-17,67.441444
2008-10-20,71.493279
2008-10-21,69.358864
2008-10-22,65.581932
2008-10-23,66.341675
2008-10-24,62.977200
2008-10-27,60.741455
2008-10-28,67.839409
2008-10-29,67.347397
2008-10-30,69.677185
2008-10-31,70.060692
2008-11-03,70.263298
2008-11-04,72.650963
2008-11-05,69.597603
2008-11-06,65.741142
2008-11-07,67.911766
2008-11-10,67.021812
2008-11-11,64.952484
2008-11-12,62.094482
2008-11-13,65.965446
2008-11-14,62.673328
2008-11-17,61.841232
2008-11-18,63.006119
2008-11-19,58.968788
2008-11-20,54.591351
2008-11-21,57.536171
2008-11-24,61.522861
2008-11-25,61.978687
2008-11-26,64.373642
2008-11-28,65.183990
2008-12-01,59.410145
2008-12-02,61.696507
2008-12-03,63.179821
2008-12-04,61.718227
2008-12-05,63.621147
2008-12-08,65.842422
2008-12-09,64.757126
2008-12-10,65.198494
2008-12-11,63.628380
2008-12-12,64.388115
2008-12-15,63.490921
2008-12-16,66.479179
2008-12-17,65.835190
2008-12-18,64.605179
2008-12-19,64.327293
2008-12-22,63.503006
2008-12-23,62.846531
2008-12-24,63.211254
2008-12-26,63.575962
2008-12-29,63.393631
2008-12-30,64.896210
2008-12-31,65.822563
2009-01-02,67.806580
2009-01-05,67.726349
2009-01-06,68.178596
2009-01-07,66.136246
2009-01-08,66.406090
2009-01-09,64.983749
2009-01-12,63.422768
2009-01-13,63.539501
2009-01-14,61.540913
2009-01-15,61.562798
2009-01-16,62.044197
2009-01-20,58.769112
2009-01-21,61.307453
2009-01-22,60.359249
2009-01-23,60.621811
2009-01-26,61.037586
2009-01-27,61.657570
2009-01-28,63.743721
2009-01-29,61.672161
2009-01-30,60.417568
2009-02-02,60.235226
2009-02-03,61.081367
2009-02-04,60.782276
2009-02-05,61.686806
2009-02-06,63.444668
2009-02-09,63.532204
2009-02-10,60.621811
2009-02-11,60.979248
2009-02-12,61.022995
2009-02-13,60.366531
2009-02-17,57.784382
2009-02-18,57.645802
2009-02-19,57.025803
2009-02-20,56.471424
2009-02-23,54.450974
2009-02-24,56.515240
2009-02-25,56.070232
2009-02-26,55.158493
2009-02-27,53.925785
2009-03-02,51.496826
2009-03-03,51.110226
2009-03-04,52.321064
2009-03-05,50.183887
2009-03-06,50.271404
2009-03-09,49.680584
2009-03-10,52.641994
2009-03-11,52.984848
2009-03-12,55.070969
2009-03-13,55.501324
2009-03-16,55.333576
2009-03-17,57.025803
2009-03-18,58.302280
2009-03-19,57.580139
2009-03-20,56.354038
2009-03-23,60.401897
2009-03-24,59.211777
2009-03-25,59.836227
2009-03-26,61.055740
2009-03-27,59.953762
2009-03-30,57.882080
2009-03-31,58.418404
2009-04-01,59.549713
2009-04-02,61.290806
2009-04-03,61.900539
2009-04-06,61.415730
2009-04-07,59.983162
2009-04-08,60.629608
2009-04-09,63.039268
2009-04-13,63.053944
2009-04-14,61.966679
2009-04-15,62.627831
2009-04-16,63.546127
2009-04-17,63.972229
2009-04-20,61.290806
2009-04-21,62.488274
2009-04-22,62.106255
2009-04-23,62.716000
2009-04-24,63.663742
2009-04-27,63.061287
2009-04-28,62.862934
2009-04-29,64.199966
2009-04-30,64.222015
2009-05-01,64.567314
2009-05-04,66.763847
2009-05-05,66.536102
2009-05-06,67.689484
2009-05-07,66.749161
2009-05-08,68.306595
2009-05-11,67.028328
2009-05-12,66.829987
2009-05-13,65.147675
2009-05-14,65.705971
2009-05-15,65.169701
2009-05-18,67.020988
2009-05-19,66.940186
2009-05-20,66.492027
2009-05-21,65.537025
2009-05-22,65.397430
2009-05-26,67.072411
2009-05-27,65.874939
2009-05-28,66.793266
2009-05-29,67.976021
2009-06-01,69.621605
2009-06-02,69.680367
2009-06-03,68.798820
2009-06-04,69.445274
2009-06-05,69.459969
2009-06-08,69.173500
2009-06-09,69.526108
2009-06-10,69.349785
2009-06-11,69.658340
2009-06-12,69.849335
2009-06-15,68.247833
2009-06-16,67.322205
2009-06-17,67.256073
2009-06-18,67.748276
2009-06-19,67.998001
2009-06-22,65.958908
2009-06-23,66.010643
2009-06-24,66.579521
2009-06-25,68.027550
2009-06-26,67.850243
2009-06-29,68.485558
2009-06-30,67.931488
2009-07-01,68.212227
2009-07-02,66.350494
2009-07-06,66.343086
2009-07-07,65.057594
2009-07-08,65.013306
2009-07-09,65.138855
2009-07-10,64.983742
2009-07-13,66.564735
2009-07-14,66.941528
2009-07-15,68.899300
2009-07-16,68.788506
2009-07-17,69.542068
2009-07-20,70.280838
2009-07-21,70.605896
2009-07-22,70.591125
2009-07-23,72.149979
2009-07-24,72.445480
2009-07-27,72.659729
2009-07-28,72.319862
2009-07-29,72.142570
2009-07-30,72.896156
2009-07-31,72.999596
2009-08-03,74.203804
2009-08-04,74.395874
2009-08-05,74.181656
2009-08-06,73.797478
2009-08-07,74.765289
2009-08-10,74.610123
2009-08-11,73.679268
2009-08-12,74.469742
2009-08-13,75.038605
2009-08-14,74.462387
2009-08-17,72.630173
2009-08-18,73.206444
2009-08-19,73.849174
2009-08-20,74.610123
2009-08-21,76.072929
2009-08-24,76.065575
2009-08-25,76.213310
2009-08-26,76.220680
2009-08-27,76.390610
2009-08-28,76.375839
2009-08-31,75.696159
2009-09-01,74.026482
2009-09-02,73.745773
2009-09-03,74.358940
2009-09-04,75.400620
2009-09-08,76.050781
2009-09-09,76.634415
2009-09-10,77.417526
2009-09-11,77.402740
2009-09-14,77.779541
2009-09-15,78.104584
2009-09-16,79.286674
2009-09-17,79.168434
2009-09-18,79.218941
2009-09-21,79.018517
2009-09-22,79.478745
2009-09-23,78.818092
2009-09-24,77.949577
2009-09-25,77.533897
2009-09-28,78.921997
2009-09-29,78.684464
2009-09-30,78.380127
2009-10-01,76.435303
2009-10-02,76.078941
2009-10-05,77.214699
2009-10-06,78.320724
2009-10-07,78.536041
2009-10-08,79.137291
2009-10-09,79.619774
2009-10-12,79.931557
2009-10-13,79.768257
2009-10-14,81.141487
2009-10-15,81.438431
2009-10-16,80.829742
2009-10-19,81.497841
2009-10-20,81.067291
2009-10-21,80.339798
2009-10-22,81.156357
2009-10-23,80.228485
2009-10-26,79.359970
2009-10-27,78.996201
2009-10-28,77.504211
2009-10-29,79.166992
2009-10-30,76.873230
2009-11-02,77.437386
2009-11-03,77.682365
2009-11-04,77.882774
2009-11-05,79.315453
2009-11-06,79.523293
2009-11-09,81.334488
2009-11-10,81.349304
2009-11-11,81.765045
2009-11-12,80.933640
2009-11-13,81.371628
2009-11-16,82.551872
2009-11-17,82.648361
2009-11-18,82.596397
2009-11-19,81.520065
2009-11-20,81.230591
2009-11-23,82.262375
2009-11-24,82.388596
2009-11-25,82.678062
2009-11-27,81.334488
2009-11-30,81.609169
2009-12-01,82.618706
2009-12-02,82.581581
2009-12-03,81.935753
2009-12-04,82.403435
2009-12-07,82.277237
2009-12-08,81.364212
2009-12-09,81.668533
2009-12-10,82.128746
2009-12-11,82.477661
2009-12-14,83.041801
2009-12-15,82.655807
2009-12-16,82.781998
2009-12-17,81.787315
2009-12-18,82.250008
2009-12-21,83.085876
2009-12-22,83.384399
2009-12-23,83.548576
2009-12-24,83.944122
2009-12-28,84.123238
2009-12-29,84.003815
2009-12-30,83.973984
2009-12-31,83.167976
2010-01-04,84.578476
2010-01-05,84.802376
2010-01-06,84.862068
2010-01-07,85.220276
2010-01-08,85.503922
2010-01-11,85.623291
2010-01-12,84.824760
2010-01-13,85.541214
2010-01-14,85.772552
2010-01-15,84.809853
2010-01-19,85.869591
2010-01-20,84.996429
2010-01-21,83.362000
2010-01-22,81.503723
2010-01-25,81.921631
2010-01-26,81.578339
2010-01-27,81.966415
2010-01-28,81.026062
2010-01-29,80.145439
2010-02-01,81.391731
2010-02-02,82.376877
2010-02-03,81.966415
2010-02-04,79.436478
2010-02-05,79.600655
2010-02-08,79.026001
2010-02-09,80.018585
2010-02-10,79.861862
2010-02-11,80.697708
2010-02-12,80.630547
2010-02-16,81.899254
2010-02-17,82.287331
2010-02-18,82.772438
2010-02-19,82.944092
2010-02-22,82.959000
2010-02-23,81.951500
2010-02-24,82.705254
2010-02-25,82.593323
2010-02-26,82.645584
2010-03-01,83.503792
2010-03-02,83.735176
2010-03-03,83.809761
2010-03-04,84.063530
2010-03-05,85.265083
2010-03-08,85.280014
2010-03-09,85.421814
2010-03-10,85.802399
2010-03-11,86.160660
2010-03-12,86.168083
2010-03-15,86.190468
2010-03-16,86.877090
2010-03-17,87.392036
2010-03-18,87.347267
2010-03-19,86.905113
2010-03-22,87.369759
2010-03-23,87.984230
2010-03-24,87.557068
2010-03-25,87.414703
2010-03-26,87.362282
2010-03-29,87.916771
2010-03-30,87.976753
2010-03-31,87.676964
2010-04-01,88.276482
2010-04-05,88.995941
2010-04-06,89.205711
2010-04-07,88.696144
2010-04-08,89.003387
2010-04-09,89.587914
2010-04-12,89.730263
2010-04-13,89.797745
2010-04-14,90.816902
2010-04-15,90.891800
2010-04-16,89.445496
2010-04-19,89.782707
2010-04-20,90.584541
2010-04-21,90.419685
2010-04-22,90.689484
2010-04-23,91.281464
2010-04-26,90.936768
2010-04-27,88.786072
2010-04-28,89.460495
2010-04-29,90.569550
2010-04-30,89.033363
2010-05-03,90.187408
2010-05-04,88.066650
2010-05-05,87.542107
2010-05-06,84.634544
2010-05-07,83.375580
2010-05-10,87.047493
2010-05-11,86.800201
2010-05-12,88.014206
2010-05-13,86.920097
2010-05-14,85.346428
2010-05-17,85.391396
2010-05-18,84.229851
2010-05-19,83.750267
2010-05-20,80.587891
2010-05-21,81.764389
2010-05-24,80.715263
2010-05-25,80.797707
2010-05-26,80.310638
2010-05-27,83.000862
2010-05-28,81.959251
2010-06-01,80.580391
2010-06-02,82.678665
2010-06-03,82.963432
2010-06-04,80.048317
2010-06-07,79.051697
2010-06-08,79.898483
2010-06-09,79.471329
2010-06-10,81.794373
2010-06-11,82.191551
2010-06-14,82.064156
2010-06-15,83.930099
2010-06-16,83.900131
2010-06-17,84.035019
2010-06-18,84.126129
2010-06-21,83.885185
2010-06-22,82.499763
2010-06-23,82.243767
2010-06-24,80.880951
2010-06-25,81.219780
2010-06-28,80.963768
2010-06-29,78.464027
2010-06-30,77.718605
2010-07-01,77.372238
2010-07-02,76.950623
2010-07-06,77.455032
2010-07-07,79.894592
2010-07-08,80.685188
2010-07-09,81.287575
2010-07-12,81.340240
2010-07-13,82.567543
2010-07-14,82.559990
2010-07-15,82.582596
2010-07-16,80.308701
2010-07-19,80.783051
2010-07-20,81.679085
2010-07-21,80.617432
2010-07-22,82.417000
2010-07-23,83.132263
2010-07-26,83.998108
2010-07-27,83.990593
2010-07-28,83.448494
2010-07-29,83.041885
2010-07-30,83.026817
2010-08-02,84.901657
2010-08-03,84.495079
2010-08-04,85.059776
2010-08-05,84.969421
2010-08-06,84.623100
2010-08-09,85.074814
2010-08-10,84.615555
2010-08-11,82.296516
2010-08-12,81.791992
2010-08-13,81.551102
2010-08-16,81.513435
2010-08-17,82.514832
2010-08-18,82.665421
2010-08-19,81.227318
2010-08-20,80.963768
2010-08-23,80.655075
2010-08-24,79.457909
2010-08-25,79.766586
2010-08-26,79.232002
2010-08-27,80.459312
2010-08-30,79.292236
2010-08-31,79.292236
2010-09-01,81.663979
2010-09-02,82.424469
2010-09-03,83.493675
2010-09-07,82.552498
2010-09-08,83.132263
2010-09-09,83.516273
2010-09-10,83.937889
2010-09-13,84.871544
2010-09-14,84.818855
2010-09-15,85.142601
2010-09-16,85.119987
2010-09-17,85.151794
2010-09-20,86.453773
2010-09-21,86.279686
2010-09-22,85.855789
2010-09-23,85.159386
2010-09-24,86.915565
2010-09-27,86.499214
2010-09-28,86.802017
2010-09-29,86.650581
2010-09-30,86.393227
2010-10-01,86.756561
2010-10-04,86.105576
2010-10-05,87.839020
2010-10-06,87.831490
2010-10-07,87.725510
2010-10-08,88.217537
2010-10-11,88.300812
2010-10-12,88.573303
2010-10-13,89.262169
2010-10-14,88.913940
2010-10-15,89.095627
2010-10-18,89.534660
2010-10-19,88.361351
2010-10-20,89.224304
2010-10-21,89.421143
2010-10-22,89.587654
2010-10-25,89.852592
2010-10-26,89.867752
2010-10-27,89.610374
2010-10-28,89.625526
2010-10-29,89.693626
2010-11-01,89.723907
2010-11-02,90.435471
2010-11-03,90.798813
2010-11-04,92.547417
2010-11-05,92.895645
2010-11-08,92.721527
2010-11-09,92.055397
2010-11-10,92.426315
2010-11-11,92.078087
2010-11-12,90.988052
2010-11-15,90.859383
2010-11-16,89.443825
2010-11-17,89.489265
2010-11-18,90.806389
2010-11-19,91.056183
2010-11-22,90.980507
2010-11-23,89.663368
2010-11-24,90.988052
2010-11-26,89.928314
2010-11-29,90.200806
2010-11-30,89.693626
2010-12-01,91.601196
2010-12-02,92.774498
2010-12-03,93.024330
2010-12-06,92.925911
2010-12-07,92.978920
2010-12-08,93.319534
2010-12-09,93.682915
2010-12-10,94.227898
2010-12-13,94.288490
2010-12-14,94.371719
2010-12-15,93.940239
2010-12-16,94.485252
2010-12-17,94.586487
2010-12-20,94.814766
2010-12-21,95.415947
2010-12-22,95.712700
2010-12-23,95.575729
2010-12-27,95.613785
2010-12-28,95.750732
2010-12-29,95.819237
2010-12-30,95.667046
2010-12-31,95.689888
2011-01-03,96.679100
2011-01-04,96.625839
2011-01-05,97.128044
2011-01-06,96.937836
2011-01-07,96.747597
2011-01-10,96.625839
2011-01-11,96.968285
2011-01-12,97.843353
2011-01-13,97.683563
2011-01-14,98.391251
2011-01-18,98.558670
2011-01-19,97.592255
2011-01-20,97.462875
2011-01-21,97.683563
2011-01-24,98.239044
2011-01-25,98.292313
2011-01-26,98.672783
2011-01-27,98.916290
2011-01-28,97.188919
2011-01-31,97.919449
2011-02-01,99.487061
2011-02-02,99.296822
2011-02-03,99.517448
2011-02-04,99.799034
2011-02-07,100.422989
2011-02-08,100.879570
2011-02-09,100.651276
2011-02-10,100.689339
2011-02-11,101.290497
2011-02-14,101.534019
2011-02-15,101.214371
2011-02-16,101.853584
2011-02-17,102.157951
2011-02-18,102.371048
2011-02-22,100.316467
2011-02-23,99.700058
2011-02-24,99.631592
2011-02-25,100.696976
2011-02-28,101.320946
2011-03-01,99.631592
2011-03-02,99.844666
2011-03-03,101.564438
2011-03-04,100.803459
2011-03-07,100.012070
2011-03-08,100.887184
2011-03-09,100.742584
2011-03-10,98.878265
2011-03-11,99.563087
2011-03-14,98.961967
2011-03-15,97.828133
2011-03-16,96.017059
2011-03-17,97.287880
2011-03-18,97.641708
2011-03-21,99.154961
2011-03-22,98.811035
2011-03-23,99.093834
2011-03-24,100.041466
2011-03-25,100.347168
2011-03-28,100.102638
2011-03-29,100.775185
2011-03-30,101.470673
2011-03-31,101.333061
2011-04-01,101.761078
2011-04-04,101.845131
2011-04-05,101.829842
2011-04-06,102.150833
2011-04-07,101.890991
2011-04-08,101.539421
2011-04-11,101.233749
2011-04-12,100.477127
2011-04-13,100.469460
2011-04-14,100.545906
2011-04-15,100.912735
2011-04-18,99.781647
2011-04-19,100.354820
2011-04-20,101.722847
2011-04-21,102.242561
2011-04-25,102.135574
2011-04-26,103.014435
2011-04-27,103.687004
2011-04-28,104.023277
2011-04-29,104.267815
2011-05-02,104.107323
2011-05-03,103.732849
2011-05-04,103.045036
2011-05-05,102.112625
2011-05-06,102.563538
2011-05-09,102.960983
2011-05-10,103.839882
2011-05-11,102.746956
2011-05-12,103.236084
2011-05-13,102.441238
2011-05-16,101.791656
2011-05-17,101.776344
2011-05-18,102.685806
2011-05-19,102.930389
2011-05-20,102.112625
2011-05-23,100.928017
2011-05-24,100.843971
2011-05-25,101.180206
2011-05-26,101.646416
2011-05-27,102.036224
2011-05-31,103.098511
2011-06-01,100.782799
2011-06-02,100.675835
2011-06-03,99.674637
2011-06-06,98.619987
2011-06-07,98.558815
2011-06-08,98.146133
2011-06-09,98.895096
2011-06-10,97.519440
2011-06-13,97.595863
2011-06-14,98.833969
2011-06-15,97.076172
2011-06-16,97.290161
2011-06-17,97.580475
2011-06-20,98.079681
2011-06-21,99.423820
2011-06-22,98.824722
2011-06-23,98.540558
2011-06-24,97.396118
2011-06-27,98.264053
2011-06-28,99.546684
2011-06-29,100.399193
2011-06-30,101.359253
2011-07-01,102.856972
2011-07-05,102.772507
2011-07-06,102.895378
2011-07-07,103.962959
2011-07-08,103.225647
2011-07-11,101.359253
2011-07-12,100.921532
2011-07-13,101.259399
2011-07-14,100.560501
2011-07-15,101.144241
2011-07-18,100.314728
2011-07-19,101.943024
2011-07-20,101.881569
2011-07-21,103.294769
2011-07-22,103.363907
2011-07-25,102.787842
2011-07-26,102.403816
2011-07-27,100.307053
2011-07-28,100.015182
2011-07-29,99.331619
2011-08-01,98.909203
2011-08-02,96.382317
2011-08-03,96.904617
2011-08-04,92.365448
2011-08-05,92.227180
2011-08-08,86.221069
2011-08-09,90.230293
2011-08-10,86.244072
2011-08-11,90.115067
2011-08-12,90.721817
2011-08-15,92.641953
2011-08-16,91.850830
2011-08-17,91.912277
2011-08-18,87.949181
2011-08-19,86.512871
2011-08-22,86.582039
2011-08-23,89.431503
2011-08-24,90.691093
2011-08-25,89.308594
2011-08-26,90.606606
2011-08-29,93.210304
2011-08-30,93.456047
2011-08-31,93.870834
2011-09-01,92.887718
2011-09-02,90.514450
2011-09-06,89.853920
2011-09-07,92.388443
2011-09-08,91.428436
2011-09-09,89.032120
2011-09-12,89.608139
2011-09-13,90.429970
2011-09-14,91.681877
2011-09-15,93.264023
2011-09-16,93.816055
2011-09-19,92.881897
2011-09-20,92.773827
2011-09-21,90.040878
2011-09-22,87.130371
2011-09-23,87.655312
2011-09-26,89.739799
2011-09-27,90.743362
2011-09-28,88.890579
2011-09-29,89.593094
2011-09-30,87.354218
2011-10-03,84.868332
2011-10-04,86.728905
2011-10-05,88.334702
2011-10-06,89.932785
2011-10-07,89.330589
2011-10-10,92.318321
2011-10-11,92.410988
2011-10-12,93.221588
2011-10-13,93.036308
2011-10-14,94.626663
2011-10-17,92.820160
2011-10-18,94.634369
2011-10-19,93.514938
2011-10-20,93.924110
2011-10-21,95.707481
2011-10-24,96.880966
2011-10-25,94.997253
2011-10-26,95.962288
2011-10-27,99.305115
2011-10-28,99.281960
2011-10-31,96.888702
2011-11-01,94.186600
2011-11-02,95.722939
2011-11-03,97.467697
2011-11-04,96.873253
2011-11-07,97.475418
2011-11-08,98.726120
2011-11-09,95.082169
2011-11-10,95.977715
2011-11-11,97.784225
2011-11-14,96.857803
2011-11-15,97.336472
2011-11-16,95.792397
2011-11-17,94.271561
2011-11-18,94.171143
2011-11-21,92.380096
2011-11-22,92.017258
2011-11-23,89.986824
2011-11-25,89.816978
2011-11-28,92.418678
2011-11-29,92.681183
2011-11-30,96.494980
2011-12-01,96.479530
2011-12-02,96.394608
2011-12-05,97.444542
2011-12-06,97.475418
2011-12-07,97.838280
2011-12-08,95.692047
2011-12-09,97.313309
2011-12-12,95.892761
2011-12-13,94.997253
2011-12-14,93.985893
2011-12-15,94.325577
2011-12-16,94.465439
2011-12-19,93.455429
2011-12-20,96.283424
2011-12-21,96.469856
2011-12-22,97.324471
2011-12-23,98.194603
2011-12-27,98.272324
2011-12-28,96.982620
2011-12-29,97.984879
2011-12-30,97.503166
2012-01-03,99.057022
2012-01-04,99.212410
2012-01-05,99.476562
2012-01-06,99.220177
2012-01-09,99.461037
2012-01-10,100.323364
2012-01-11,100.377754
2012-01-12,100.618599
2012-01-13,100.098076
2012-01-17,100.486526
2012-01-18,101.597519
2012-01-19,102.133614
2012-01-20,102.514282
2012-01-23,102.250168
2012-01-24,102.133614
2012-01-25,102.988205
2012-01-26,102.459892
2012-01-27,102.413315
2012-01-30,102.063690
2012-01-31,102.024818
2012-02-01,102.918282
2012-02-02,103.081421
2012-02-03,104.526482
2012-02-06,104.456596
2012-02-07,104.720711
2012-02-08,105.031487
2012-02-09,105.163574
2012-02-10,104.386658
2012-02-13,105.163574
2012-02-14,105.031487
2012-02-15,104.542076
2012-02-16,105.699646
2012-02-17,105.979340
2012-02-21,106.025955
2012-02-22,105.684151
2012-02-23,106.150276
2012-02-24,106.383362
2012-02-27,106.562057
2012-02-28,106.872795
2012-02-29,106.453270
2012-03-01,107.004868
2012-03-02,106.678581
2012-03-05,106.243492
2012-03-06,104.689651
2012-03-07,105.419983
2012-03-08,106.468826
2012-03-09,106.880554
2012-03-12,106.888367
2012-03-13,108.815140
2012-03-14,108.698532
2012-03-15,109.327843
2012-03-16,109.479248
2012-03-19,109.908455
2012-03-20,109.588486
2012-03-21,109.409042
2012-03-22,108.620857
2012-03-23,108.972069
2012-03-26,110.501480
2012-03-27,110.158134
2012-03-28,109.611946
2012-03-29,109.424629
2012-03-30,109.877235
2012-04-02,110.680954
2012-04-03,110.228378
2012-04-04,109.135887
2012-04-05,109.081268
2012-04-09,107.856171
2012-04-10,106.045830
2012-04-11,106.904167
2012-04-12,108.300934
2012-04-13,107.013443
2012-04-16,106.943222
2012-04-17,108.527275
2012-04-18,108.160492
2012-04-19,107.466026
2012-04-20,107.645470
2012-04-23,106.740356
2012-04-24,107.146088
2012-04-25,108.613075
2012-04-26,109.370010
2012-04-27,109.549492
2012-04-30,109.143700
2012-05-01,109.822609
2012-05-02,109.494850
2012-05-03,108.659851
2012-05-04,106.904167
2012-05-07,106.982185
2012-05-08,106.553047
2012-05-09,105.920967
2012-05-10,106.139481
2012-05-11,105.819557
2012-05-14,104.649055
2012-05-15,104.048195
2012-05-16,103.650261
2012-05-17,102.112999
2012-05-18,101.239052
2012-05-21,102.979118
2012-05-22,103.158630
2012-05-23,103.213257
2012-05-24,103.416145
2012-05-25,103.080612
2012-05-29,104.329109
2012-05-30,102.815285
2012-05-31,102.589012
2012-06-01,100.006119
2012-06-04,99.959328
2012-06-05,100.716240
2012-06-06,102.979118
2012-06-07,103.041618
2012-06-08,103.860931
2012-06-11,102.542198
2012-06-12,103.720467
2012-06-13,103.057220
2012-06-14,104.149643
2012-06-15,105.214821
2012-06-18,105.418755
2012-06-19,106.438423
2012-06-20,106.265884
2012-06-21,103.881386
2012-06-22,104.681435
2012-06-25,103.002892
2012-06-26,103.520599
2012-06-27,104.453979
2012-06-28,104.155914
2012-06-29,106.752182
2012-07-02,107.073784
2012-07-03,107.779694
2012-07-05,107.293419
2012-07-06,106.273720
2012-07-09,106.140350
2012-07-10,105.214821
2012-07-11,105.230499
2012-07-12,104.720657
2012-07-13,106.477692
2012-07-16,106.226631
2012-07-17,106.956123
2012-07-18,107.748299
2012-07-19,108.030685
2012-07-20,107.042397
2012-07-23,105.959946
2012-07-24,105.050072
2012-07-25,105.073601
2012-07-26,106.807068
2012-07-27,108.775826
2012-07-30,108.775826
2012-07-31,108.015015
2012-08-01,107.920929
2012-08-02,107.175720
2012-08-03,109.301369
2012-08-06,109.513115
2012-08-07,110.062195
2012-08-08,110.195541
2012-08-09,110.289665
2012-08-10,110.470047
2012-08-13,110.415176
2012-08-14,110.430878
2012-08-15,110.556374
2012-08-16,111.372032
2012-08-17,111.521141
2012-08-20,111.528969
2012-08-21,111.191696
2012-08-22,111.238747
2012-08-23,110.328903
2012-08-24,110.995613
2012-08-27,111.019142
2012-08-28,110.909286
2012-08-29,110.995613
2012-08-30,110.195541
2012-08-31,110.721062
2012-09-04,110.619133
2012-09-05,110.524994
2012-09-06,112.768272
2012-09-07,113.207504
2012-09-10,112.564308
2012-09-11,112.878044
2012-09-12,113.254593
2012-09-13,114.980186
2012-09-14,115.490051
2012-09-17,115.097855
2012-09-18,115.003731
2012-09-19,115.066452
2012-09-20,115.074326
2012-09-21,115.026230
2012-09-24,114.852715
2012-09-25,113.630455
2012-09-26,112.991714
2012-09-27,114.056267
2012-09-28,113.527939
2012-10-01,113.827576
2012-10-02,113.945854
2012-10-03,114.411079
2012-10-04,115.231224
2012-10-05,115.239113
2012-10-08,114.844864
2012-10-09,113.709305
2012-10-10,112.983810
2012-10-11,113.046875
2012-10-12,112.676270
2012-10-15,113.614655
2012-10-16,114.765991
2012-10-17,115.286407
2012-10-18,114.986778
2012-10-19,113.070580
2012-10-22,113.086380
2012-10-23,111.517120
2012-10-24,111.201706
2012-10-25,111.525024
2012-10-26,111.461945
2012-10-31,111.461945
2012-11-01,112.628990
2012-11-02,111.627548
2012-11-05,111.856194
2012-11-06,112.731483
2012-11-07,110.176567
2012-11-08,108.851837
2012-11-09,108.946487
2012-11-12,109.033165
2012-11-13,108.654694
2012-11-14,107.187943
2012-11-15,107.006630
2012-11-16,107.534920
2012-11-19,109.711380
2012-11-20,109.758659
2012-11-21,109.963692
2012-11-23,111.461945
2012-11-26,111.225327
2012-11-27,110.657608
2012-11-28,111.548691
2012-11-29,112.069077
2012-11-30,112.092789
2012-12-03,111.540794
2012-12-04,111.383095
2012-12-05,111.580246
2012-12-06,111.958763
2012-12-07,112.297798
2012-12-10,112.345116
2012-12-11,113.110016
2012-12-12,113.165199
2012-12-13,112.471268
2012-12-14,112.053368
2012-12-17,113.370262
2012-12-18,114.631912
2012-12-19,113.780251
2012-12-20,114.434746
2012-12-21,113.396049
2012-12-24,113.046608
2012-12-26,112.570122
2012-12-27,112.419250
2012-12-28,111.204224
2012-12-31,113.094254
2013-01-02,115.992889
2013-01-03,115.730820
2013-01-04,116.239128
2013-01-07,115.921440
2013-01-08,115.587883
2013-01-09,115.881699
2013-01-10,116.802902
2013-01-11,116.794998
2013-01-14,116.715576
2013-01-15,116.794998
2013-01-16,116.779083
2013-01-17,117.533531
2013-01-18,117.795570
2013-01-22,118.430885
2013-01-23,118.621498
2013-01-24,118.653297
2013-01-25,119.320335
2013-01-28,119.177383
2013-01-29,119.645973
2013-01-30,119.177383
2013-01-31,118.883583
2013-02-01,120.106552
2013-02-04,118.756531
2013-02-05,119.955681
2013-02-06,120.043030
2013-02-07,119.884216
2013-02-08,120.551270
2013-02-11,120.527451
2013-02-12,120.725975
2013-02-13,120.829254
2013-02-14,120.940437
2013-02-15,120.797478
2013-02-19,121.702782
2013-02-20,120.185944
2013-02-21,119.455376
2013-02-22,120.622765
2013-02-25,118.327682
2013-02-26,119.137718
2013-02-27,120.638672
2013-02-28,120.400436
2013-03-01,120.797478
2013-03-04,121.440742
2013-03-05,122.528740
2013-03-06,122.695480
2013-03-07,122.917847
2013-03-08,123.441986
2013-03-11,123.910538
2013-03-12,123.632568
2013-03-13,123.807259
2013-03-14,124.466438
2013-03-15,124.302116
2013-03-18,123.616081
2013-03-19,123.328949
2013-03-20,124.190506
2013-03-21,123.129539
2013-03-22,124.118652
2013-03-25,123.600121
2013-03-26,124.589287
2013-03-27,124.589287
2013-03-28,124.972153
2013-04-01,124.477547
2013-04-02,125.091812
2013-04-03,123.823486
2013-04-04,124.326073
2013-04-05,123.767654
2013-04-08,124.605186
2013-04-09,125.035957
2013-04-10,126.567497
2013-04-11,126.982307
2013-04-12,126.671204
2013-04-15,123.735741
2013-04-16,125.562485
2013-04-17,123.727730
2013-04-18,122.953987
2013-04-19,124.022903
2013-04-22,124.573303
2013-04-23,125.857613
2013-04-24,125.937347
2013-04-25,126.447861
2013-04-26,126.224564
2013-04-29,127.070053
2013-04-30,127.373184
2013-05-01,126.256447
2013-05-02,127.429031
2013-05-03,128.721161
2013-05-06,129.048264
2013-05-07,129.702377
2013-05-08,130.292664
2013-05-09,129.925690
2013-05-10,130.348480
2013-05-13,130.452209
2013-05-14,131.800278
2013-05-15,132.510208
2013-05-16,131.888016
2013-05-17,133.164307
2013-05-20,133.156281
2013-05-21,133.347748
2013-05-22,132.358658
2013-05-23,131.975784
2013-05-24,131.864120
2013-05-28,132.653763
2013-05-29,131.792358
2013-05-30,132.278885
2013-05-31,130.380371
2013-06-03,131.098328
2013-06-04,130.468155
2013-06-05,128.641479
2013-06-06,129.806091
2013-06-07,131.457275
2013-06-10,131.457275
2013-06-11,130.101273
2013-06-12,129.024338
2013-06-13,130.986633
2013-06-14,130.165085
2013-06-17,131.170135
2013-06-18,132.207108
2013-06-19,130.380371
2013-06-20,127.149757
2013-06-21,127.558022
2013-06-24,125.946136
2013-06-25,127.157051
2013-06-26,128.416016
2013-06-27,129.169800
2013-06-28,128.640533
2013-07-01,129.394333
2013-07-02,129.274033
2013-07-03,129.330124
2013-07-05,130.725494
2013-07-08,131.471237
2013-07-09,132.417465
2013-07-10,132.465607
2013-07-11,134.269867
2013-07-12,134.325958
2013-07-15,134.839172
2013-07-16,134.334061
2013-07-17,134.678787
2013-07-18,135.416534
2013-07-19,135.657166
2013-07-22,135.921783
2013-07-23,135.633133
2013-07-24,135.135925
2013-07-25,135.464706
2013-07-26,135.609039
2013-07-29,135.192047
2013-07-30,135.192047
2013-07-31,135.288254
2013-08-01,136.851959
2013-08-02,137.084518
2013-08-05,136.884033
2013-08-06,136.106140
2013-08-07,135.665237
2013-08-08,136.162369
2013-08-09,135.769455
2013-08-12,135.609039
2013-08-13,136.009933
2013-08-14,135.312332
2013-08-15,133.419830
2013-08-16,132.978821
2013-08-19,132.128815
2013-08-20,132.778381
2013-08-21,131.960388
2013-08-22,133.163254
2013-08-23,133.612305
2013-08-26,133.115112
2013-08-27,130.974106
2013-08-28,131.439194
2013-08-29,131.647736
2013-08-30,131.230682
2013-09-03,131.824112
2013-09-04,132.914688
2013-09-05,133.083099
2013-09-06,133.147186
2013-09-09,134.422195
2013-09-10,135.416534
2013-09-11,135.841660
2013-09-12,135.480713
2013-09-13,135.785446
2013-09-16,136.571320
2013-09-17,137.180771
2013-09-18,138.768524
2013-09-19,138.535965
2013-09-20,137.567398
2013-09-23,136.930771
2013-09-24,136.608444
2013-09-25,136.213654
2013-09-26,136.737411
2013-09-27,136.108856
2013-09-30,135.383667
2013-10-01,136.455353
2013-10-02,136.326431
2013-10-03,135.069397
2013-10-04,136.092789
2013-10-07,134.916260
2013-10-08,133.344986
2013-10-09,133.441666
2013-10-10,136.318390
2013-10-11,137.196716
2013-10-14,137.744659
2013-10-15,136.745483
2013-10-16,138.655258
2013-10-17,139.581955
2013-10-18,140.524719
2013-10-21,140.532806
2013-10-22,141.346558
2013-10-23,140.669754
2013-10-24,141.137085
2013-10-25,141.781815
2013-10-28,142.007401
2013-10-29,142.764862
2013-10-30,142.055679
2013-10-31,141.652817
2013-11-01,141.991257
2013-11-04,142.490814
2013-11-05,142.039627
2013-11-06,142.764862
2013-11-07,140.959839
2013-11-08,142.861481
2013-11-11,142.885727
2013-11-12,142.595627
2013-11-13,143.739822
2013-11-14,144.457047
2013-11-15,145.085602
2013-11-18,144.577911
2013-11-19,144.263626
2013-11-20,143.812439
2013-11-21,144.972824
2013-11-22,145.698059
2013-11-25,145.552994
2013-11-26,145.593231
2013-11-27,145.947800
2013-11-29,145.851089
2013-12-02,145.472336
2013-12-03,144.843826
2013-12-04,144.827744
2013-12-05,144.191101
2013-12-06,145.802750
2013-12-09,146.173386
2013-12-10,145.649643
2013-12-11,144.013901
2013-12-12,143.538391
2013-12-13,143.522293
2013-12-16,144.416702
2013-12-17,143.957428
2013-12-18,146.415176
2013-12-19,146.245926
2013-12-20,147.096649
2013-12-23,147.882492
2013-12-24,148.206589
2013-12-26,148.960068
2013-12-27,148.951981
2013-12-30,148.927658
2013-12-31,149.632523
2014-01-02,148.198486
2014-01-03,148.174179
2014-01-06,147.744751
2014-01-07,148.652191
2014-01-08,148.684586
2014-01-09,148.781799
2014-01-10,149.186890
2014-01-13,147.201965
2014-01-14,148.806091
2014-01-15,149.608185
2014-01-16,149.413757
2014-01-17,148.781799
2014-01-21,149.219299
2014-01-22,149.316559
2014-01-23,148.093124
2014-01-24,144.933487
2014-01-27,144.220505
2014-01-28,145.079254
2014-01-29,143.685760
2014-01-30,145.208893
2014-01-31,144.358200
2014-02-03,141.109390
2014-02-04,142.097794
2014-02-05,141.919571
2014-02-06,143.791092
2014-02-07,145.573486
2014-02-10,145.840836
2014-02-11,147.436890
2014-02-12,147.509827
2014-02-13,148.271378
2014-02-14,149.089691
2014-02-18,149.267914
2014-02-19,148.279495
2014-02-20,149.154495
2014-02-21,148.984375
2014-02-24,149.810730
2014-02-25,149.754044
2014-02-26,149.762085
2014-02-27,150.548004
2014-02-28,150.928787
2014-03-03,149.867447
2014-03-04,151.973953
2014-03-05,152.111649
2014-03-06,152.460068
2014-03-07,152.524857
2014-03-10,152.443832
2014-03-11,151.690369
2014-03-12,151.730881
2014-03-13,150.029465
2014-03-14,149.608185
2014-03-17,150.961212
2014-03-18,152.038712
2014-03-19,151.228561
2014-03-20,152.111649
2014-03-21,151.521683
2014-03-24,150.895065
2014-03-25,151.611221
2014-03-26,150.520767
2014-03-27,150.203400
2014-03-28,150.943909
2014-03-31,152.180832
2014-04-01,153.189880
2014-04-02,153.702591
2014-04-03,153.499084
2014-04-04,151.684402
2014-04-07,150.008057
2014-04-08,150.626572
2014-04-09,152.245895
2014-04-10,149.047882
2014-04-11,147.705185
2014-04-14,148.868805
2014-04-15,149.894150
2014-04-16,151.464706
2014-04-17,151.676285
2014-04-21,152.205215
2014-04-22,152.896896
2014-04-23,152.538895
2014-04-24,152.848068
2014-04-25,151.594910
2014-04-28,152.074982
2014-04-29,152.782990
2014-04-30,153.238693
2014-05-01,153.254974
2014-05-02,153.035278
2014-05-05,153.328232
2014-05-06,151.993668
2014-05-07,152.888794
2014-05-08,152.726028
2014-05-09,152.953903
2014-05-12,154.443085
2014-05-13,154.581390
2014-05-14,153.849014
2014-05-15,152.498169
2014-05-16,153.027054
2014-05-19,153.588638
2014-05-20,152.620285
2014-05-21,153.905991
2014-05-22,154.280334
2014-05-23,154.898804
2014-05-27,155.850876
2014-05-28,155.736969
2014-05-29,156.542587
2014-05-30,156.794815
2014-06-02,156.973892
2014-06-03,156.892441
2014-06-04,157.209824
2014-06-05,158.235184
2014-06-06,158.991989
2014-06-09,159.154694
2014-06-10,159.170990
2014-06-11,158.617661
2014-06-12,157.494644
2014-06-13,157.974808
2014-06-16,158.104950
2014-06-17,158.544388
2014-06-18,159.708069
2014-06-19,159.887146
2014-06-20,160.211670
2014-06-23,160.162643
2014-06-24,159.197815
2014-06-25,159.917313
2014-06-26,159.802841
2014-06-27,160.113556
2014-06-30,160.031815
2014-07-01,161.102966
2014-07-02,161.266464
2014-07-03,162.059601
2014-07-07,161.495422
2014-07-08,160.457047
2014-07-09,161.176529
2014-07-10,160.538757
2014-07-11,160.759567
2014-07-14,161.569046
2014-07-15,161.266464
2014-07-16,161.863388
2014-07-17,160.023682
2014-07-18,161.658966
2014-07-21,161.356461
2014-07-22,162.059601
2014-07-23,162.419434
2014-07-24,162.427582
2014-07-25,161.667130
2014-07-28,161.732529
2014-07-29,161.037537
2014-07-30,161.062042
2014-07-31,157.881409
2014-08-01,157.399002
2014-08-04,158.535507
2014-08-05,156.998337
2014-08-06,157.047394
2014-08-07,156.197006
2014-08-08,158.004028
2014-08-11,158.461929
2014-08-12,158.241165
2014-08-13,159.312317
2014-08-14,160.064499
2014-08-15,160.031815
2014-08-18,161.372818
2014-08-19,162.214981
2014-08-20,162.648331
2014-08-21,163.122589
2014-08-22,162.869110
2014-08-25,163.694870
2014-08-26,163.801224
2014-08-27,163.735794
2014-08-28,163.645920
2014-08-29,164.111984
2014-09-02,164.030167
2014-09-03,163.940201
2014-09-04,163.703064
2014-09-05,164.438965
2014-09-08,164.013794
2014-09-09,162.975418
2014-09-10,163.588593
2014-09-11,163.776733
2014-09-12,162.820023
2014-09-15,162.697357
2014-09-16,163.923874
2014-09-17,164.144638
2014-09-18,165.019485
2014-09-19,164.870850
2014-09-22,163.597565
2014-09-23,162.661072
2014-09-24,163.934357
2014-09-25,161.289185
2014-09-26,162.570709
2014-09-29,162.274979
2014-09-30,161.847794
2014-10-01,159.654495
2014-10-02,159.679092
2014-10-03,161.437042
2014-10-06,161.248108
2014-10-07,158.759018
2014-10-08,161.535660
2014-10-09,158.331863
2014-10-10,156.524597
2014-10-13,153.953400
2014-10-14,154.191620
2014-10-15,153.148315
2014-10-16,153.016907
2014-10-17,154.824188
2014-10-20,156.327499
2014-10-21,159.424438
2014-10-22,158.290771
2014-10-23,160.130890
2014-10-24,161.363113
2014-10-27,161.141373
2014-10-28,162.989639
2014-10-29,162.743225
2014-10-30,163.786453
2014-10-31,165.659439
2014-11-03,165.749817
2014-11-04,165.174805
2014-11-05,166.218048
2014-11-06,166.883438
2014-11-07,167.039536
2014-11-10,167.565262
2014-11-11,167.729599
2014-11-12,167.548889
2014-11-13,167.737808
2014-11-14,167.778900
2014-11-17,167.885666
2014-11-18,168.855042
2014-11-19,168.583878
2014-11-20,168.879684
2014-11-21,169.783310
2014-11-24,170.259750
2014-11-25,170.136505
2014-11-26,170.571884
2014-11-28,170.210434
2014-12-01,169.027512
2014-12-02,170.120117
2014-12-03,170.777328
2014-12-04,170.588348
2014-12-05,170.867661
2014-12-08,169.725845
2014-12-09,169.610825
2014-12-10,166.891678
2014-12-11,167.737808
2014-12-12,165.026886
2014-12-15,163.893311
2014-12-16,162.578903
2014-12-17,165.766235
2014-12-18,169.865463
2014-12-19,170.588226
2014-12-22,171.372971
2014-12-23,171.604172
2014-12-24,171.620682
2014-12-26,172.174194
2014-12-29,172.405426
2014-12-30,171.480301
2014-12-31,169.778687
2015-01-02,169.687851
2015-01-05,166.623322
2015-01-06,165.053879
2015-01-07,167.110764
2015-01-08,170.076050
2015-01-09,168.713135
2015-01-12,167.391495
2015-01-13,166.920700
2015-01-14,165.912979
2015-01-15,164.393112
2015-01-16,166.548981
2015-01-20,166.904221
2015-01-21,167.746658
2015-01-22,170.241287
2015-01-23,169.307907
2015-01-26,169.704346
2015-01-27,167.465881
2015-01-28,165.318253
2015-01-29,166.846405
2015-01-30,164.748306
2015-02-02,166.788528
2015-02-03,169.200485
2015-02-04,168.556259
2015-02-05,170.257782
2015-02-06,169.787003
2015-02-09,169.027054
2015-02-10,170.827728
2015-02-11,170.926849
2015-02-12,172.570618
2015-02-13,173.280991
2015-02-17,173.553635
2015-02-18,173.570129
2015-02-19,173.446198
2015-02-20,174.487030
2015-02-23,174.462219
2015-02-24,174.957809
2015-02-25,174.809128
2015-02-26,174.602600
2015-02-27,174.007904
2015-03-02,175.106461
2015-03-03,174.387909
2015-03-04,173.652695
2015-03-05,173.842667
2015-03-06,171.397690
2015-03-09,172.108078
2015-03-10,169.316162
2015-03-11,168.919586
2015-03-12,171.067245
2015-03-13,170.018234
2015-03-16,172.289795
2015-03-17,171.777649
2015-03-18,173.842667
2015-03-19,173.049713
2015-03-20,174.577225
2015-03-23,174.237015
2015-03-24,173.257980
2015-03-25,170.719055
2015-03-26,170.312546
2015-03-27,170.702484
2015-03-30,172.785065
2015-03-31,171.275009
2015-04-01,170.669342
2015-04-02,171.283310
2015-04-06,172.436539
2015-04-07,171.980194
2015-04-08,172.561020
2015-04-09,173.324356
2015-04-10,174.270203
2015-04-13,173.482025
2015-04-14,173.813828
2015-04-15,174.593765
2015-04-16,174.544037
2015-04-17,172.536118
2015-04-20,174.112640
2015-04-21,173.905182
2015-04-22,174.759705
2015-04-23,175.199463
2015-04-24,175.606049
2015-04-27,174.875900
2015-04-28,175.431824
2015-04-29,174.709991
2015-04-30,172.959290
2015-05-01,174.834381
2015-05-04,175.332230
2015-05-05,173.324356
2015-05-06,172.610825
2015-05-07,173.299484
2015-05-08,175.581146
2015-05-11,174.743149
2015-05-12,174.220428
2015-05-13,174.253601
2015-05-14,176.070694
2015-05-15,176.261520
2015-05-18,176.809143
2015-05-19,176.751068
2015-05-20,176.626617
2015-05-21,177.140945
2015-05-22,176.717850
2015-05-26,174.817856
2015-05-27,176.477280
2015-05-28,176.278076
2015-05-29,175.182831
2015-06-01,175.539673
2015-06-02,175.365463
2015-06-03,175.830048
2015-06-04,174.344849
2015-06-05,174.046188
2015-06-08,172.975891
2015-06-09,172.950974
2015-06-10,175.025269
2015-06-11,175.589432
2015-06-12,174.245300
2015-06-15,173.498581
2015-06-16,174.444489
2015-06-17,174.726547
2015-06-18,176.543640
2015-06-19,175.759857
2015-06-22,176.660309
2015-06-23,176.785400
2015-06-24,175.501465
2015-06-25,174.967789
2015-06-26,174.934509
2015-06-29,171.266037
2015-06-30,171.624527
2015-07-01,173.000259
2015-07-02,172.841766
2015-07-06,172.349945
2015-07-07,173.433731
2015-07-08,170.524002
2015-07-09,170.832474
2015-07-10,172.983566
2015-07-13,174.892792
2015-07-14,175.651474
2015-07-15,175.593140
2015-07-16,177.002182
2015-07-17,177.152313
2015-07-20,177.243958
2015-07-21,176.543579
2015-07-22,176.226807
2015-07-23,175.234589
2015-07-24,173.417099
2015-07-27,172.408249
2015-07-28,174.525955
2015-07-29,175.726532
2015-07-30,175.768234
2015-07-31,175.501465
2015-08-03,174.909454
2015-08-04,174.567657
2015-08-05,175.142899
2015-08-06,173.708878
2015-08-07,173.375381
2015-08-10,175.559814
2015-08-11,173.975662
2015-08-12,174.184113
2015-08-13,173.967392
2015-08-14,174.600937
2015-08-17,175.576462
2015-08-18,175.067871
2015-08-19,173.683884
2015-08-20,170.057144
2015-08-21,164.937988
2015-08-24,157.992950
2015-08-25,156.133759
2015-08-26,162.128296
2015-08-27,166.138580
2015-08-28,166.146927
2015-08-31,164.804596
2015-09-01,159.885574
2015-09-02,162.920319
2015-09-03,163.037003
2015-09-04,160.569199
2015-09-08,164.604477
2015-09-09,162.403442
2015-09-10,163.287231
2015-09-11,164.029221
2015-09-14,163.420532
2015-09-15,165.463272
2015-09-16,166.897263
2015-09-17,166.522095
2015-09-18,163.800858
2015-09-21,164.647339
2015-09-22,162.510223
2015-09-23,162.250443
2015-09-24,161.663803
2015-09-25,161.621857
2015-09-28,157.565643
2015-09-29,157.657806
2015-09-30,160.599411
2015-10-01,161.018509
2015-10-02,163.423767
2015-10-05,166.331863
2015-10-06,165.761948
2015-10-07,167.119629
2015-10-08,168.628189
2015-10-09,168.728729
2015-10-12,168.887955
2015-10-13,167.823624
2015-10-14,167.019073
2015-10-15,169.583557
2015-10-16,170.354568
2015-10-19,170.438400
2015-10-20,170.220505
2015-10-21,169.164536
2015-10-22,172.022339
2015-10-23,173.907974
2015-10-26,173.480637
2015-10-27,173.145355
2015-10-28,175.114807
2015-10-29,175.014221
2015-10-30,174.260010
2015-11-02,176.321640
2015-11-03,176.832855
2015-11-04,176.296509
2015-11-05,176.120483
2015-11-06,176.028320
2015-11-09,174.385757
2015-11-10,174.787949
2015-11-11,174.100739
2015-11-12,171.670380
2015-11-13,169.742798
2015-11-16,172.323944
2015-11-17,172.198303
2015-11-18,174.930420
2015-11-19,174.779572
2015-11-20,175.416580
2015-11-23,175.215408
2015-11-24,175.450043
2015-11-25,175.424927
2015-11-27,175.626022
2015-11-30,174.896957
2015-12-01,176.564667
2015-12-02,174.762802
2015-12-03,172.315613
2015-12-04,175.676315
2015-12-07,174.611969
2015-12-08,173.438721
2015-12-09,172.089386
2015-12-10,172.533493
2015-12-11,169.189682
2015-12-14,170.044510
2015-12-15,171.829620
2015-12-16,174.343781
2015-12-17,171.687103
2015-12-18,168.628540
2015-12-21,170.019562
2015-12-22,171.562332
2015-12-23,173.686844
2015-12-24,173.400192
2015-12-28,173.004013
2015-12-29,174.850296
2015-12-30,173.610962
2015-12-31,171.874252
2016-01-04,169.471573
2016-01-05,169.758163
2016-01-06,167.616852
2016-01-07,163.595459
2016-01-08,161.799744
2016-01-11,161.959885
2016-01-12,163.266678
2016-01-13,159.194672
2016-01-14,161.808121
2016-01-15,158.334778
2016-01-19,158.545517
2016-01-20,156.513733
2016-01-21,157.390533
2016-01-22,160.619415
2016-01-25,158.191422
2016-01-26,160.349670
2016-01-27,158.604614
2016-01-28,159.430710
2016-01-29,163.317261
2016-02-01,163.258255
2016-02-02,160.315948
2016-02-03,161.277023
2016-02-04,161.529953
2016-02-05,158.452774
2016-02-08,156.319809
2016-02-09,156.328247
2016-02-10,156.193420
2016-02-11,154.161606
2016-02-12,157.339905
2016-02-16,159.995575
2016-02-17,162.609070
2016-02-18,161.943039
2016-02-19,161.867172
2016-02-22,164.210892
2016-02-23,162.136978
2016-02-24,162.878799
2016-02-25,164.851532
2016-02-26,164.472214
2016-02-29,163.182312
2016-03-01,167.018250
2016-03-02,167.768585
2016-03-03,168.426178
2016-03-04,168.974121
2016-03-07,169.109070
2016-03-08,167.262772
2016-03-09,168.088943
2016-03-10,168.223816
2016-03-11,170.938477
2016-03-14,170.719299
2016-03-15,170.441071
2016-03-16,171.427444
2016-03-17,172.514984
2016-03-18,173.192902
2016-03-21,173.438660
2016-03-22,173.345535
2016-03-23,172.201447
2016-03-24,172.125198
2016-03-28,172.226883
2016-03-29,173.819992
2016-03-30,174.582672
2016-03-31,174.158920
2016-04-01,175.345291
2016-04-04,174.777603
2016-04-05,173.031921
2016-04-06,174.921616
2016-04-07,172.828522
2016-04-08,173.294556
2016-04-11,172.887863
2016-04-12,174.497971
2016-04-13,176.260544
2016-04-14,176.268936
2016-04-15,176.074142
2016-04-18,177.311310
2016-04-19,177.870575
2016-04-20,178.040131
2016-04-21,177.082458
2016-04-22,177.082458
2016-04-25,176.777435
2016-04-26,177.040161
2016-04-27,177.404510
2016-04-28,175.794479
2016-04-29,174.845337
2016-05-02,176.235077
2016-05-03,174.701279
2016-05-04,173.726776
2016-05-05,173.692902
2016-05-06,174.328430
2016-05-09,174.472504
2016-05-10,176.641861
2016-05-11,174.989410
2016-05-12,175.040344
2016-05-13,173.514908
2016-05-16,175.226715
2016-05-17,173.591202
2016-05-18,173.641998
2016-05-19,173.040344
2016-05-20,174.133560
2016-05-23,173.896301
2016-05-24,176.150345
2016-05-25,177.345200
2016-05-26,177.396057
2016-05-27,178.158722
2016-05-31,177.819717
2016-06-01,178.184143
2016-06-02,178.726501
2016-06-03,178.192627
2016-06-06,179.099335
2016-06-07,179.378983
2016-06-08,179.963684
2016-06-09,179.718018
2016-06-10,178.014648
2016-06-13,176.641861
2016-06-14,176.294357
2016-06-15,176.048691
2016-06-16,176.574051
2016-06-17,175.916534
2016-06-20,177.049347
2016-06-21,177.551971
2016-06-22,177.262283
2016-06-23,179.570786
2016-06-24,173.122482
2016-06-27,170.021927
2016-06-28,173.088455
2016-06-29,176.035736
2016-06-30,178.437836
2016-07-01,178.812637
2016-07-05,177.526428
2016-07-06,178.591156
2016-07-07,178.480438
2016-07-08,181.138077
2016-07-11,181.776917
2016-07-12,183.097244
2016-07-13,183.071716
2016-07-14,184.093826
2016-07-15,183.846817
2016-07-18,184.340881
2016-07-19,184.153473
2016-07-20,184.920090
2016-07-21,184.221619
2016-07-22,185.047913
2016-07-25,184.545380
2016-07-26,184.630554
2016-07-27,184.434616
2016-07-28,184.647552
2016-07-29,184.945679
2016-08-01,184.792358
2016-08-02,183.608322
2016-08-03,184.144958
2016-08-04,184.340881
2016-08-05,185.848557
2016-08-08,185.737854
2016-08-09,185.848557
2016-08-10,185.388657
2016-08-11,186.249008
2016-08-12,186.087158
2016-08-15,186.623749
2016-08-16,185.661224
2016-08-17,186.010452
2016-08-18,186.427811
2016-08-19,186.155228
2016-08-22,186.146729
2016-08-23,186.521545
2016-08-24,185.567474
2016-08-25,185.439743
2016-08-26,185.090515
2016-08-29,186.001923
2016-08-30,185.695297
2016-08-31,185.167160
2016-09-01,185.175613
2016-09-02,186.010452
2016-09-06,186.572632
2016-09-07,186.555588
2016-09-08,186.129730
2016-09-09,181.674683
2016-09-12,184.281281
2016-09-13,181.632126
2016-09-14,181.563965
2016-09-15,183.378311
2016-09-16,182.669479
2016-09-19,182.703720
2016-09-20,182.712296
2016-09-21,184.766983
2016-09-22,185.931259
2016-09-23,184.912567
2016-09-26,183.414307
2016-09-27,184.552948
2016-09-28,185.468933
2016-09-29,183.791000
2016-09-30,185.177963
2016-10-03,184.732727
2016-10-04,183.791000
2016-10-05,184.604340
2016-10-06,184.732727
2016-10-07,184.099167
2016-10-10,185.058029
2016-10-11,182.720825
2016-10-12,182.960571
2016-10-13,182.361237
2016-10-14,182.455475
2016-10-17,181.821915
2016-10-18,182.960571
2016-10-19,183.448532
2016-10-20,183.106110
2016-10-21,183.191727
2016-10-24,183.970764
2016-10-25,183.354340
2016-10-26,182.986252
2016-10-27,182.498291
2016-10-28,181.958908
2016-10-31,181.967499
2016-11-01,180.649033
2016-11-02,179.561798
2016-11-03,178.739822
2016-11-04,178.542999
2016-11-07,182.481125
2016-11-08,183.303040
2016-11-09,185.246414
2016-11-10,185.708633
2016-11-11,185.280624
2016-11-14,185.426193
2016-11-15,186.873016
2016-11-16,186.521988
2016-11-17,187.480881
2016-11-18,187.061386
2016-11-21,188.473923
2016-11-22,188.842087
2016-11-23,188.944809
2016-11-25,189.646774
2016-11-28,188.756470
2016-11-29,189.124664
2016-11-30,188.670853
2016-12-01,187.977402
2016-12-02,188.071594
2016-12-05,189.201675
2016-12-06,189.800903
2016-12-07,192.283661
2016-12-08,192.754547
2016-12-09,193.918869
2016-12-12,193.696259
2016-12-13,194.988968
2016-12-14,193.379501
2016-12-15,194.175674
2016-12-16,193.795853
2016-12-19,194.217834
2016-12-20,194.967102
2016-12-21,194.424545
2016-12-22,194.088745
2016-12-23,194.372925
2016-12-27,194.855148
2016-12-28,193.244766
2016-12-29,193.201691
2016-12-30,192.495544
2017-01-03,193.968140
2017-01-04,195.122086
2017-01-05,194.967102
2017-01-06,195.664658
2017-01-09,195.018753
2017-01-10,195.018753
2017-01-11,195.569962
2017-01-12,195.079041
2017-01-13,195.526855
2017-01-17,194.837906
2017-01-18,195.268524
2017-01-19,194.545166
2017-01-20,195.259903
2017-01-23,194.751770
2017-01-24,196.000519
2017-01-25,197.697006
2017-01-26,197.490341
2017-01-27,197.180252
2017-01-30,195.957428
2017-01-31,195.940216
2017-02-01,196.017700
2017-02-02,196.146881
2017-02-03,197.498871
2017-02-06,197.145782
2017-02-07,197.154434
2017-02-08,197.412781
2017-02-09,198.583969
2017-02-10,199.367661
2017-02-13,200.452682
2017-02-14,201.253586
2017-02-15,202.304199
2017-02-16,202.131943
2017-02-17,202.450577
2017-02-21,203.656265
2017-02-22,203.475372
2017-02-23,203.613113
2017-02-24,203.871536
2017-02-27,204.190170
2017-02-28,203.638992
2017-03-01,206.489456
2017-03-02,205.189087
2017-03-03,205.318283
2017-03-06,204.706863
2017-03-07,204.095413
2017-03-08,203.716446
2017-03-09,203.974854
2017-03-10,204.689560
2017-03-13,204.792969
2017-03-14,204.009308
2017-03-15,205.774673
2017-03-16,205.369934
2017-03-17,205.009247
2017-03-20,204.784409
2017-03-21,202.155075
2017-03-22,202.630768
2017-03-23,202.414536
2017-03-24,202.267502
2017-03-27,202.059921
2017-03-28,203.530319
2017-03-29,203.720520
2017-03-30,204.369217
2017-03-31,203.893539
2017-04-03,203.538940
2017-04-04,203.668655
2017-04-05,203.063187
2017-04-06,203.634048
2017-04-07,203.426468
2017-04-10,203.547546
2017-04-11,203.305374
2017-04-12,202.414536
2017-04-13,201.099869
2017-04-17,202.881607
2017-04-18,202.276154
2017-04-19,201.904251
2017-04-20,203.547546
2017-04-21,202.898849
2017-04-24,205.130371
2017-04-25,206.323959
2017-04-26,206.194214
2017-04-27,206.367172
2017-04-28,205.917435
2017-05-01,206.436371
2017-05-02,206.514191
2017-05-03,206.263351
2017-05-04,206.505569
2017-05-05,207.318527
2017-05-08,207.283951
2017-05-09,207.093750
2017-05-10,207.465622
2017-05-11,207.041824
2017-05-12,206.695847
2017-05-15,207.837494
2017-05-16,207.647247
2017-05-17,203.962723
2017-05-18,204.784409
2017-05-19,206.116379
2017-05-22,207.162918
2017-05-23,207.621231
2017-05-24,208.105652
2017-05-25,209.100250
2017-05-26,209.057068
2017-05-30,208.875397
2017-05-31,208.823517
2017-06-01,210.484100
2017-06-02,211.184708
2017-06-05,211.029083
2017-06-06,210.354401
2017-06-07,210.743622
2017-06-08,210.847382
2017-06-09,210.527374
2017-06-12,210.484100
2017-06-13,211.513367
2017-06-14,211.245285
2017-06-15,210.838745
2017-06-16,210.884781
2017-06-19,212.640427
2017-06-20,211.206360
2017-06-21,211.154266
2017-06-22,211.058640
2017-06-23,211.310684
2017-06-26,211.449753
2017-06-27,209.746231
2017-06-28,211.623611
2017-06-29,209.763641
2017-06-30,210.154724
2017-07-03,210.511108
2017-07-05,210.997818
2017-07-06,209.068375
2017-07-07,210.424133
2017-07-10,210.650116
2017-07-11,210.493713
2017-07-12,212.075470
2017-07-13,212.431900
2017-07-14,213.422668
2017-07-17,213.396576
2017-07-18,213.509613
2017-07-19,214.665466
2017-07-20,214.761108
2017-07-21,214.569916
2017-07-24,214.517776
2017-07-25,215.039215
2017-07-26,215.047882
2017-07-27,214.847992
2017-07-28,214.596024
2017-07-31,214.474289
2017-08-01,214.952316
2017-08-02,215.056656
2017-08-03,214.639465
2017-08-04,215.030563
2017-08-07,215.430344
2017-08-08,214.900177
2017-08-09,214.891525
2017-08-10,211.858231
2017-08-11,212.171082
2017-08-14,214.274414
2017-08-15,214.248337
2017-08-16,214.622086
2017-08-17,211.275894
2017-08-18,210.945633
2017-08-21,211.110779
2017-08-22,213.318359
2017-08-23,212.553528
2017-08-24,212.058197
2017-08-25,212.553528
2017-08-28,212.562195
2017-08-29,212.805588
2017-08-30,213.813751
2017-08-31,215.100098
2017-09-01,215.404266
2017-09-05,213.857193
2017-09-06,214.587357
2017-09-07,214.561264
2017-09-08,214.309174
2017-09-11,216.594955
2017-09-12,217.325058
2017-09-13,217.429321
2017-09-14,217.359787
2017-09-15,217.652466
2017-09-18,218.115326
2017-09-19,218.333679
2017-09-20,218.412277
2017-09-21,217.827103
2017-09-22,217.870789
2017-09-25,217.425308
2017-09-26,217.556381
2017-09-27,218.403580
2017-09-28,218.665634
2017-09-29,219.434204
2017-10-02,220.386307
2017-10-03,220.857910
2017-10-04,221.119949
2017-10-05,222.430115
2017-10-06,222.176804
2017-10-09,221.809982
2017-10-10,222.395142
2017-10-11,222.744583
2017-10-12,222.412674
2017-10-13,222.683395
2017-10-16,222.980347
2017-10-17,223.137650
2017-10-18,223.355957
2017-10-19,223.417114
2017-10-20,224.570084
2017-10-23,223.696609
2017-10-24,224.089615
2017-10-25,222.980347
2017-10-26,223.268631
2017-10-27,225.094131
2017-10-30,224.255585
2017-10-31,224.604965
2017-11-01,224.901917
2017-11-02,224.989334
2017-11-03,225.740479
2017-11-06,226.089813
2017-11-07,225.932632
2017-11-08,226.316925
2017-11-09,225.495926
2017-11-10,225.426010
2017-11-13,225.635635
2017-11-14,225.111588
2017-11-15,223.984833
2017-11-16,225.888947
2017-11-17,225.225128
2017-11-20,225.609436
2017-11-21,227.085541
2017-11-22,226.884689
2017-11-24,227.408691
2017-11-27,227.295135
2017-11-28,229.601089
2017-11-29,229.461273
2017-11-30,231.470230
2017-12-01,230.989838
2017-12-04,230.710297
2017-12-05,229.880600
2017-12-06,229.924210
2017-12-07,230.649246
2017-12-08,231.906998
2017-12-11,232.605698
2017-12-12,233.016296
2017-12-13,232.989975
2017-12-14,232.037964
2017-12-15,233.970230
2017-12-18,235.453964
2017-12-19,234.549652
2017-12-20,234.426758
2017-12-21,234.909531
2017-12-22,234.848129
2017-12-26,234.567230
2017-12-27,234.681335
2017-12-28,235.164215
2017-12-29,234.277527
2018-01-02,235.954315
2018-01-03,237.446747
2018-01-04,238.447525
2018-01-05,240.036530
2018-01-08,240.475464
2018-01-09,241.019821
2018-01-10,240.651093
2018-01-11,242.406921
2018-01-12,243.987106
2018-01-16,243.153076
2018-01-17,245.470810
2018-01-18,245.058258
2018-01-19,246.173096
2018-01-22,248.174728
2018-01-23,248.701508
2018-01-24,248.604874
2018-01-25,248.710236
2018-01-26,251.589691
2018-01-29,249.921799
2018-01-30,247.358276
2018-01-31,247.481125
2018-02-01,247.200272
2018-02-02,241.818726
2018-02-05,231.705200
2018-02-06,236.270386
2018-02-07,234.988632
2018-02-08,226.174438
2018-02-09,229.571915
2018-02-12,232.943130
2018-02-13,233.522491
2018-02-14,236.674179
2018-02-15,239.694214
2018-02-16,239.764374
2018-02-20,238.263184
2018-02-21,237.078064
2018-02-22,237.385315
2018-02-23,241.169052
2018-02-26,243.969574
2018-02-27,240.923233
2018-02-28,238.482635
2018-03-01,235.014969
2018-03-02,236.226395
2018-03-05,238.956787
2018-03-06,239.562561
2018-03-07,239.474701
2018-03-08,240.633575
2018-03-09,244.821060
2018-03-12,244.513870
2018-03-13,242.933670
2018-03-14,241.686966
2018-03-15,241.423630
2018-03-16,241.685440
2018-03-19,238.415375
2018-03-20,238.820770
2018-03-21,238.362335
2018-03-22,232.404099
2018-03-23,227.450485
2018-03-26,233.673248
2018-03-27,229.698120
2018-03-28,229.019394
2018-03-29,231.945755
2018-04-02,226.939316
2018-04-03,229.847931
2018-04-04,232.307098
2018-04-05,234.140442
2018-04-06,228.922455
2018-04-09,230.050705
2018-04-10,233.708603
2018-04-11,232.483398
2018-04-12,234.396118
2018-04-13,233.708603
2018-04-16,235.630020
2018-04-17,238.150940
2018-04-18,238.327194
2018-04-19,237.005096
2018-04-20,234.995422
2018-04-23,234.960190
2018-04-24,231.795883
2018-04-25,232.368851
2018-04-26,234.731033
2018-04-27,234.951324
2018-04-30,233.144440
2018-05-01,233.558746
2018-05-02,231.989777
2018-05-03,231.478577
2018-05-04,234.475403
2018-05-07,235.268631
2018-05-08,235.268631
2018-05-09,237.542725
2018-05-10,239.763885
2018-05-11,240.495483
2018-05-14,240.610138
2018-05-15,238.953049
2018-05-16,239.957870
2018-05-17,239.755081
2018-05-18,239.155670
2018-05-21,240.953873
2018-05-22,240.283920
2018-05-23,240.944977
2018-05-24,240.451385
2018-05-25,239.878510
2018-05-29,237.119644
2018-05-30,240.283920
2018-05-31,238.811890
2018-06-01,241.156647
2018-06-04,242.302292
2018-06-05,242.478729
2018-06-06,244.505981
2018-06-07,244.479507
2018-06-08,245.202332
2018-06-11,245.528397
2018-06-12,245.845795
2018-06-13,245.061264
2018-06-14,245.678238
2018-06-15,245.364853
2018-06-18,244.860245
2018-06-19,243.921677
2018-06-20,244.337708
2018-06-21,242.806107
2018-06-22,243.248886
2018-06-25,239.937439
2018-06-26,240.468704
2018-06-27,238.476639
2018-06-28,239.840103
2018-06-29,240.185425
2018-07-02,240.698868
2018-07-03,239.848953
2018-07-05,241.805588
2018-07-06,243.850830
2018-07-09,246.046600
2018-07-10,246.931976
2018-07-11,245.125824
2018-07-12,247.348022
2018-07-13,247.542938
2018-07-16,247.321518
2018-07-17,248.321930
2018-07-18,248.844391
2018-07-19,247.905899
2018-07-20,247.622482
2018-07-23,248.082962
2018-07-24,249.331238
2018-07-25,251.456268
2018-07-26,250.863022
2018-07-27,249.163101
2018-07-30,247.861618
2018-07-31,249.083359
2018-08-01,248.667252
2018-08-02,250.021973
2018-08-03,251.093292
2018-08-06,252.013992
2018-08-07,252.846298
2018-08-08,252.740067
2018-08-09,252.394775
2018-08-10,250.703720
2018-08-13,249.765228
2018-08-14,251.358902
2018-08-15,249.481857
2018-08-16,251.500519
2018-08-17,252.385864
2018-08-20,252.925888
2018-08-21,253.519241
2018-08-22,253.368652
2018-08-23,253.032181
2018-08-24,254.555176
2018-08-27,256.564819
2018-08-28,256.688782
2018-08-29,258.069977
2018-08-30,257.025269
2018-08-31,257.034058
2018-09-04,256.591400
2018-09-05,255.900909
2018-09-06,255.130493
2018-09-07,254.634674
2018-09-10,255.077408
2018-09-11,255.918579
2018-09-12,255.980606
2018-09-13,257.494476
2018-09-14,257.538818
2018-09-17,256.175262
2018-09-18,257.565338
2018-09-19,257.839874
2018-09-20,259.929260
2018-09-21,259.691864
2018-09-24,258.829224
2018-09-25,258.588989
2018-09-26,257.815216
2018-09-27,258.535583
2018-09-28,258.562317
2018-10-01,259.460571
2018-10-02,259.309357
2018-10-03,259.451660
2018-10-04,257.423859
2018-10-05,255.983124
2018-10-08,255.983124
2018-10-09,255.609558
2018-10-10,247.516220
2018-10-11,242.064224
2018-10-12,245.426102
2018-10-15,244.047501
2018-10-16,249.383789
2018-10-17,249.428360
2018-10-18,245.826324
2018-10-19,245.692902
2018-10-22,244.590103
2018-10-23,243.344894
2018-10-24,235.971924
2018-10-25,240.205353
2018-10-26,235.980759
2018-10-29,234.673386
2018-10-30,238.150848
2018-10-31,240.694550
2018-11-01,243.256042
2018-11-02,241.815170
2018-11-05,243.149261
2018-11-06,244.687958
2018-11-07,249.926422
2018-11-08,249.472855
2018-11-09,247.035873
2018-11-12,242.420013
2018-11-13,241.966385
2018-11-14,240.312119
2018-11-15,242.820175
2018-11-16,243.451645
2018-11-19,239.333786
2018-11-20,234.904663
2018-11-21,235.705124
2018-11-23,234.130890
2018-11-26,237.910828
2018-11-27,238.711151
2018-11-28,244.207672
2018-11-29,243.674026
2018-11-30,245.159286
2018-12-03,248.405609
2018-12-04,240.356506
2018-12-06,239.991974
2018-12-07,234.415512
2018-12-10,234.860184
2018-12-11,234.913544
2018-12-12,236.096390
2018-12-13,236.016373
2018-12-14,231.658371
2018-12-17,227.113663
2018-12-18,226.864609
2018-12-19,223.467117
2018-12-20,219.829544
2018-12-21,215.325317
2018-12-24,209.635849
2018-12-26,220.227615
2018-12-27,221.918396
2018-12-28,221.632141
2018-12-31,223.573349
2019-01-02,223.805908
2019-01-03,218.465302
2019-01-04,225.782974
2019-01-07,227.563202
2019-01-08,229.701248
2019-01-09,230.774765
2019-01-10,231.588821
2019-01-11,231.678253
2019-01-14,230.264816
2019-01-15,232.903839
2019-01-16,233.467422
2019-01-17,235.238647
2019-01-18,238.369675
2019-01-22,235.149261
2019-01-23,235.641296
2019-01-24,235.766541
2019-01-25,237.761444
2019-01-28,235.954346
2019-01-29,235.641296
2019-01-30,239.371582
2019-01-31,241.473969
2019-02-01,241.590256
2019-02-04,243.289963
2019-02-05,244.309753
2019-02-06,243.987656
2019-02-07,241.661743
2019-02-08,241.956940
2019-02-11,242.091171
2019-02-12,245.204254
2019-02-13,246.000397
2019-02-14,245.454803
2019-02-15,248.129578
2019-02-19,248.559006
2019-02-20,249.059952
2019-02-21,248.174301
2019-02-22,249.713058
2019-02-25,250.053009
2019-02-26,249.873978
2019-02-27,249.766647
2019-02-28,249.301483
2019-03-01,250.858017
2019-03-04,249.945618
2019-03-05,249.605667
2019-03-06,248.093811
2019-03-07,246.018387
2019-03-08,245.526321
2019-03-11,249.086823
2019-03-12,250.026047
2019-03-13,251.681061
2019-03-14,251.520065
2019-03-15,252.762665
2019-03-18,253.679169
2019-03-19,253.742096
2019-03-20,252.978271
2019-03-21,255.835632
2019-03-22,250.911758
2019-03-25,250.723145
2019-03-26,252.592010
2019-03-27,251.271149
2019-03-28,252.223572
2019-03-29,253.813950
2019-04-01,256.824066
2019-04-02,256.949799
2019-04-03,257.354095
2019-04-04,258.036987
2019-04-05,259.285980
2019-04-08,259.483582
2019-04-09,258.153870
2019-04-10,259.034393
2019-04-11,258.962494
2019-04-12,260.714569
2019-04-15,260.543793
2019-04-16,260.714569
2019-04-17,260.076660
2019-04-18,260.588806
2019-04-22,260.813385
2019-04-23,263.158600
2019-04-24,262.574585
2019-04-25,262.412750
2019-04-26,263.634766
2019-04-29,264.048187
2019-04-30,264.182861
2019-05-01,262.197052
2019-05-02,261.631073
2019-05-03,264.191833
2019-05-06,263.104675
2019-05-07,258.710968
2019-05-08,258.351471
2019-05-09,257.569763
2019-05-10,258.863678
2019-05-13,252.358276
2019-05-14,254.640503
2019-05-15,256.132111
2019-05-16,258.504242
2019-05-17,256.832977
2019-05-20,255.134827
2019-05-21,257.434967
2019-05-22,256.644348
2019-05-23,253.508484
2019-05-24,254.083511
2019-05-28,251.720383
2019-05-29,250.031204
2019-05-30,250.714081
2019-05-31,247.335602
2019-06-03,246.706696
2019-06-04,252.061844
2019-06-05,254.245239
2019-06-06,255.898544
2019-06-07,258.459320
2019-06-10,259.645386
2019-06-11,259.582397
2019-06-12,259.124207
2019-06-13,260.193390
2019-06-14,259.905914
2019-06-17,260.004700
2019-06-18,262.727173
2019-06-19,263.320312
2019-06-20,265.836060
2019-06-21,265.449799
2019-06-24,265.124695
2019-06-25,262.524323
2019-06-26,262.262482
2019-06-27,263.192535
2019-06-28,264.546875
2019-07-01,266.948547
2019-07-02,267.643799
2019-07-03,269.783539
2019-07-05,269.476624
2019-07-08,267.995850
2019-07-09,268.329865
2019-07-10,269.612152
2019-07-11,270.244141
2019-07-12,271.453979
2019-07-15,271.544281
2019-07-16,270.668396
2019-07-17,268.826538
2019-07-18,269.810669
2019-07-19,268.311798
2019-07-22,268.970978
2019-07-23,270.894104
2019-07-24,272.167236
2019-07-25,270.867096
2019-07-26,272.681915
2019-07-29,272.185242
2019-07-30,271.517181
2019-07-31,268.546692
2019-08-01,266.208191
2019-08-02,264.203705
2019-08-05,256.258270
2019-08-06,259.851715
2019-08-07,260.005280
2019-08-08,265.106598
2019-08-09,263.300751
2019-08-12,260.095612
2019-08-13,264.140564
2019-08-14,256.330627
2019-08-15,257.007690
2019-08-16,260.799896
2019-08-19,263.941895
2019-08-20,261.919403
2019-08-21,264.050232
2019-08-22,263.968872
2019-08-23,257.188324
2019-08-26,260.032379
2019-08-27,259.012054
2019-08-28,260.835999
2019-08-29,264.167603
2019-08-30,264.050232
2019-09-03,262.506287
2019-09-04,265.485840
2019-09-05,268.898743
2019-09-06,269.106415
2019-09-09,269.242004
2019-09-10,269.178650
2019-09-11,271.092712
2019-09-12,272.031830
2019-09-13,271.851257
2019-09-16,271.011536
2019-09-17,271.697754
2019-09-18,271.860260
2019-09-19,271.842102
2019-09-20,270.557739
2019-09-23,270.494354
2019-09-24,268.371735
2019-09-25,269.959167
2019-09-26,269.396790
2019-09-27,267.945343
2019-09-30,269.188171
2019-10-01,265.986145
2019-10-02,261.287659
2019-10-03,263.428345
2019-10-04,266.993011
2019-10-07,265.841125
2019-10-08,261.713928
2019-10-09,264.199341
2019-10-10,265.986145
2019-10-11,268.743683
2019-10-14,268.444336
2019-10-15,271.102020
2019-10-16,270.666656
2019-10-17,271.464905
2019-10-18,270.276581
2019-10-21,272.108856
2019-10-22,271.219879
2019-10-23,272.009125
2019-10-24,272.453644
2019-10-25,273.569183
2019-10-28,275.111237
2019-10-29,275.029572
2019-10-30,275.873138
2019-10-31,275.138458
2019-11-01,277.687347
2019-11-04,278.802979
2019-11-05,278.494568
2019-11-06,278.558044
2019-11-07,279.537659
2019-11-08,280.227051
2019-11-11,279.691925
2019-11-12,280.281464
2019-11-13,280.372131
2019-11-14,280.780304
2019-11-15,282.812195
2019-11-18,283.020813
2019-11-19,282.939148
2019-11-20,281.886841
2019-11-21,281.433441
2019-11-22,282.059265
2019-11-25,284.245331
2019-11-26,284.889221
2019-11-27,286.159119
2019-11-29,285.097931
2019-12-02,282.676147
2019-12-03,280.780304
2019-12-04,282.512817
2019-12-05,283.020813
2019-12-06,285.605988
2019-12-09,284.707916
2019-12-10,284.390381
2019-12-11,285.197723
2019-12-12,287.655884
2019-12-13,287.828308
2019-12-16,289.805603
2019-12-17,289.869080
2019-12-18,289.887238
2019-12-19,291.075470
2019-12-20,292.351562
2019-12-23,292.798248
2019-12-24,292.807343
2019-12-26,294.366119
2019-12-27,294.293152
2019-12-30,292.670654
2019-12-31,293.381622
2020-01-02,296.125244
2020-01-03,293.882904
2020-01-06,295.004059
2020-01-07,294.174622
2020-01-08,295.742432
2020-01-09,297.747803
2020-01-10,296.890961
2020-01-13,298.932678
2020-01-14,298.477081
2020-01-15,299.151459
2020-01-16,301.640045
2020-01-17,302.578827
2020-01-21,301.986359
2020-01-22,302.022797
2020-01-23,302.369202
2020-01-24,299.680206
2020-01-27,294.876556
2020-01-28,297.966553
2020-01-29,297.720428
2020-01-30,298.686646
2020-01-31,293.263031
2020-02-03,295.441650
2020-02-04,299.944458
2020-02-05,303.408295
2020-02-06,304.429169
2020-02-07,302.806763
2020-02-10,305.067291
2020-02-11,305.596008
2020-02-12,307.564880
2020-02-13,307.236633
2020-02-14,307.728912
2020-02-18,306.935883
2020-02-19,308.403412
2020-02-20,307.136505
2020-02-21,303.973511
2020-02-24,293.892029
2020-02-25,284.986481
2020-02-26,283.938232
2020-02-27,271.186127
2020-02-28,270.046692
2020-03-02,281.741394
2020-03-03,273.674469
2020-03-04,285.177948
2020-03-05,275.698151
2020-03-06,271.140503
2020-03-09,249.965942
2020-03-10,262.900421
2020-03-11,250.084473
2020-03-12,226.157043
2020-03-13,245.490387
2020-03-16,218.627914
2020-03-17,230.432114
2020-03-18,218.764633
2020-03-19,219.229477
2020-03-20,209.781982
2020-03-23,204.418228
2020-03-24,222.939224
2020-03-25,226.276657
2020-03-26,239.488892
2020-03-27,232.355560
2020-03-30,239.901474
2020-03-31,236.325638
2020-04-01,225.689880
2020-04-02,230.897736
2020-04-03,227.560318
2020-04-06,242.844635
2020-04-07,243.092224
2020-04-08,251.252472
2020-04-09,255.075836
2020-04-13,252.746979
2020-04-14,260.201172
2020-04-15,254.672318
2020-04-16,255.900986
2020-04-17,262.814331
2020-04-20,258.183990
2020-04-21,250.344788
2020-04-22,255.900986
2020-04-23,255.882660
2020-04-24,259.449371
2020-04-27,263.190216
2020-04-28,261.979950
2020-04-29,268.838196
2020-04-30,266.335083
2020-05-01,259.284363
2020-05-04,259.999542
2020-05-05,262.401764
2020-05-06,260.623016
2020-05-07,263.767792
2020-05-08,268.132172
2020-05-11,268.187195
2020-05-12,262.841797
2020-05-13,258.193237
2020-05-14,261.283112
2020-05-15,262.484314
2020-05-18,270.479309
2020-05-19,267.701294
2020-05-20,272.248871
2020-05-21,270.369415
2020-05-22,270.882904
2020-05-26,274.220184
2020-05-27,278.300354
2020-05-28,277.786896
2020-05-29,279.024689
2020-06-01,280.152405
2020-06-02,282.472198
2020-06-03,286.231476
2020-06-04,285.479553
2020-06-05,292.796265
2020-06-08,296.335388
2020-06-09,294.125671
2020-06-10,292.484528
2020-06-11,275.623108
2020-06-12,278.923859
2020-06-15,281.527832
2020-06-16,286.946503
2020-06-17,285.754608
2020-06-18,285.864655
2020-06-19,284.230865
2020-06-22,286.054321
2020-06-23,287.371246
2020-06-24,280.040802
2020-06-25,283.042908
2020-06-26,276.320343
2020-06-29,280.381531
2020-06-30,283.973114
2020-07-01,285.962219
2020-07-02,287.536987
2020-07-06,291.975769
2020-07-07,288.964417
2020-07-08,291.174561
2020-07-09,289.516998
2020-07-10,292.473175
2020-07-13,289.940552
2020-07-14,293.697937
2020-07-15,296.396149
2020-07-16,295.420105
2020-07-17,296.276398
2020-07-20,298.670837
2020-07-21,299.306366
2020-07-22,301.010010
2020-07-23,297.418457
2020-07-24,295.502869
2020-07-27,297.657928
2020-07-28,295.769989
2020-07-29,299.407623
2020-07-30,298.339355
2020-07-31,300.696869
2020-08-03,302.787354
2020-08-04,303.956879
2020-08-05,305.844788
2020-08-06,307.889191
2020-08-07,308.110229
2020-08-10,309.031189
2020-08-11,306.480194
2020-08-12,310.753296
2020-08-13,310.191467
2020-08-14,310.200684
2020-08-17,311.186066
2020-08-18,311.858398
2020-08-19,310.559906
2020-08-20,311.526886
2020-08-21,312.631958
2020-08-24,315.799896
2020-08-25,316.904938
2020-08-26,320.082214
2020-08-27,320.782104
2020-08-28,322.854095
2020-08-31,321.684479
2020-09-01,324.714325
2020-09-02,329.410980
2020-09-03,318.074615
2020-09-04,315.477600
2020-09-08,306.857758
2020-09-09,312.917419
2020-09-10,307.484009
2020-09-11,307.640594
2020-09-14,311.692596
2020-09-15,313.267365
2020-09-16,312.024048
2020-09-17,309.279816
2020-09-18,305.719208
2020-09-21,302.316711
2020-09-22,305.395569
2020-09-23,298.313110
2020-09-24,299.108246
2020-09-25,303.943970
2020-09-28,308.992218
2020-09-29,307.309509
2020-09-30,309.639435
2020-10-01,311.627350
2020-10-02,308.668610
2020-10-05,314.142273
2020-10-06,309.676514
2020-10-07,315.066864
2020-10-08,317.859131
2020-10-09,320.697693
2020-10-12,325.856903
2020-10-13,323.730316
2020-10-14,321.696167
2020-10-15,321.298706
2020-10-16,321.104492
2020-10-19,316.222626
2020-10-20,317.489288
2020-10-21,316.888367
2020-10-22,318.626556
2020-10-23,319.708374
2020-10-26,313.800171
2020-10-27,312.718445
2020-10-28,302.029999
2020-10-29,305.099701
2020-10-30,301.919098
2020-11-02,305.303101
2020-11-03,310.693512
2020-11-04,317.637207
2020-11-05,323.832031
2020-11-06,323.758148
2020-11-09,327.826385
2020-11-10,327.345642
2020-11-11,329.777283
2020-11-12,326.578125
2020-11-13,331.099457
2020-11-16,335.232422
2020-11-17,333.429443
2020-11-18,329.416656
2020-11-19,330.803558
2020-11-20,328.538239
2020-11-23,330.507690
2020-11-24,335.833405
2020-11-25,335.315674
2020-11-27,336.249481
2020-11-30,334.760864
2020-12-01,338.422302
2020-12-02,339.134186
2020-12-03,339.041779
2020-12-04,341.963470
2020-12-07,341.260773
2020-12-08,342.259369
2020-12-09,339.189697
2020-12-10,339.078735
2020-12-11,338.681152
2020-12-14,337.164734
2020-12-15,341.723114
2020-12-16,342.259369
2020-12-17,344.173370
2020-12-18,342.799042
2020-12-21,341.573334
2020-12-22,340.997681
2020-12-23,341.304077
2020-12-24,342.631927
2020-12-28,345.575439
2020-12-29,344.916107
2020-12-30,345.408264
2020-12-31,347.163239
2021-01-04,342.436981
2021-01-05,344.795441
2021-01-06,346.856842
2021-01-07,352.010162
2021-01-08,354.015839
2021-01-11,351.629517
2021-01-12,351.703766
2021-01-13,352.650879
2021-01-14,351.415863
2021-01-15,348.853119
2021-01-19,351.592255
2021-01-20,356.457916
2021-01-21,356.782867
2021-01-22,355.520050
2021-01-25,356.922211
2021-01-26,356.365112
2021-01-27,347.655396
2021-01-28,350.645233
2021-01-29,343.625488
2021-02-01,349.345276
2021-02-02,354.285187
2021-02-03,354.563690
2021-02-04,358.593536
2021-02-05,360.005005
2021-02-08,362.604889
2021-02-09,362.363434
2021-02-10,362.205566
2021-02-11,362.790527
2021-02-12,364.582642
2021-02-16,364.266876
2021-02-17,364.350494
2021-02-18,362.799866
2021-02-19,362.159088
2021-02-22,359.373474
2021-02-23,359.809906
2021-02-24,363.774750
2021-02-25,355.009399
2021-02-26,353.180115
2021-03-01,361.741272
2021-03-02,358.918549
2021-03-03,354.164398
2021-03-04,349.781738
2021-03-05,356.216492
2021-03-08,354.442932
2021-03-09,359.503571
2021-03-10,361.741272
2021-03-11,365.409027
2021-03-12,365.901215
2021-03-15,368.083221
2021-03-16,367.618958
2021-03-17,368.872528
2021-03-18,363.505554
2021-03-19,362.832947
2021-03-22,365.730194
2021-03-23,362.851532
2021-03-24,361.007019
2021-03-25,363.037933
2021-03-26,368.888184
2021-03-29,368.701965
2021-03-30,367.723755
2021-03-31,369.214264
2021-04-01,373.201416
2021-04-05,378.558075
2021-04-06,378.334503
2021-04-07,378.772278
2021-04-08,380.570251
2021-04-09,383.337158
2021-04-12,383.476807
2021-04-13,384.613342
2021-04-14,383.299896
2021-04-15,387.417419
2021-04-16,388.712341
2021-04-19,386.802460
2021-04-20,383.970581
2021-04-21,387.603729
2021-04-22,384.063629
2021-04-23,388.227936
2021-04-26,389.038330
2021-04-27,388.954529
2021-04-28,388.842712
2021-04-29,391.320770
2021-04-30,388.749542
2021-05-03,389.587982
2021-05-04,387.184509
2021-05-05,387.305634
2021-05-06,390.398468
2021-05-07,393.239807
2021-05-10,389.345764
2021-05-11,385.870972
2021-05-12,377.673126
2021-05-13,382.209930
2021-05-14,388.078857
2021-05-17,387.091370
2021-05-18,383.756287
2021-05-19,382.750153
2021-05-20,386.867767
2021-05-21,386.551056
2021-05-24,390.491699
2021-05-25,389.625244
2021-05-26,390.398468
2021-05-27,390.603455
2021-05-28,391.302063
2021-06-01,390.957458
2021-06-02,391.572296
2021-06-03,390.119049
2021-06-04,393.686981
2021-06-07,393.305054
2021-06-08,393.388916
2021-06-09,392.801910
2021-06-10,394.627838
2021-06-11,395.279968
2021-06-14,396.164948
2021-06-15,395.438354
2021-06-16,393.230408
2021-06-17,393.100067
2021-06-18,387.796997
2021-06-21,393.348694
2021-06-22,395.451569
2021-06-23,394.974976
2021-06-24,397.311523
2021-06-25,398.722778
2021-06-28,399.526581
2021-06-29,399.741547
2021-06-30,400.078064
2021-07-01,402.293121
2021-07-02,405.368011
2021-07-06,404.629669
2021-07-07,406.059723
2021-07-08,402.751129
2021-07-09,407.050354
2021-07-12,408.508453
2021-07-13,407.115845
2021-07-14,407.723358
2021-07-15,406.330719
2021-07-16,403.143616
2021-07-19,397.190002
2021-07-20,402.881927
2021-07-21,406.143799
2021-07-22,406.994293
2021-07-23,411.181488
2021-07-26,412.190887
2021-07-27,410.312256
2021-07-28,410.143951
2021-07-29,411.844971
2021-07-30,409.844910
2021-08-02,408.984985
2021-08-03,412.312317
2021-08-04,410.284210
2021-08-05,412.882477
2021-08-06,413.564789
2021-08-09,413.228302
2021-08-10,413.742310
2021-08-11,414.770447
2021-08-12,416.013489
2021-08-13,416.770569
2021-08-16,417.751923
2021-08-17,415.013428
2021-08-18,410.471069
2021-08-19,411.106628
2021-08-20,414.377869
2021-08-23,418.022980
2021-08-24,418.686523
2021-08-25,419.565094
2021-08-26,417.088348
2021-08-27,420.817413
2021-08-30,422.668091
2021-08-31,422.041931
2021-09-01,422.266174
2021-09-02,423.565247
2021-09-03,423.462555
2021-09-07,421.948395
2021-09-08,421.434418
2021-09-09,419.630493
2021-09-10,416.321960
2021-09-13,417.387451
2021-09-14,415.134918
2021-09-15,418.602417
2021-09-16,417.938843
2021-09-17,413.867645
2021-09-20,406.966766
2021-09-21,406.582336
2021-09-22,410.548492
2021-09-23,415.536621
2021-09-24,416.221130
2021-09-27,415.030334
2021-09-28,406.666748
2021-09-29,407.351135
2021-09-30,402.372406
2021-10-01,407.154358
2021-10-04,401.903625
2021-10-05,406.085358
2021-10-06,407.773102
2021-10-07,411.298584
2021-10-08,410.548492
2021-10-11,407.576233
2021-10-12,406.572906
2021-10-13,408.035614
2021-10-14,414.899078
2021-10-15,418.058868
2021-10-18,419.296539
2021-10-19,422.531342
2021-10-20,424.190918
2021-10-21,425.297363
2021-10-22,424.856689
2021-10-25,427.135010
2021-10-26,427.519501
2021-10-27,425.625519
2021-10-28,429.732269
2021-10-29,430.604309
2021-11-01,431.345032
2021-11-02,433.089020
2021-11-03,435.733093
2021-11-04,437.786469
2021-11-05,439.305420
2021-11-08,439.680450
2021-11-09,438.227112
2021-11-10,434.701721
2021-11-11,434.842316
2021-11-12,438.124023
2021-11-15,438.274017
2021-11-16,440.008667
2021-11-17,438.939758
2021-11-18,440.430603
2021-11-19,439.642975
2021-11-22,438.405243
2021-11-23,438.986633
2021-11-24,440.158691
2021-11-26,430.341766
2021-11-29,435.620575
2021-11-30,427.144470
2021-12-01,422.399994
2021-12-02,428.869720
2021-12-03,425.137970
2021-12-06,430.172974
2021-12-07,439.071045
2021-12-08,440.233704
2021-12-09,437.261444
2021-12-10,441.377563
2021-12-13,437.467682
2021-12-14,434.457916
2021-12-15,441.246338
2021-12-16,437.355133
2021-12-17,432.700470
2021-12-20,428.099396
2021-12-21,435.701965
2021-12-22,440.058441
2021-12-23,442.796570
2021-12-27,449.063080
2021-12-28,448.696106
2021-12-29,449.270050
2021-12-30,448.028076
2021-12-31,446.898895
2022-01-03,449.486450
2022-01-04,449.335938
2022-01-05,440.707703
2022-01-06,440.293732
2022-01-07,438.552979
2022-01-10,438.007294
2022-01-11,441.996735
2022-01-12,443.191681
2022-01-13,437.085144
2022-01-14,437.263916
2022-01-18,429.520142
2022-01-19,425.060211
2022-01-20,420.355591
2022-01-21,412.103790
2022-01-24,413.853882
2022-01-25,408.801147
2022-01-26,407.775482
2022-01-27,405.761993
2022-01-28,415.839233
2022-01-31,423.328949
2022-02-01,426.189270
2022-02-02,430.329376
2022-02-03,420.214478
2022-02-04,422.190369
2022-02-07,420.835449
2022-02-08,424.298065
2022-02-09,430.508148
2022-02-10,422.773773
2022-02-11,414.437225
2022-02-14,413.082275
2022-02-15,419.743988
2022-02-16,420.214478
2022-02-17,411.238068
2022-02-18,408.575287
2022-02-22,404.190582
2022-02-23,397.020874
2022-02-24,402.995667
2022-02-25,411.887329
2022-02-28,410.833435
2022-03-01,404.576324
2022-03-02,412.019073
2022-03-03,409.967834
2022-03-04,406.637054
2022-03-07,394.649750
2022-03-08,391.657562
2022-03-09,402.158264
2022-03-10,400.342255
2022-03-11,395.251953
2022-03-14,392.363312
2022-03-15,400.991516
2022-03-16,409.883209
2022-03-17,415.011200
2022-03-18,419.556732
2022-03-21,419.434052
2022-03-22,424.342010
2022-03-23,418.877197
2022-03-24,425.191437
2022-03-25,427.267914
2022-03-28,430.307129
2022-03-29,435.630310
2022-03-30,432.940430
2022-03-31,426.276855
2022-04-01,427.485046
2022-04-04,431.147034
2022-04-05,425.701172
2022-04-06,421.444336
2022-04-07,423.568054
2022-04-08,422.435394
2022-04-11,415.215088
2022-04-12,413.676575
2022-04-13,418.414734
2022-04-14,413.204681
2022-04-18,413.374542
2022-04-19,420.047516
2022-04-20,419.736023
2022-04-21,413.459473
2022-04-22,402.114563
2022-04-25,404.445770
2022-04-26,392.732727
2022-04-27,393.836945
2022-04-28,403.785126
2022-04-29,388.863007
2022-05-02,391.203766
2022-05-03,392.996948
2022-05-04,404.964905
2022-05-05,390.571411
2022-05-06,388.239990
2022-05-09,375.809631
2022-05-10,376.677948
2022-05-11,370.694000
2022-05-12,370.307007
2022-05-13,379.160278
2022-05-16,377.621796
2022-05-17,385.389648
2022-05-18,369.854004
2022-05-19,367.588776
2022-05-20,367.749268
2022-05-23,374.629852
2022-05-24,371.770050
2022-05-25,375.054596
2022-05-26,382.548706
2022-05-27,391.939972
2022-05-31,389.740753
2022-06-01,386.588287
2022-06-02,393.950287
2022-06-03,387.484985
2022-06-06,388.664764
2022-06-07,392.392914
2022-06-08,388.126740
2022-06-09,378.895996
2022-06-10,367.909607
2022-06-13,353.940857
2022-06-14,352.874207
2022-06-15,357.904938
2022-06-16,346.059753
2022-06-17,346.805725
2022-06-21,355.536133
2022-06-22,354.891510
2022-06-23,358.370392
2022-06-24,369.764313
2022-06-27,368.351929
2022-06-28,360.825439
2022-06-29,360.531647
2022-06-30,357.602509
2022-07-01,361.384705
2022-07-05,362.067230
2022-07-06,363.290039
2022-07-07,368.731140
2022-07-08,368.427887
2022-07-11,364.219025
2022-07-12,360.996063
2022-07-13,359.100189
2022-07-14,358.228149
2022-07-15,365.072205
2022-07-18,362.057709
2022-07-19,371.840271
2022-07-20,374.210083
2022-07-21,378.020752
2022-07-22,374.513428
2022-07-25,374.968445
2022-07-26,370.532166
2022-07-27,380.153625
2022-07-28,384.921631
2022-07-29,390.533264
2022-08-01,389.376801
2022-08-02,386.807953
2022-08-03,392.865204
2022-08-04,392.599762
2022-08-05,391.936188
2022-08-08,391.481171
2022-08-09,389.926575
2022-08-10,398.116577
2022-08-11,398.116577
2022-08-12,404.856384
2022-08-15,406.524658
2022-08-16,407.320923
2022-08-17,404.429810
2022-08-18,405.605194
2022-08-19,400.154694
2022-08-22,391.822449
2022-08-23,390.874542
2022-08-24,392.125824
2022-08-25,397.661682
2022-08-26,384.201202
2022-08-29,381.660736
2022-08-30,377.470917
2022-08-31,374.598785
2022-09-01,375.774261
2022-09-02,371.811859
2022-09-06,370.408905
2022-09-07,377.063324
2022-09-08,379.527954
2022-09-09,385.424011
2022-09-12,389.566437
2022-09-13,372.627136
2022-09-14,374.048920
2022-09-15,369.802216
2022-09-16,366.981110
2022-09-19,369.827026
2022-09-20,365.581909
2022-09-21,359.204773
2022-09-22,356.187561
2022-09-23,350.219666
2022-09-26,346.755066
2022-09-27,345.869904
2022-09-28,352.675323
2022-09-29,345.308289
2022-09-30,339.968628
2022-10-03,348.944214
2022-10-04,359.756836
2022-10-05,358.919220
2022-10-06,355.216644
2022-10-07,345.308289
2022-10-10,342.671692
2022-10-11,340.501678
2022-10-12,339.378479
2022-10-13,348.335114
2022-10-14,340.396942
2022-10-17,349.144104
2022-10-18,353.246429
2022-10-19,350.743134
2022-10-20,347.802063
2022-10-21,356.254089
2022-10-24,360.613495
2022-10-25,366.371979
2022-10-26,363.611572
2022-10-27,361.669983
2022-10-28,370.274353
2022-10-31,367.599792
2022-11-01,365.991211
2022-11-02,356.806183
2022-11-03,353.132233
2022-11-04,358.214874
2022-11-07,361.641479
2022-11-08,363.592651
2022-11-09,356.101868
2022-11-10,375.671112
2022-11-11,379.307068
2022-11-14,376.080353
2022-11-15,379.287994
2022-11-16,376.394531
2022-11-17,375.242859
2022-11-18,376.946533
2022-11-21,375.575928
2022-11-22,380.630096
2022-11-23,383.028748
2022-11-25,382.943054
2022-11-28,376.832367
2022-11-29,376.185150
2022-11-30,388.035217
2022-12-01,387.749664
2022-12-02,387.302277
2022-12-05,380.335022
2022-12-06,374.852600
2022-12-07,374.214874
2022-12-08,377.146454
2022-12-09,374.329102
2022-12-12,379.725891
2022-12-13,382.600372
2022-12-14,380.154144
2022-12-15,370.855011
2022-12-16,366.476593
2022-12-19,363.369019
2022-12-20,363.866272
2022-12-21,369.306915
2022-12-22,364.038361
2022-12-23,366.132385
2022-12-27,364.688507
2022-12-28,360.156250
2022-12-29,366.639130
2022-12-30,365.673431
2023-01-03,364.133972
2023-01-04,366.945160
2023-01-05,362.757050
2023-01-06,371.075867
2023-01-09,370.865479
2023-01-10,373.466309
2023-01-11,378.189911
2023-01-12,379.566803
2023-01-13,381.039276
2023-01-17,380.341248
2023-01-18,374.336426
2023-01-19,371.611420
2023-01-20,378.534058
2023-01-23,383.075989
2023-01-24,382.664825
2023-01-25,382.808258
2023-01-26,387.015472
2023-01-27,387.904633
2023-01-30,383.037750
2023-01-31,388.669647
2023-02-01,392.800323
2023-02-02,398.518311
2023-02-03,394.282471
2023-02-06,391.872864
2023-02-07,396.997986
2023-02-08,392.656952
2023-02-09,389.252869
2023-02-10,390.161255
2023-02-13,394.741394
2023-02-14,394.559753
2023-02-15,395.841095
2023-02-16,390.390778
2023-02-17,389.415405
2023-02-21,381.603394
2023-02-22,381.077545
2023-02-23,383.104614
2023-02-24,379.012146
2023-02-27,380.303070
2023-02-28,378.897491
2023-03-01,377.444000
2023-03-02,380.379578
2023-03-03,386.479980
2023-03-06,386.747742
2023-03-07,380.819366
2023-03-08,381.440918
2023-03-09,374.403381
2023-03-10,369.000854
2023-03-13,368.474976
2023-03-14,374.565979
2023-03-15,372.223297
2023-03-16,378.753998
2023-03-17,374.325317
2023-03-20,377.924774
2023-03-21,382.887024
2023-03-22,376.360199
2023-03-23,377.377686
2023-03-24,379.853973
2023-03-27,380.564209
2023-03-28,379.710022
2023-03-29,385.229034
2023-03-30,387.484650
2023-03-31,392.946136
2023-04-03,394.443481
2023-04-04,392.255035
2023-04-05,391.227997
2023-04-06,392.754211
2023-04-10,393.157227
2023-04-11,393.262848
2023-04-12,391.659912
2023-04-13,396.862274
2023-04-14,395.892822
2023-04-17,397.313416
2023-04-18,397.572479
2023-04-19,397.505341
2023-04-20,395.336090
2023-04-21,395.643250
2023-04-24,396.056030
2023-04-25,389.769073
2023-04-26,388.118103
2023-04-27,395.844788
2023-04-28,399.223450
2023-05-01,398.820343
2023-05-02,394.337921
2023-05-03,391.631165
2023-05-04,388.857239
2023-05-05,396.056030
2023-05-08,396.161560
2023-05-09,394.424286
2023-05-10,396.267120
2023-05-11,395.576080
2023-05-12,395.057739
2023-05-15,396.420746
2023-05-16,393.771576
2023-05-17,398.551514
2023-05-18,402.390900
2023-05-19,401.805359
2023-05-22,401.968567
2023-05-23,397.457336
2023-05-24,394.577850
2023-05-25,397.994812
2023-05-26,403.149139
2023-05-30,403.302643
2023-05-31,401.066284
2023-06-01,404.876801
2023-06-02,410.731842
2023-06-05,409.944855
2023-06-06,410.837402
2023-06-07,409.416840
2023-06-08,411.893250
2023-06-09,412.632263
2023-06-12,416.375641
2023-06-13,419.120789
2023-06-14,419.619904
2023-06-15,424.822174
2023-06-16,423.375122
2023-06-20,421.178589
2023-06-21,419.020569
2023-06-22,420.533081
2023-06-23,417.353912
2023-06-26,415.648651
2023-06-27,420.205597
2023-06-28,420.417542
2023-06-29,422.074524
2023-06-30,427.055328
2023-07-03,427.546661
2023-07-05,426.910797
2023-07-06,423.567810
2023-07-07,422.498444
2023-07-10,423.567810
2023-07-11,426.265320
2023-07-12,429.695038
2023-07-13,433.105499
2023-07-14,432.835693
2023-07-17,434.338623
2023-07-18,437.566040
2023-07-19,438.539124
2023-07-20,435.629547
2023-07-21,435.629547
2023-07-24,437.575653
2023-07-25,438.770264
2023-07-26,438.837677
2023-07-27,435.928284
2023-07-28,440.196167
2023-07-31,441.034210
2023-08-01,439.772217
2023-08-02,433.654663
2023-08-03,432.411835
2023-08-04,430.456177
2023-08-07,434.213348
2023-08-08,432.325195
2023-08-09,429.434875
2023-08-10,429.589050
2023-08-11,429.338562
2023-08-14,431.708557
2023-08-15,426.679657
2023-08-16,423.548584
2023-08-17,420.321167
2023-08-18,420.523438
2023-08-21,423.259521
2023-08-22,422.113068
2023-08-23,426.814484
2023-08-24,420.899261
2023-08-25,423.866455
2023-08-28,426.554352
2023-08-29,432.720093
2023-08-30,434.502411
2023-08-31,433.866608
2023-09-01,434.675812
2023-09-05,432.797119
2023-09-06,429.887726
2023-09-07,428.567902
2023-09-08,429.213348
2023-09-11,432.036102
2023-09-12,429.666138
2023-09-13,430.167114
2023-09-14,433.876221
2023-09-15,428.648743
2023-09-18,428.900116
2023-09-19,428.010590
2023-09-20,424.075775
2023-09-21,417.066498
2023-09-22,416.128693
2023-09-25,417.878601
2023-09-26,411.739349
2023-09-27,411.903748
2023-09-28,414.291779
2023-09-29,413.286346
2023-10-02,413.121979
2023-10-03,407.591888
2023-10-04,410.559906
2023-10-05,410.405243
2023-10-06,415.277924
2023-10-09,417.936676
2023-10-10,420.111908
2023-10-11,421.832794
2023-10-12,419.261139
2023-10-13,417.172821
2023-10-16,421.562073
2023-10-17,421.542755
2023-10-18,415.925659
2023-10-19,412.271149
2023-10-20,407.205170
2023-10-23,406.499390
2023-10-24,409.564148
2023-10-25,403.686005
2023-10-26,398.852051
2023-10-27,397.044098
2023-10-30,401.791107
2023-10-31,404.314453
2023-11-01,408.626373
2023-11-02,416.457428
2023-11-03,420.256958
2023-11-06,421.223694
2023-11-07,422.422577
2023-11-08,422.731934
2023-11-09,419.435120
2023-11-10,425.980316
2023-11-13,425.574249
2023-11-14,433.830688
2023-11-15,434.749115
2023-11-16,435.280914
2023-11-17,435.822327
2023-11-20,439.177155
2023-11-21,438.220001
2023-11-22,439.911957
2023-11-24,440.182587
2023-11-27,439.389832
2023-11-28,439.824890
2023-11-29,439.515503
2023-11-30,441.246094
2023-12-01,443.856415
2023-12-04,441.526428
2023-12-05,441.439484
2023-12-06,439.660583
2023-12-07,443.015350
2023-12-08,444.919922
2023-12-11,446.650482
2023-12-12,448.690399
2023-12-13,454.877869
2023-12-14,456.337708
2023-12-15,455.586395
2023-12-18,458.149139
2023-12-19,460.935089
2023-12-20,454.547791
2023-12-21,458.857788
2023-12-22,459.779938
2023-12-26,461.721344
2023-12-27,462.556152
2023-12-28,462.730927
2023-12-29,461.391296
2024-01-02,458.809204
2024-01-03,455.062225
2024-01-04,453.596405
2024-01-05,454.217743
2024-01-08,460.702118
2024-01-09,460.003204
2024-01-10,462.604767
2024-01-11,462.400848
2024-01-12,462.721191
2024-01-16,461.022430
2024-01-17,458.459778
2024-01-18,462.536743
2024-01-19,468.302826
2024-01-22,469.292938
2024-01-23,470.661682
2024-01-24,471.176147
2024-01-25,473.738861
2024-01-26,473.137024
2024-01-29,476.883911
2024-01-30,476.515106
2024-01-31,468.739655
2024-02-01,474.874573
2024-02-02,479.873779
2024-02-05,478.126495
2024-02-06,479.514587
2024-02-07,483.513977
2024-02-08,483.727509
2024-02-09,486.523224
2024-02-12,486.309601
2024-02-13,479.611664
2024-02-14,483.970184
2024-02-15,487.309509
2024-02-16,484.882721
2024-02-20,482.213196
2024-02-21,482.649994
2024-02-22,492.638702
2024-02-23,492.978455
2024-02-26,491.172913
2024-02-27,492.085327
2024-02-28,491.435059
2024-02-29,493.201752
2024-03-01,497.832031
2024-03-04,497.298126
2024-03-05,492.328094
2024-03-06,494.822815
2024-03-07,499.734650
2024-03-08,496.735107
2024-03-11,496.307983
2024-03-12,501.646912
2024-03-13,500.860596
2024-03-14,499.870483
2024-03-15,496.438110
2024-03-18,499.388519
2024-03-19,502.163666
2024-03-20,506.808380
2024-03-21,508.483215
2024-03-22,507.519257
2024-03-25,506.117004
2024-03-26,505.182312
2024-03-27,509.427704
2024-03-28,509.330322
2024-04-01,508.444214
2024-04-02,505.211517
2024-04-03,505.766418
2024-04-04,499.593048
2024-04-05,504.812256
2024-04-08,505.094635
2024-04-09,505.678864
2024-04-10,500.615417
2024-04-11,504.393555
2024-04-12,497.431335
2024-04-15,491.199463
2024-04-16,490.303650
2024-04-17,487.401886
2024-04-18,486.398956
2024-04-19,482.153473
2024-04-22,486.593719
2024-04-23,492.367950
2024-04-24,492.134247
2024-04-25,490.264679
2024-04-26,494.909363
2024-04-29,496.662048
2024-04-30,488.794373
2024-05-01,487.207184
2024-05-02,491.764221
2024-05-03,497.859802
2024-05-06,503.001099
2024-05-07,503.556183
2024-05-08,503.604828
2024-05-09,506.506470
2024-05-10,507.158875
2024-05-13,507.227051
2024-05-14,509.554321
2024-05-15,515.864136
2024-05-16,514.802856
2024-05-17,515.542725
2024-05-20,516.136658
2024-05-21,517.402527
2024-05-22,515.912842
2024-05-23,512.144470
2024-05-24,515.533020
2024-05-28,515.893372
2024-05-29,512.280823
2024-05-30,508.882477
2024-05-31,513.517273
2024-06-03,513.936096
2024-06-04,514.510559
2024-06-05,520.625671
2024-06-06,520.615906
2024-06-07,519.982971
2024-06-10,521.589600
2024-06-11,522.845764
2024-06-12,527.139893
2024-06-13,528.201294
2024-06-14,528.522705
2024-06-17,532.729187
2024-06-18,534.082581
2024-06-20,532.631836
2024-06-21,531.917664
2024-06-24,530.188599
2024-06-25,532.230286
2024-06-26,532.894592
2024-06-27,533.734619
2024-06-28,531.634338
2024-07-01,532.728577
2024-07-02,536.313660
2024-07-03,538.707031
2024-07-05,541.813477
2024-07-08,542.438660
2024-07-09,542.966187
2024-07-10,548.338928
2024-07-11,543.610901
2024-07-12,547.039734
2024-07-15,548.544067
2024-07-16,551.797058
2024-07-17,544.060181
2024-07-18,539.879272
2024-07-19,536.294128
2024-07-22,541.823181
2024-07-23,540.973328
2024-07-24,528.713501
2024-07-25,525.958740
2024-07-26,531.849365
2024-07-29,532.161926
2024-07-30,529.465698
2024-07-31,538.072021
2024-08-01,530.452393
2024-08-02,520.576172
2024-08-05,505.415070
2024-08-06,510.074799
2024-08-07,506.665466
2024-08-08,518.378235
2024-08-09,520.664062
2024-08-12,520.937622
2024-08-13,529.504761
2024-08-14,531.175293
2024-08-15,540.279663
2024-08-16,541.491089
2024-08-19,546.668396
2024-08-20,545.779480
2024-08-21,547.655212
2024-08-22,543.356812
2024-08-23,549.130249
2024-08-26,547.821045
2024-08-27,548.573425
2024-08-28,545.388672
2024-08-29,545.437561
2024-08-30,550.644409
2024-09-03,539.312622
2024-09-04,538.208862
2024-09-05,536.899719
2024-09-06,527.863647
2024-09-09,533.773621
2024-09-10,536.098755
2024-09-11,541.598633
2024-09-12,546.160583
2024-09-13,549.013062
2024-09-16,549.823730
2024-09-17,550.048462
2024-09-18,548.417053
2024-09-19,557.775574
2024-09-20,556.811340
2024-09-23,558.202820
2024-09-24,559.799927
2024-09-25,558.565369
2024-09-26,560.779785
2024-09-27,559.966492
2024-09-30,562.210449
2024-10-01,557.173950
2024-10-02,557.409119
2024-10-03,556.389954
2024-10-04,561.446167
2024-10-07,556.370361
2024-10-08,561.632385
2024-10-09,565.522400
2024-10-10,564.532715
2024-10-11,567.913208
2024-10-14,572.557922
2024-10-15,568.109253
2024-10-16,570.578491
2024-10-17,570.627563
2024-10-18,572.822449
2024-10-21,571.881714
2024-10-22,571.577942
2024-10-23,566.355286
2024-10-24,567.580200
2024-10-25,567.384155
2024-10-28,569.138123
2024-10-29,570.059204
2024-10-30,568.334595
2024-10-31,557.193604
2024-11-01,559.545166
2024-11-04,558.339905
2024-11-05,565.091370
2024-11-06,579.142639
2024-11-07,583.620544
2024-11-08,586.148682
2024-11-11,586.707214
2024-11-12,584.884644
2024-11-13,585.168762
2024-11-14,581.406067
2024-11-15,573.959106
2024-11-18,576.310730
2024-11-19,578.417542
2024-11-20,578.613525
2024-11-21,581.719604
2024-11-22,583.522644
2024-11-25,585.502075
2024-11-26,588.559143
2024-11-27,586.775818
2024-11-29,590.420898
2024-12-02,591.479248
2024-12-03,591.753479
2024-12-04,595.427979
2024-12-05,594.448120
2024-12-06,595.575012
2024-12-09,592.508057
2024-12-10,590.665833
2024-12-11,595.232117
2024-12-12,592.165039
2024-12-13,592.047424
2024-12-16,594.575562
2024-12-17,592.125793
2024-12-18,574.478394
2024-12-19,574.302002
2024-12-20,581.199951
2024-12-23,584.680420
2024-12-24,591.179077
2024-12-26,591.218445
2024-12-27,584.994995
2024-12-30,578.319275
2024-12-31,576.215332
2025-01-02,574.799500
2025-01-03,581.986511
2025-01-06,585.339050
2025-01-07,578.722351
2025-01-08,579.567810
2025-01-10,570.719360
2025-01-13,571.604248
2025-01-14,572.390686
2025-01-15,582.802490
2025-01-16,581.681763
2025-01-17,587.521729
2025-01-21,592.899658
2025-01-22,596.232666
2025-01-23,599.486877
2025-01-24,597.736816
2025-01-27,589.281494
2025-01-28,594.344849
2025-01-29,591.680542
2025-01-30,594.856140
2025-01-31,591.690247
2025-02-03,587.708557
2025-02-04,591.651001
2025-02-05,594.049927
2025-02-06,596.114624
2025-02-07,590.658020
2025-02-10,594.669312
2025-02-11,595.121582
2025-02-12,593.204407
2025-02-13,599.467224
2025-02-14,599.437683
2025-02-18,601.197571
2025-02-19,602.613342
2025-02-20,600.106323
2025-02-21,589.841980
2025-02-24,587.157959
2025-02-25,584.237915
2025-02-26,584.532837
2025-02-27,575.202576
2025-02-28,584.178894
2025-03-03,573.944153
2025-03-04,567.150452
2025-03-05,573.246094
2025-03-06,563.070374
2025-03-07,566.226257
2025-03-10,551.144470
2025-03-11,546.562866
2025-03-12,549.463257
2025-03-13,542.138672
2025-03-14,553.336914
2025-03-17,557.604004
2025-03-18,551.577087
2025-03-19,557.584290
2025-03-20,555.971863
2025-03-21,556.155273
2025-03-24,566.115234
2025-03-25,567.476074
2025-03-26,560.701355
2025-03-27,559.212280
2025-03-28,547.950623
2025-03-31,551.628906
2025-04-01,553.187012
2025-04-02,556.687805
2025-04-03,529.253723
2025-04-04,498.269684
2025-04-07,497.382172
2025-04-08,489.591797
2025-04-09,541.008362
2025-04-10,517.301941
2025-04-11,526.532104
2025-04-14,531.640259
2025-04-15,530.151123
2025-04-16,518.366882
2025-04-17,519.106445
2025-04-21,506.750336
2025-04-22,519.934814
2025-04-23,527.991516
2025-04-24,539.105164
2025-04-25,543.000427
2025-04-28,543.207520
2025-04-29,546.629272
2025-04-30,546.846191
2025-05-01,550.721680
2025-05-02,558.896667
2025-05-05,555.691772
2025-05-06,551.047119
2025-05-07,553.364502
2025-05-08,557.220276
2025-05-09,556.510315
2025-05-12,574.901489
2025-05-13,578.698181
2025-05-14,579.437744
2025-05-15,582.267944
2025-05-16,585.955994
2025-05-19,586.596924
2025-05-20,584.624695
2025-05-21,574.773254
2025-05-22,575.000183
2025-05-23,571.075317
2025-05-27,582.948364
2025-05-28,579.575745
2025-05-29,581.863586
2025-05-30,581.212708
2025-06-02,584.486633
2025-06-03,587.819763
2025-06-04,587.661926
2025-06-05,584.821899
2025-06-06,590.827454
2025-06-09,591.359863
2025-06-10,594.712830
2025-06-11,593.016602
2025-06-12,595.373474
2025-06-13,588.717102
2025-06-16,594.318359
2025-06-17,589.239807
2025-06-18,589.151001
2025-06-20,587.767395
2025-06-23,593.572998
2025-06-24,600.130371
2025-06-25,600.466675
2025-06-26,605.164612
2025-06-27,608.171265
2025-06-30,611.079041
2025-07-01,610.881287
2025-07-02,613.650635
2025-07-03,618.487000
2025-07-07,613.878052
2025-07-08,613.541809
2025-07-09,617.221008
2025-07-10,618.961792
2025-07-11,616.785828
2025-07-14,617.962769
2025-07-15,615.322083
2025-07-16,617.379272
2025-07-17,621.157410
2025-07-18,620.702454
2025-07-21,621.879395
2025-07-22,621.968445
2025-07-23,627.259766
2025-07-24,627.467468
2025-07-25,630.118103
2025-07-28,629.959900
2025-07-29,628.298279
2025-07-30,627.507019
2025-07-31,625.153076
2025-08-01,614.906555
2025-08-04,624.253052
2025-08-05,621.088135
2025-08-06,625.845520
2025-08-07,625.321289
2025-08-08,630.197205
2025-08-11,628.950989
2025-08-12,635.646790
2025-08-13,637.822754
2025-08-14,637.882080
2025-08-15,636.388672
2025-08-18,636.250183
2025-08-19,632.798401
2025-08-20,631.117065
2025-08-21,628.585083
2025-08-22,638.238098
2025-08-25,635.429260
2025-08-26,638.089722
2025-08-27,639.543701
2025-08-28,641.808594
2025-08-29,637.980957
2025-09-02,633.253357
2025-09-03,636.685303
2025-09-04,642.006409
2025-09-05,640.146912
2025-09-08,641.719604
2025-09-09,643.203186
2025-09-10,645.062500
2025-09-11,650.423096
2025-09-12,650.205566
2025-09-15,653.667114
2025-09-16,652.767090
2025-09-17,651.956116
2025-09-18,655.002380
2025-09-19,658.246521
2025-09-22,661.360718
2025-09-23,657.760559
2025-09-24,655.667847
2025-09-25,652.642944
2025-09-26,656.381897
2025-09-29,658.226685
2025-09-30,660.706055
2025-10-01,662.957458
2025-10-02,663.721069
2025-10-03,663.711304
2025-10-06,666.091492
2025-10-07,663.622009
2025-10-08,667.579163
2025-10-09,665.645203
2025-10-10,647.654236
2025-10-13,657.591919
2025-10-14,656.788574
2025-10-15,659.704407
2025-10-16,655.211670
2025-10-17,658.930847
2025-10-20,665.784058
2025-10-21,665.774109
2025-10-22,662.312744
2025-10-23,666.240295
2025-10-24,671.685181
2025-10-27,679.609497
2025-10-28,681.414551
2025-10-29,681.741821
2025-10-30,674.244019
2025-10-31,676.455688
2025-11-03,677.725159
2025-11-04,669.691650
2025-11-05,672.012451
2025-11-06,664.802246
2025-11-07,665.456726
2025-11-10,675.840698
2025-11-11,677.387939
2025-11-12,677.764771
2025-11-13,666.518005
2025-11-14,666.408813
2025-11-17,660.200317
2025-11-18,654.656250
2025-11-19,657.185303
2025-11-20,647.168335
2025-11-21,653.614868
2025-11-24,663.235168
2025-11-25,669.473511
2025-11-26,674.095215
2025-11-28,677.774719
2025-12-01,674.680359
2025-12-02,675.929993
2025-12-03,678.270630
2025-12-04,678.766541
2025-12-05,680.055786
2025-12-08,678.012756
2025-12-09,677.427612
2025-12-10,681.920349
2025-12-11,683.507202
2025-12-12,676.158142
2025-12-15,675.136597
2025-12-16,673.291870
2025-12-17,665.883240
2025-12-18,670.911499
2025-12-19,676.992310
2025-12-22,681.209839
2025-12-23,684.323303
2025-12-24,686.730530
2025-12-26,686.660889
2025-12-29,684.213867
2025-12-30,683.378296
2025-12-31,678.315247
2026-01-02,679.558594
2026-01-05,684.084595
2026-01-06,688.152954
2026-01-07,685.934753
2026-01-08,685.865112
2026-01-09,690.401001
2026-01-12,691.485229
2026-01-13,690.102600
2026-01-14,686.710571
2026-01-15,688.580688
2026-01-16,688.003723
2026-01-20,673.998169
2026-01-21,681.776855
2026-01-22,685.337952
2026-01-23,685.586548
2026-01-26,689.068115
2026-01-27,691.813477
2026-01-28,691.743835
2026-01-29,690.371155
2026-01-30,688.312134
2026-02-02,691.733887
2026-02-03,685.885010
2026-02-04,682.562683
2026-02-05,674.037964
2026-02-06,686.969238
2026-02-09,690.281616
2026-02-10,688.461304
2026-02-11,688.302185
2026-02-12,677.668701
2026-02-13,678.146118
2026-02-17,679.240295
2026-02-18,682.662109
2026-02-19,680.861694
2026-02-20,685.785583
2026-02-23,678.782776
2026-02-24,683.716492
2026-02-25,689.485901
2026-02-26,685.656189
2026-02-27,682.363708
2026-03-02,682.751648
2026-03-03,676.733704
2026-03-04,681.508301
2026-03-05,677.708435
2026-03-06,668.825623
2026-03-09,674.684509
2026-03-10,673.600281
2026-03-11,672.754822
2026-03-12,662.539062
2026-03-13,658.789001
2026-03-16,665.493408
2026-03-17,667.244019
2026-03-18,657.933533
2026-03-19,656.312134
2026-03-20,646.903442
2026-03-23,653.695923
2026-03-24,651.501587
2026-03-25,655.132202
2026-03-26,643.432373
2026-03-27,632.460632
2026-03-30,630.346069
2026-03-31,648.668884
2026-04-01,653.556274
2026-04-02,654.144775
2026-04-06,657.236816
2026-04-07,657.526001
2026-04-08,674.272949
2026-04-09,678.162842
2026-04-10,677.714050
2026-04-13,684.336975
2026-04-14,692.675537
2026-04-15,698.141418
2026-04-16,699.856995
2026-04-17,708.315247
2026-04-20,706.898804
2026-04-21,702.270813
2026-04-22,709.382507
2026-04-23,706.629578
2026-04-24,712.105469
2026-04-27,713.332275
2026-04-28,709.861206
2026-04-29,709.751526
2026-04-30,716.813293
2026-05-01,718.798218
2026-05-04,716.164978
2026-05-05,721.910217
2026-05-06,731.944336
2026-05-07,729.700134
2026-05-08,735.724609
2026-05-11,737.400269
2026-05-12,736.283142
2026-05-13,740.402527
2026-05-14,746.247498
2026-05-15,737.270630
2026-05-18,736.751953
2026-05-19,731.844604
2026-05-20,739.345276
2026-05-21,740.811462
2026-05-22,743.723999
2026-05-26,748.661316
2026-05-27,748.531616
2026-05-28,752.660950
2026-05-29,754.536133
2026-06-01,756.590820
2026-06-02,757.618225
2026-06-03,752.301880
2026-06-04,755.144592
2026-06-05,735.654785
2026-06-08,737.320435
2026-06-09,735.156067
2026-06-10,723.565918
2026-06-11,735.864258
2026-06-12,739.843994
2026-06-15,752.890381
2026-06-16,748.401978
2026-06-17,739.056030
2026-06-18,746.739990
2026-06-22,744.390015
2026-06-23,733.580017
2026-06-24,733.239990
2026-06-25,734.299988
2026-06-26,728.989990
2026-06-29,741.000000
2026-06-30,746.770020
2026-07-01,745.760010
2026-07-02,744.780029
2026-07-06,751.280029
2026-07-07,747.710022
2026-07-08,745.400024
2026-07-09,751.710022
2026-07-10,754.950012
2026-07-13,749.169983
2026-07-14,751.830017
2026-07-15,754.809998
2026-07-16,750.719971
2026-07-17,743.289978
2026-07-20,742.090027
2026-07-21,748.280029
2026-07-22,747.409973
2026-07-23,738.179993
2026-07-24,738.929993
2026-07-27,739.090027
2026-07-28,740.859985
2026-07-29,729.460022
2026-07-30,741.690002
2026-07-31,747.030029
